0.000000 23.988989 26.209029 13.784481 57.230351 108.390592 117.967764 36.462267 52.914037 80.153408 100.035298 69.856069 63.344371 56.480434 49.215900 64.409790 53.314058 34.613758 63.457528 59.545207 66.720797 25.812381 11.738985 52.472634 74.868168 80.151752 99.390813 107.647373 109.075448 116.119317 120.805117 115.507348 110.257738 103.638718 101.689704 51.627334 82.935224 96.018026 96.821315 114.940733 110.709851 126.502957 133.937712 132.901440 122.284650 118.849471 110.682099 48.163949 36.511386 47.328241 23.995844 27.239586 23.572206 35.693367 32.727995 50.870580 76.993179 84.810264 115.990191 125.430243 102.110160 115.051962 105.820586 99.113820 104.889084 47.750306 52.368741 73.605107 40.410863 47.112101 44.565008 118.172606 110.900069 90.744464 48.092392 45.916393 71.251941 46.419348 62.194621 56.770697 34.475519 48.203210 50.613697 45.090344 41.791313 32.619599 109.686816 122.850952 84.765317 46.038173 44.509057 49.575594 98.010093 83.003980 75.462003 48.008855 97.722706 33.829043 127.041377 106.796709 97.797029 54.344767 46.561660 41.125214 46.922316 111.595512 98.520041 107.312078 71.037024 64.390469 138.602760 53.600132 118.808169 89.693377 87.200000 131.702540 114.639235 97.815473 131.515187 111.684910 78.122953 104.681658 154.479099 153.903522 146.201893 80.074600 123.326990 113.736087 107.765375 106.618403 90.189751 88.732005 120.352748 100.216973 79.205981 67.199569 126.617125 111.963472 104.924810 110.033193 157.007285 147.254297 107.688131 98.676750 73.203938 124.297862 131.977590 101.776750 111.964372 70.519332 102.626068 89.205575 105.658064 123.867279 107.366765 98.901077 146.385278 115.954379 50.945365 34.162984 43.534697 27.750667 39.380576 40.988689 39.577885 14.463866 3.558576 31.274746 14.453663 40.368392 9.007148 53.104554 35.226803 62.132546 7.380322 0.627323 20.089509 42.247339 32.657398 59.167593 39.416775 40.339210 50.354615 34.130980 42.426696 58.371038 41.432054 46.993190 27.730537 33.922199 33.367971 39.877176 109.405497 64.770843 117.094841 103.145573 73.740688 71.850543 55.632120 97.019991 88.560318 100.481939 106.898368 112.296739 110.119579 110.058557
23.988989 0.000000 22.016576 16.704420 107.153673 125.800619 113.514610 62.701363 39.813910 63.416907 81.743041 39.376789 23.303172 28.879969 27.663999 21.650387 26.696801 66.450810 103.041449 105.312580 102.893218 43.485595 11.360349 62.117970 75.400918 72.387190 87.253669 91.347759 98.425336 106.580375 106.258946 103.113361 101.348385 96.843583 90.154878 68.303229 91.896090 98.585792 100.295696 105.505865 107.352401 118.559350 122.948989 121.308542 118.721966 111.177379 103.348703 68.285309 49.387661 65.531493 32.666579 34.898210 28.533908 38.818444 54.445278 83.335211 92.612584 95.507638 87.355929 95.909081 91.627714 91.142089 76.776296 87.664552 91.006256 63.968085 70.049850 53.540555 31.555141 43.441948 56.936288 91.302935 88.098177 86.606940 61.267404 60.591846 79.238863 63.320774 71.564808 23.298126 34.010020 76.863147 64.610141 60.196812 55.924089 33.596958 34.598352 84.964084 90.375099 62.935944 66.546466 57.661310 90.138051 89.467415 93.094557 61.484221 95.081009 50.934726 57.378139 78.884539 93.014678 64.304834 70.347217 33.162484 51.922595 88.021162 57.368726 95.270685 122.961913 112.244730 159.224730 107.810291 138.330592 140.940919 112.906384 158.415175 147.794535 117.641271 152.653132 133.838141 91.898034 130.608933 168.323767 162.818239 151.021501 99.144339 143.454757 133.570347 125.687132 128.285273 114.796757 99.219205 138.348692 115.491598 90.023700 111.657287 149.997482 131.704095 121.794955 126.058453 168.487577 156.278812 122.025898 123.496860 103.167288 136.191701 145.437281 113.614323 122.247913 100.779284 116.802213 122.780122 120.864752 127.474963 135.407416 138.747643 161.881090 133.752219 11.404139 9.686327 11.725445 26.176364 19.806473 19.024266 25.506760 6.756842 6.782277 59.943668 41.971994 83.893452 28.852848 93.028417 77.547566 94.977099 4.606330 2.514952 48.532804 50.106505 53.880008 20.615920 45.841600 49.113337 28.310465 37.503238 53.418045 30.742083 51.947270 45.177407 32.045765 43.588982 49.561362 79.146580 113.023585 106.954149 125.830379 116.455880 104.586602 98.348525 62.429004 116.233783 108.500605 120.170105 132.936367 120.279841 116.814155 116.590958
26.209029 22.016576 0.000000 14.845570 118.131458 117.738614 99.364105 55.958158 36.165321 58.197507 73.254342 43.333373 43.204293 47.860049 50.181226 54.581013 40.187421 51.352358 75.531086 82.028302 86.624182 30.246376 12.702682 63.232117 72.448715 70.773430 87.568469 87.390787 95.378484 104.278839 103.119336 98.709113 96.747135 90.267209 84.371824 68.455345 88.542330 93.492015 97.948517 95.697141 98.382465 108.244822 111.654722 109.526741 108.171485 100.883656 93.106318 67.913914 42.481046 54.041695 23.901929 22.850548 23.847385 26.999505 59.623917 78.535862 77.335711 85.189925 94.898977 101.413525 84.251884 101.334005 84.873422 85.361132 92.387764 69.382977 76.022191 75.185841 41.583264 57.289749 62.016736 110.767616 102.050977 93.859001 66.783198 67.207026 87.082234 69.518174 77.636691 70.254111 53.010939 81.276995 73.095402 71.260106 64.437085 51.257474 71.651585 114.512500 97.203553 73.515039 70.986593 71.972002 94.196195 95.860381 92.505226 70.300978 100.121746 73.057284 102.047408 108.585553 101.443461 73.781411 77.359723 55.819935 66.862357 93.884720 67.462306 103.764405 83.195434 85.252818 153.285782 71.259477 125.920281 111.434227 108.937073 159.228111 151.853867 131.091161 139.168710 112.880814 88.184410 128.678569 158.798364 158.881432 158.685224 88.543802 148.454627 142.687923 99.243459 132.297718 117.204962 110.997860 115.560206 120.910326 98.919073 95.003918 114.778246 117.819242 123.792243 127.062124 150.491797 158.950381 125.829808 135.083052 103.885593 137.469021 127.659805 122.790961 124.577571 113.658222 127.905363 85.497283 105.904303 125.627138 100.735745 82.701536 146.005790 97.797102 20.774212 13.698478 15.893797 25.793683 24.456100 25.541244 26.603213 6.069992 6.629057 27.167059 24.861960 72.865688 25.256300 87.720865 72.793253 86.015247 0.960295 3.222336 31.428295 45.266136 43.002051 44.769115 38.125073 39.699940 48.386564 31.691035 53.502773 59.592267 55.657061 54.802416 24.254151 41.432032 55.484366 69.998665 100.243412 84.130113 108.742040 99.863165 90.743252 84.801377 58.773154 102.057824 92.477675 107.997261 126.872444 101.863546 100.881186 108.933472
13.784481 16.704420 14.845570 0.000000 46.511888 69.961298 60.066028 19.165137 39.498899 70.308907 90.015538 35.551489 47.408224 47.548669 56.887009 42.760671 28.333975 7.014830 17.803029 12.121318 14.206305 7.980715 4.810435 15.290682 31.896584 28.565056 32.712383 46.555787 53.541249 63.462622 65.476429 44.912570 33.580003 52.720772 56.537512 10.715019 18.359631 19.764256 12.982558 39.613998 32.689028 55.221320 57.132455 35.279855 19.200283 43.074328 31.451682 6.470743 15.047218 14.112075 11.445591 11.993218 9.206062 17.047928 4.212644 5.362497 18.582049 9.856912 59.163852 68.175850 49.249996 88.007982 51.028067 61.457323 46.274451 54.355284 91.011233 49.455929 43.307680 14.470359 28.971475 78.383782 57.499095 85.171997 16.488997 13.926961 72.623235 57.690142 28.806454 39.963809 45.201218 89.578964 67.831069 43.202868 52.247456 18.344596 43.230669 55.011991 35.741239 58.075114 38.637680 61.897404 82.405161 79.597221 93.580667 25.335064 109.096589 20.950189 54.064886 46.932665 73.680720 81.862475 34.853211 36.898685 61.772599 106.233342 46.319331 14.936314 12.806238 13.614026 21.011353 12.632501 43.963235 18.318939 7.202075 15.137334 11.175938 60.958209 30.488848 8.971923 4.591299 8.880983 18.995140 16.059709 58.558960 6.430838 57.672174 27.500783 10.401279 50.060204 73.001210 66.904236 13.001245 48.110966 70.576337 51.606274 18.596266 13.958034 36.533233 30.442395 21.529923 23.355446 19.108302 93.140767 84.252937 82.175608 16.532773 34.047190 88.391831 61.124117 82.501962 40.566423 22.384967 67.623106 13.269350 8.633303 26.543996 8.129960 23.859421 20.304121 19.825238 11.752492 16.634762 16.742089 13.287982 12.356472 0.603545 9.822788 6.734729 8.567514 0.910848 7.878578 5.321743 8.704699 3.809393 0.337268 19.263462 31.313173 34.984046 44.471029 32.534262 32.765605 23.794457 17.034253 43.781430 51.236897 50.175235 50.841253 17.872656 37.541243 51.045021 8.851702 32.169214 12.795870 31.585144 14.252704 31.971223 9.732589 1.478712 18.289091 15.137538 9.890437 46.663945 36.561107 60.313388 47.272673
57.230351 107.153673 118.131458 46.511888 0.000000 24.245004 24.461095 14.752455 51.051120 78.604486 97.986051 54.561649 69.351426 59.042190 76.456197 28.138285 13.706131 60.445190 69.943116 59.905007 50.732513 59.704109 54.705328 51.868117 96.383940 100.689734 113.512571 119.789265 122.960132 132.674079 135.238997 131.267047 126.038893 121.684996 114.433457 58.837064 77.324012 81.556906 91.153208 105.944767 104.635383 115.423189 121.465385 119.978088 116.436139 107.726491 100.992349 33.320913 63.204244 54.207258 45.644657 76.726058 80.287991 100.076359 30.537622 34.778106 26.557361 32.740809 57.913356 90.222154 42.408281 153.969741 46.201729 78.752402 95.627792 125.974953 94.873127 128.745872 120.286331 70.411540 91.912508 154.977593 127.554536 149.068833 61.388927 64.863836 129.303238 108.280721 91.964176 118.226119 97.139294 104.078329 92.822090 90.226061 76.098723 65.599191 106.285838 144.364022 119.810813 95.628222 98.921945 93.827769 136.780409 131.714376 93.510642 95.684125 128.233938 69.184346 127.480171 125.216169 152.867077 94.266839 99.839086 98.908039 97.223127 136.965418 78.293272 81.678925 119.406289 119.893731 114.437372 97.499588 107.422423 119.176627 41.237255 52.666065 62.460778 51.488041 56.023812 41.406505 52.033562 46.222154 120.537399 111.739764 94.607829 50.311277 72.575118 44.723170 63.906816 35.303787 37.567952 42.156083 87.206406 46.040458 36.891083 34.625929 117.395523 81.376000 45.870714 45.054699 123.777018 102.957165 46.929445 46.918563 65.773506 86.447097 103.590537 46.265511 88.323027 33.686150 52.668949 35.934767 46.324083 104.194360 119.841740 111.489675 109.888143 102.168618 25.347417 14.807974 39.327432 29.929088 53.491315 39.663945 70.417180 3.006654 1.822022 46.471794 31.702230 44.775268 22.714977 39.666477 42.912904 37.946981 16.366742 1.365628 56.952830 108.966785 78.943227 114.618289 110.165978 71.001889 68.052510 65.420884 107.286045 93.456267 113.610870 115.099873 113.569586 109.522690 106.586762 22.754810 35.970286 31.115157 53.091403 35.977906 38.199807 44.296356 28.745104 36.705046 54.004107 32.811819 43.714445 25.556848 29.783208 27.231513
108.390592 125.800619 117.738614 69.961298 24.245004 0.000000 19.773350 17.320798 46.500195 66.709964 88.220980 78.472044 101.686425 95.247653 111.279814 38.469509 14.622123 40.723955 21.127502 23.370466 29.133800 23.327677 24.120057 50.845199 94.558174 96.672982 107.575040 111.478143 115.446971 125.359456 126.190438 122.584959 116.662870 116.413472 106.574245 57.704133 71.801696 74.614889 78.863097 91.669362 93.522813 104.028861 108.247232 106.560065 104.724392 99.413579 93.663156 38.403048 65.006271 56.860288 44.126699 85.394632 84.803954 101.586705 37.983527 39.836173 28.201937 36.855131 106.324578 134.940762 97.975338 163.093552 102.001466 120.620662 138.222875 143.530228 119.965594 148.648702 141.581874 85.865401 111.854622 162.673255 144.309714 149.206387 79.019763 80.031580 146.391883 127.499949 115.916982 150.925582 117.532080 129.267810 109.771802 112.017769 93.275571 102.949841 140.569528 157.237243 141.334162 119.455788 116.627437 125.433235 138.186598 144.179124 116.648310 109.213375 132.748019 102.364318 156.747105 149.432617 156.323633 115.228558 114.654416 130.171976 128.204755 131.659806 106.604331 109.925112 79.560821 95.628660 91.304269 79.107860 75.532818 97.670937 70.817324 68.996446 72.127193 72.917556 51.282505 35.003893 48.519886 62.598152 95.237702 95.518253 90.082875 70.080952 83.564299 66.601285 72.910470 23.637544 65.447403 60.067592 91.558256 65.284884 53.340372 33.231376 43.025070 85.831898 62.254540 68.288996 87.183543 95.776948 77.968276 56.929109 86.947904 86.713356 95.127086 62.359516 88.199379 47.931842 65.557909 32.280106 53.029664 82.297897 57.981941 32.951404 77.070066 88.621288 66.403278 44.201251 70.183370 38.639741 76.067686 60.908894 91.169033 3.889418 1.636087 12.011003 9.332770 12.321037 16.417467 23.659028 18.591479 28.010275 7.682377 2.925253 74.091348 124.691765 109.924487 132.222039 120.771524 109.122257 95.931431 57.218296 128.381782 118.162057 131.608785 139.791701 128.475506 125.916821 126.187511 51.022487 53.454083 57.252231 22.626222 50.511119 52.469126 30.742864 34.763757 55.658407 31.318162 52.528722 45.410518 34.302738 47.607784 49.309369
117.967764 113.514610 99.364105 60.066028 24.461095 19.773350 0.000000 15.640288 36.826995 58.293029 74.429361 65.020711 83.199147 75.321393 90.024514 30.087975 14.610201 45.253411 44.852867 45.598588 51.570411 53.817105 36.094576 67.160842 95.685763 93.947039 101.127913 97.488925 104.004797 114.958606 112.797402 109.891389 108.554515 104.161499 94.830113 61.250929 71.836813 72.350634 84.272346 89.027500 93.352092 100.937382 103.987773 101.613555 100.040225 91.852951 85.838198 27.815268 70.294770 45.203584 47.254759 82.422433 72.535046 94.617692 33.106484 23.196979 21.536050 22.092321 76.838409 116.217312 78.598652 160.375211 71.912164 94.002092 119.592675 148.010980 126.593873 137.259914 129.851123 75.840718 113.318354 156.163806 135.325884 152.288921 73.492395 68.421130 146.828367 133.021694 103.525217 142.600469 117.950174 124.813227 114.734338 113.022019 97.830572 89.092079 113.210246 140.662225 122.603905 121.270850 113.087146 130.905610 129.861228 140.190299 109.453549 107.674253 132.137103 114.618862 128.363256 128.053103 154.009803 120.929964 107.258641 100.653283 125.475076 123.827170 84.240015 79.898457 92.734025 93.901500 98.619707 79.313119 81.678754 95.808046 71.785946 71.522903 74.766563 75.148983 68.255062 51.343621 61.318516 64.790572 111.955024 103.360125 93.576028 72.538985 86.639857 70.385118 78.121079 57.531956 66.555194 67.331804 97.292036 73.451780 59.960689 53.725589 94.648852 90.282851 71.738192 71.503790 118.166643 100.251749 81.759821 70.106819 84.717772 89.245498 100.481577 69.250069 90.228130 64.993720 72.623273 56.579596 66.470684 83.070152 92.078295 99.316642 103.791847 96.325840 41.019922 33.087171 66.754680 51.042464 75.920973 70.167809 88.672358 1.529663 3.914955 22.325129 12.724789 15.067514 11.304222 21.437970 20.209928 27.414749 9.039675 3.960601 65.615488 106.529185 85.698645 112.429007 102.921319 84.553967 78.482376 65.725011 111.531507 106.876911 125.436753 131.570573 104.560365 104.115296 114.145527 29.373148 46.659220 45.191746 40.039003 36.548678 36.776559 42.035895 25.149420 54.790558 55.860937 54.839974 56.557285 23.442580 40.924974 55.669600
36.462267 62.701363 55.958158 19.165137 14.752455 17.320798 15.640288 0.000000 36.426829 72.980994 91.556213 7.027511 15.157875 11.836647 15.338567 7.924578 4.931703 27.301066 40.389351 44.132667 52.475659 40.973503 28.847683 9.902437 26.240304 26.701194 34.489592 61.528882 57.955748 62.373668 76.292444 53.394256 30.355503 52.579245 51.074240 27.985365 42.653841 37.607930 30.969676 58.292257 57.977284 77.469260 80.571292 60.133851 40.411968 65.443792 59.505280 16.620978 12.986622 17.905203 7.430546 11.649707 21.610309 17.323395 11.121588 13.294715 9.957439 17.436868 10.565913 16.807143 13.712894 29.346037 12.379867 20.648849 21.407879 13.516345 54.967819 18.417601 16.400121 4.437838 5.830842 22.517870 9.880335 42.082818 3.666613 4.506777 24.734025 25.685523 11.085751 38.557084 24.478137 46.015675 40.329699 44.762756 67.617552 49.087229 23.112248 18.770532 13.160347 44.416120 11.091938 96.549200 39.049064 41.136695 75.511565 14.529012 79.909110 57.881113 17.991815 17.366271 23.475084 85.523143 13.155126 34.245422 56.845844 57.031814 11.136737 3.870817 47.400871 50.492156 72.381564 38.119975 60.686560 53.434902 23.253405 64.022238 54.062312 97.857507 50.441066 30.951526 19.883796 35.817100 72.144878 64.768746 80.000590 21.986375 70.145957 72.491346 32.050521 46.405427 71.484319 77.284337 28.211991 48.265009 45.753506 16.728163 40.311481 32.523751 42.770697 48.917190 62.599246 54.673912 49.009269 59.595419 85.806084 66.560832 35.736980 50.324196 83.038941 20.331328 77.064736 43.190063 50.664551 78.631410 44.843586 40.423081 55.242477 23.888949 10.670173 8.727594 10.770488 4.400917 10.993222 6.862226 11.050638 1.702362 0.087072 25.083075 20.810854 20.087781 8.002875 18.810484 18.794462 15.895094 13.314044 0.545312 8.273573 31.390912 13.359668 39.290365 6.819718 30.485158 8.837323 3.408793 12.075917 16.445223 14.109176 44.216082 34.478495 58.770430 51.653836 17.864399 35.673071 31.167928 47.223216 30.625874 30.313243 30.026073 16.075310 38.372582 49.232811 40.656902 51.748107 17.692194 41.058208 55.717783
52.914037 39.813910 36.165321 39.498899 51.051120 46.500195 36.826995 36.426829 0.000000 33.078605 61.799220 24.647097 37.632707 35.580311 32.371772 42.848166 30.159874 17.268114 35.383164 35.515754 30.561351 29.706225 25.209745 44.908486 53.092189 53.528648 75.456819 77.220365 82.110625 88.869687 89.372686 84.492862 81.671289 72.391855 67.889635 42.803284 50.789431 55.368738 66.670152 76.913651 76.813884 86.523427 90.592350 88.814142 85.723133 74.563275 67.736697 19.655569 19.831587 25.434225 27.133121 33.985795 35.652770 28.982892 23.029667 33.051058 35.699228 29.303022 89.602491 101.789825 88.720459 102.476176 83.573095 89.383483 97.226683 90.979125 98.139789 90.692356 56.955567 72.985748 86.566718 109.379018 100.036205 104.815499 78.284554 75.762999 104.047705 97.235621 84.599606 73.180037 89.350594 102.100190 105.790971 107.037567 106.867637 61.924639 85.835787 127.879816 107.577022 114.093773 104.044023 110.458477 107.143064 110.429950 96.161746 107.026742 112.405204 102.092074 113.627222 109.954014 108.162672 111.772408 114.803491 80.327808 100.740413 98.236878 44.625496 92.214523 85.902368 88.026938 102.892739 76.673840 85.284157 97.838460 97.233191 97.937564 97.618279 100.648346 97.509219 78.116096 78.979914 92.071455 116.575406 112.123121 111.261492 87.373048 108.103728 100.532555 93.266338 85.158194 92.519660 100.405381 113.307183 111.815989 96.029373 62.514715 102.970570 105.876602 109.581611 105.012858 132.945778 115.607396 117.173905 108.580361 97.345909 110.744976 113.441748 104.056634 109.621443 100.589425 108.013424 79.189137 94.346281 97.670971 54.634251 103.928447 117.322065 105.693533 39.527010 29.343126 34.458711 30.956318 33.808914 33.105299 28.122742 4.268499 6.252712 33.066764 23.467603 35.646237 18.508707 34.576677 32.058335 24.090800 4.947900 3.730645 40.821005 33.639627 61.777316 24.716431 42.283607 39.265201 20.687345 32.513296 38.665687 27.580777 48.557400 49.965638 36.602269 39.748722 36.021103 41.356543 31.993281 58.485852 27.377405 41.411895 38.495190 22.883272 29.044138 40.158494 30.254600 48.725089 49.974495 35.105260 39.919094 36.185366
80.153408 63.416907 58.197507 70.308907 78.604486 66.709964 58.293029 72.980994 33.078605 0.000000 47.408846 39.808383 55.764891 57.808329 54.291809 54.728479 35.699585 42.623165 60.231445 58.354890 56.957498 48.635652 31.850253 50.568026 40.029811 31.279642 37.312177 35.487067 47.763375 65.819960 61.640534 58.504957 55.983462 54.140068 40.246223 52.084069 34.451579 25.458277 26.150812 28.656256 44.832119 57.962724 61.320688 59.050070 54.822756 47.064712 38.825197 56.936646 60.199188 62.397144 66.087946 64.926305 71.822405 61.337786 60.518846 63.263865 71.091966 59.566492 107.440700 120.504435 102.314290 127.736321 96.995899 100.223300 119.730621 120.288115 128.257030 115.430321 79.760717 88.176365 114.413073 136.174846 123.793326 131.747845 96.843060 95.517013 133.355508 126.842215 105.315081 102.518724 119.061183 130.535373 135.577880 129.959789 134.994656 76.283837 81.985498 148.043764 131.801195 140.054108 132.050868 128.055090 129.008273 132.798906 116.492289 129.302376 136.674737 107.370189 133.042273 131.274152 135.936863 140.733130 141.372761 92.565613 119.873968 120.841033 38.944501 96.122364 106.365466 101.874211 122.863310 90.642242 106.038281 115.608993 120.250690 121.946262 121.143249 125.156421 116.841987 95.601641 95.461367 114.235002 137.928226 131.303283 130.267651 108.266704 129.115390 124.697399 111.488050 107.870206 115.027089 125.676687 125.896679 136.591074 121.410284 81.594781 101.161603 127.519464 131.234547 127.739400 149.313658 135.972081 138.988660 129.192485 116.970495 124.519199 126.345753 129.847463 126.134798 115.885387 131.174973 89.439775 106.176917 112.096736 61.012410 112.537146 136.709280 114.484452 46.730188 38.077342 57.641248 54.179521 61.056308 56.996334 55.134713 2.101261 8.383883 46.814289 34.431062 55.566387 31.031583 62.932898 55.461634 55.081400 5.310612 4.828489 78.490311 52.976659 89.850256 47.070311 62.961023 61.569312 45.078519 54.410155 63.080628 55.350963 71.610080 78.400954 65.016093 58.585643 56.571111 80.496182 53.426537 85.036257 49.147178 61.949358 60.593843 46.317536 50.156312 65.200242 61.907880 73.559735 80.453869 62.323353 59.252279 55.893590
100.035298 81.743041 73.254342 90.015538 97.986051 88.220980 74.429361 91.556213 61.799220 47.408846 0.000000 70.382009 82.186032 81.048038 81.123455 87.451041 61.914241 72.477929 84.126773 83.934639 79.376567 81.666524 58.722428 62.726642 34.562529 34.455096 35.792283 47.661048 58.278659 63.749206 64.483299 59.692187 38.666816 44.624153 46.322630 64.870314 36.135988 36.395659 40.069210 53.492366 66.283752 75.083041 73.409068 68.983672 43.891093 44.271200 44.536365 73.187437 74.460902 76.891017 81.090026 83.910189 88.715370 77.474899 78.323996 83.333845 89.349565 77.615763 125.107153 143.643453 120.540965 150.752711 116.687621 127.736692 141.023016 136.291414 144.652638 141.022344 98.802309 117.829428 131.760653 161.797503 148.527902 154.204929 123.537227 127.367104 153.295638 141.318238 135.626270 132.713760 138.114468 152.222274 152.154414 156.271841 153.280943 99.233698 127.755681 173.536848 156.524421 164.356894 148.554485 160.222570 152.360307 158.950696 144.474387 154.020215 160.908277 144.324869 157.318440 159.015320 159.402182 161.834164 158.770337 120.559370 150.821924 144.365297 83.935883 128.627310 133.458127 129.802438 149.119016 112.828633 132.005086 139.896770 135.614739 135.259949 137.403204 139.162367 137.556044 113.820004 120.044491 129.649985 163.652023 156.620385 152.023263 132.220352 148.839864 138.092647 136.795938 133.017523 130.652945 141.639271 152.927994 157.426881 142.641521 105.799374 159.623346 149.341816 157.025428 141.535570 173.507105 158.141164 156.166725 157.668215 140.464348 146.447647 152.365653 149.197021 149.203099 147.454565 152.274804 125.981345 137.169973 134.380452 126.030361 149.227636 160.397387 146.165755 68.792738 59.013358 82.446323 73.655360 84.519926 80.610989 79.083695 3.728984 10.902223 72.090633 53.481431 78.918520 44.747780 85.920176 80.055743 80.275647 8.682721 7.817501 96.307335 73.669265 110.040393 71.344050 83.720032 85.103049 76.447101 71.036073 94.205795 92.341704 98.485173 110.176416 81.610927 75.974338 81.026847 96.844730 74.589279 106.044639 75.042486 81.921809 83.775267 77.825544 66.478348 96.090952 98.639453 100.554415 111.182265 81.802807 76.342107 80.446505
69.856069 39.376789 43.333373 35.551489 54.561649 78.472044 65.020711 7.027511 24.647097 39.808383 70.382009 0.000000 9.733300 15.874810 17.743565 12.535397 10.029399 13.034792 17.951841 16.877383 12.210995 3.171838 1.697251 6.718793 19.466282 19.038803 26.190141 44.184469 42.226049 48.080482 51.438699 39.762111 26.716748 36.590603 28.942213 5.989505 15.102015 18.870405 17.457576 41.578171 36.827123 50.070347 55.236805 42.608315 23.966996 38.886854 25.453711 3.660242 8.057211 10.333812 5.998973 27.605829 37.946072 21.663865 2.502207 5.708125 20.968513 6.936405 52.409681 66.451472 50.220604 75.752100 31.108532 18.930299 52.820053 47.670597 69.225740 62.260184 40.272658 14.324159 25.695588 67.133103 60.552917 68.065655 15.507942 13.175940 56.142289 52.619154 31.975804 60.613413 38.807662 39.113514 54.669714 25.730931 64.637513 42.058241 20.063868 59.760496 45.577813 41.299272 43.386268 41.275801 49.561142 55.250433 35.115129 23.337313 42.933889 58.489820 70.322671 58.076548 75.302445 61.350314 39.438308 21.185669 30.595777 26.818998 10.931737 25.332435 18.238193 24.320317 35.245066 25.618044 51.697195 35.057874 8.208873 20.353673 18.049198 53.615856 47.914536 10.347703 4.939145 9.813676 29.294461 21.554304 75.979925 10.792260 56.001870 25.445060 14.594071 37.424199 52.518156 52.596491 20.752383 14.452293 46.371879 19.922978 27.034941 23.756505 10.064184 16.920540 27.618715 31.365901 19.349460 17.759473 46.159849 71.775125 22.500878 22.202001 63.196757 37.646276 34.395478 2.956119 5.393183 55.522438 20.611232 14.661716 35.609315 13.169559 23.712588 13.917962 23.377641 12.693543 22.201402 19.676179 19.656922 2.470616 3.332649 4.193499 1.100083 4.068734 0.631004 4.127869 4.091591 8.418199 0.000000 0.000000 21.850288 39.519471 22.916001 22.748455 19.443980 43.525754 16.750981 6.201001 34.231189 21.700657 35.434766 34.043420 48.171502 55.428410 40.240530 4.341740 24.252847 4.972802 40.135645 5.445006 17.951228 14.113493 1.456101 14.542383 20.278515 11.701972 49.735117 25.824864 44.876489 46.010241
63.344371 23.303172 43.204293 47.408224 69.351426 101.686425 83.199147 15.157875 37.632707 55.764891 82.186032 9.733300 0.000000 9.078547 17.503076 15.482913 12.611202 17.141912 31.921972 28.073766 23.792354 9.828280 4.856743 5.373067 19.296388 20.375154 25.464430 46.341619 43.928336 45.481693 51.548028 36.412247 24.194828 32.125427 27.678711 3.171187 13.047805 16.536709 13.336806 39.288599 32.379139 48.136523 51.623937 35.326738 17.944024 32.964501 20.541173 3.632761 7.165327 11.142419 15.561981 35.462728 48.228220 31.192373 2.483106 9.037767 31.960946 7.573252 58.368411 78.880280 63.544758 77.625136 26.806914 20.464014 59.076388 71.152508 79.217338 84.050900 65.992140 26.946081 57.186383 56.189425 78.435650 73.125993 30.801025 32.043904 76.635688 89.960356 55.844331 31.451480 70.724455 49.033397 77.225451 53.571355 81.326296 54.967377 23.507124 37.513239 66.210238 102.034643 91.548657 62.678770 55.110699 70.491514 45.282946 52.944688 52.036433 75.357386 45.599092 67.492706 85.103250 86.255619 93.352130 44.774208 68.847140 27.745506 13.067290 56.687031 40.838785 44.411078 65.946228 44.621536 70.084502 57.522698 15.576764 23.269366 32.268534 63.511874 79.109032 26.254072 10.586768 17.312692 59.772611 46.562623 100.513940 19.489288 81.548986 38.068169 36.170442 73.034145 68.328040 70.446969 47.739100 19.272512 57.999285 20.536666 55.596314 45.421540 17.004443 37.862437 59.377020 63.619001 28.730535 25.427926 58.126921 92.654519 50.039565 31.833101 82.052551 40.621055 43.289708 9.549895 8.235714 72.796611 43.136585 43.640544 74.324106 39.560053 15.121535 19.418977 24.714196 13.658168 25.407695 22.003031 22.265158 6.779816 2.615065 15.520904 9.299730 16.034103 3.632879 13.892270 9.516856 14.138120 1.355684 0.206687 58.468261 62.868247 50.597940 27.937316 51.677795 61.195921 32.133066 11.358597 48.992837 28.623629 44.982092 36.097723 68.932258 62.911245 51.859774 14.297236 39.341704 18.167753 61.050054 10.442373 37.466140 32.421081 1.178216 37.174505 42.594723 30.785802 69.449677 27.945801 62.139170 69.599007
56.480434 28.879969 47.860049 47.548669 59.042190 95.247653 75.321393 11.836647 35.580311 57.808329 81.048038 15.874810 9.078547 0.000000 10.104343 12.309682 12.186710 14.329507 27.028388 25.048330 20.533165 5.749916 2.193171 6.384988 19.138157 21.122765 23.692034 41.282794 38.856952 44.084416 49.750028 30.401485 19.012052 31.063203 25.116680 3.200027 13.824572 16.968511 13.615992 39.024393 32.153909 42.567669 49.141200 31.656510 16.120233 30.459643 20.545268 2.146012 9.830494 8.865868 14.097446 36.351548 50.558640 29.872228 1.999195 7.734766 25.519077 5.683837 50.608940 69.561303 56.275244 70.180052 26.914214 20.572056 52.187992 59.288910 71.688598 70.601050 49.450116 17.945129 43.240866 60.631953 68.560036 67.754112 24.680753 25.400062 66.622372 72.794096 40.935216 42.733870 50.100922 37.543224 63.617083 40.559018 67.089326 45.996250 44.838854 59.219145 54.867763 72.759980 65.981127 45.999713 53.349080 60.438952 42.623324 42.701381 52.330643 50.129961 62.522851 63.267324 74.344375 70.368579 70.953338 41.063027 46.215923 23.176097 21.289287 38.840223 33.713130 41.202412 56.649353 40.665301 62.386174 54.176539 11.825634 18.053966 24.251681 49.949359 67.117088 18.239191 5.931428 10.321531 49.961141 40.833791 89.305626 10.891826 70.768690 27.941620 26.951012 59.149287 57.549597 51.586001 37.749489 10.914745 45.144499 13.766992 46.891618 38.646355 11.580171 24.945563 47.850633 49.512668 19.209615 14.068964 52.205308 82.962119 39.914723 16.043611 73.843742 28.388655 26.361888 4.592270 5.730468 61.512773 35.414520 31.025973 62.911555 28.130362 25.317169 18.171306 21.413653 14.464040 21.824783 20.892911 24.929187 3.126470 2.060934 7.976980 3.398474 9.204571 1.595668 10.693491 6.286349 8.948130 0.165372 0.089846 55.138562 56.321242 45.297618 26.624310 45.867081 56.394760 25.094078 10.917259 42.992843 26.139805 39.045057 25.958219 64.340424 57.194866 45.719812 11.509865 34.561770 14.069240 54.455629 9.086891 31.644347 22.159566 0.738191 26.784140 35.846051 22.027584 57.490211 22.983048 49.012108 60.413876
49.215900 27.663999 50.181226 56.887009 76.456197 111.279814 90.024514 15.338567 32.371772 54.291809 81.123455 17.743565 17.503076 10.104343 0.000000 9.788925 11.494973 16.825068 28.167496 25.174298 21.262762 7.469991 2.737023 10.396896 29.420643 28.704584 35.435868 55.149394 54.384295 61.641999 66.079610 48.648497 33.625289 49.619685 40.355425 7.553115 20.868328 23.065704 19.560749 49.457141 41.268910 63.216013 64.127116 47.274315 27.352072 42.822841 30.752868 5.859420 24.005201 14.924275 23.877670 44.229074 55.188372 43.481365 3.388380 7.541047 37.334060 9.580458 57.447069 70.336589 60.547377 71.879398 40.225320 27.599075 57.466729 72.169815 87.697317 69.405118 47.328971 20.676807 53.932849 70.159773 66.186876 75.904151 29.421178 30.671735 80.053760 89.009792 49.418252 48.901389 63.524478 51.882710 81.022847 65.229779 80.179867 46.912721 52.613054 72.654903 62.646113 96.271107 78.084389 66.270551 61.184982 71.596511 49.374279 64.924834 67.554053 45.425397 68.946224 68.234150 75.930915 88.032185 80.104586 45.008771 72.122600 37.663193 32.963298 40.593598 37.577388 41.152744 62.060815 40.130507 60.414579 53.721526 11.788308 23.256534 29.548137 66.699137 74.765927 22.229163 9.408079 18.013099 59.204699 42.675233 95.597337 15.124173 78.697712 43.087868 29.756149 69.663354 63.416660 73.182515 43.436168 29.020565 71.391582 20.675778 50.973408 39.417834 20.846341 36.190833 57.661245 58.201787 24.634071 24.859714 57.398200 87.625822 48.735931 33.934958 80.370530 44.419390 50.613625 7.620245 11.075095 68.056085 38.850979 38.162709 66.462014 36.140138 26.996848 19.276776 22.264437 24.913355 27.976413 22.141592 25.562261 5.172179 3.757398 10.089059 5.448959 10.113673 2.391147 11.781730 8.745424 13.616766 0.364125 0.000000 51.840012 55.255695 38.225297 22.834803 45.370557 49.546618 23.115399 16.197949 36.454532 22.794176 31.352276 17.763271 59.240653 49.609333 38.084893 15.860371 42.051944 13.193807 63.073105 7.887230 40.490748 28.917277 0.655486 30.129503 39.699676 26.185589 63.521934 36.568625 64.853013 72.023480
64.409790 21.650387 54.581013 42.760671 28.138285 38.469509 30.087975 7.924578 42.848166 54.728479 87.451041 12.535397 15.482913 12.309682 9.788925 0.000000 7.659384 4.280738 6.384556 4.039479 4.984758 1.723286 1.445216 4.362054 12.822130 9.579354 11.362607 18.147467 21.704681 27.503309 27.461475 18.174577 11.050162 23.765568 18.903774 2.050830 5.477241 7.594529 4.545088 10.636931 12.072075 20.324157 17.954505 10.743793 6.919638 13.520378 9.396149 1.906318 16.714696 9.821156 15.703972 36.952093 46.464454 33.263537 2.351380 2.892125 14.970887 3.211070 33.704100 39.046270 28.738341 49.734074 29.406380 20.677364 22.524918 21.683883 38.440819 19.802121 13.935687 2.679312 10.539645 44.826703 29.115945 44.099004 3.825959 3.683033 28.578908 32.318588 12.039853 29.143986 22.902948 14.255446 37.949566 25.218222 34.454750 26.426926 35.833817 29.362499 21.969753 33.551784 17.279047 32.259027 24.286513 26.335687 20.373668 22.091444 24.961471 11.589846 31.134103 18.423188 45.990518 47.102091 20.688598 15.692677 30.819610 23.563507 17.748865 5.744703 6.329541 6.882269 10.808518 6.439459 17.014805 9.604935 2.881694 5.203986 5.414517 17.196909 13.845739 2.921234 1.790239 3.735662 8.529190 5.802776 34.508742 3.020657 24.849211 8.723369 4.415134 15.034502 19.006950 28.770221 6.741989 11.014301 30.669942 8.897426 7.202690 7.744934 5.560234 6.914724 9.336388 11.230398 8.084850 12.264480 19.483737 33.781115 9.426424 9.565812 30.393142 18.951657 21.010733 1.036006 1.625686 18.090206 6.004141 4.056103 10.261540 4.005668 18.328006 12.261190 16.382642 16.927214 18.799549 17.443822 24.977921 2.221054 4.072331 2.043633 1.208294 1.130827 0.179021 2.361061 2.419163 4.900673 0.109925 0.000000 50.404027 48.065816 40.811171 11.781396 39.641805 51.804017 7.444718 10.007952 36.215907 14.259264 30.976226 25.718432 58.642675 53.227256 41.918576 6.428184 8.489156 2.522772 18.601301 1.790781 18.452856 5.251441 0.462697 4.486831 8.832106 3.486270 23.534157 13.933833 18.399887 20.074683
53.314058 26.696801 40.187421 28.333975 13.706131 14.622123 14.610201 4.931703 30.159874 35.699585 61.914241 10.029399 12.611202 12.186710 11.494973 7.659384 0.000000 3.169052 3.733501 2.595829 1.705031 1.757345 0.952629 1.616428 5.168153 4.099323 2.673983 6.282978 8.784726 11.093471 11.693136 7.102507 4.717922 10.565252 7.545164 0.827038 2.181486 2.456166 1.595358 4.903177 4.916551 6.331306 10.097427 6.943835 3.483787 6.327431 2.938685 0.413873 6.312312 4.305483 5.707041 23.038423 36.305267 15.630428 0.767935 1.162358 8.930397 0.899731 15.573514 18.701902 14.362965 23.827099 14.313263 12.648438 12.384700 6.516793 20.767590 9.793328 6.014731 0.693293 2.460440 18.488385 11.457457 20.572930 1.014031 1.137348 10.446051 15.921023 3.430044 17.236422 10.489032 6.068315 20.666898 11.051922 23.549834 17.209107 29.258002 13.123836 6.460116 16.068335 5.764223 16.507967 11.923709 10.725711 8.336881 8.651816 12.040766 11.333117 14.698502 9.085903 20.398026 32.032282 9.009530 4.644497 14.194586 12.358497 10.675291 1.765545 3.493526 3.509902 4.029632 3.689058 10.682940 5.064966 1.785472 2.051424 2.609283 10.426069 5.571105 0.645177 0.760318 1.545518 3.517674 3.195496 15.092346 1.510705 10.713652 4.601926 1.865515 4.548365 9.912633 12.346588 3.118681 6.235828 15.251802 7.099426 3.604422 2.702762 2.807685 2.316099 3.371108 3.139076 2.237182 5.396418 9.036230 12.349605 3.201835 5.024140 13.439707 10.253453 11.352808 0.561561 0.664804 9.000029 3.636789 1.559579 4.283194 1.389168 16.263091 11.657280 18.201471 10.418724 16.255277 18.445969 22.237066 1.426498 3.880509 0.325299 0.275138 0.140259 0.180589 0.835163 0.579982 1.978440 0.000000 0.000000 30.943387 22.903691 21.556355 10.635326 16.848449 36.990940 2.443489 4.204650 17.403593 12.301167 11.473378 21.403332 41.379272 39.362923 23.209693 3.748310 4.010964 1.019768 9.111208 0.787716 5.902813 2.126518 0.180488 0.793016 4.058743 1.218412 10.255310 5.539327 8.664607 6.580253
34.613758 66.450810 51.352358 7.014830 60.445190 40.723955 45.253411 27.301066 17.268114 42.623165 72.477929 13.034792 17.141912 14.329507 16.825068 4.280738 3.169052 0.000000 9.551202 14.542810 16.146297 8.564817 7.903802 2.481267 9.656665 11.432726 17.659114 33.176661 32.649805 35.840870 39.083948 27.156249 13.513500 22.743866 16.692952 5.994193 14.856270 17.138721 14.281010 33.412179 29.728628 42.878015 47.005228 33.438959 21.528959 30.725300 19.370384 9.834226 2.705650 16.091045 3.362669 6.849077 17.694482 6.884323 7.146838 21.595219 34.833715 19.581055 19.038518 27.166292 26.196913 47.618749 18.611797 31.166398 44.573449 11.350939 31.554334 30.240027 17.237695 2.005935 3.874308 33.776689 14.477161 57.614716 3.302763 2.370751 33.666674 14.434094 11.769081 34.810758 7.465500 27.638875 24.530804 5.523144 33.423990 13.156545 25.863768 27.735680 17.174606 5.993332 9.674905 10.608627 50.694082 47.944987 27.028509 8.522270 46.231746 16.880619 23.842573 20.232820 33.627821 25.106613 5.892537 1.871365 4.819805 43.850447 18.545075 5.491238 27.573692 44.097303 57.120380 36.593394 16.944525 47.839855 11.228077 28.042849 24.701561 50.843313 48.561362 15.493733 7.635795 15.606342 51.773824 42.773259 57.013860 8.929041 42.569916 34.899388 18.222254 49.954968 33.213884 44.024041 19.871124 17.618611 42.850179 26.345182 18.719178 18.803324 15.370445 28.136655 45.816765 40.220618 24.926856 17.059014 29.668258 44.885955 24.565687 23.703277 33.848087 28.357028 30.764046 8.819845 12.313669 26.050942 10.516562 36.450151 50.046483 22.318565 3.183618 2.368644 1.958211 0.393709 2.403699 2.628747 6.181120 0.340568 0.079576 16.296911 9.323333 19.956581 5.967463 18.111980 17.484022 17.565816 2.604814 2.270898 4.713647 16.986839 4.256227 35.852597 3.368507 14.820394 5.975093 0.814414 9.440178 17.572656 15.727806 42.146096 13.311153 32.716626 35.534837 28.311264 32.935246 21.769579 15.339875 15.366251 38.307039 15.990530 4.544547 26.385221 14.809516 18.017562 27.144403 42.589572 49.803204 36.591559
63.457528 103.041449 75.531086 17.803029 69.943116 21.127502 44.852867 40.389351 35.383164 60.231445 84.126773 17.951841 31.921972 27.028388 28.167496 6.384556 3.733501 9.551202 0.000000 10.264868 16.998790 16.349976 10.782681 3.353454 16.210599 18.465925 22.489938 46.047505 42.657226 47.290107 54.244495 33.937372 16.739407 28.342413 24.910674 7.874655 23.409147 24.444501 20.324048 48.957981 43.344727 60.945236 61.495926 42.408718 27.633129 41.259183 32.542678 11.322216 3.399140 19.371090 7.179250 9.507517 28.968607 6.403736 8.906264 29.892953 50.502095 26.967404 38.650425 56.119697 47.050196 78.741882 36.500963 49.496870 69.693365 18.255518 59.232476 61.670324 39.295004 8.883411 11.461526 64.689338 36.149068 95.870839 8.310276 8.812801 60.967651 38.278800 27.318765 69.156271 15.833143 50.272786 59.952454 14.840599 59.501176 20.440801 53.429750 57.883469 43.776388 17.537637 24.039237 17.000455 85.958628 80.570210 48.691074 18.918449 85.223141 26.558322 54.247906 49.441326 60.058075 39.338561 17.744793 11.230488 12.550846 66.723002 34.485104 19.839362 27.212702 76.301905 81.723136 58.056872 19.739025 76.895430 53.726502 62.926134 52.996864 73.703150 84.517822 46.288199 23.243159 55.114364 56.700235 85.811509 86.465055 27.871559 81.061357 97.750031 50.410036 25.732179 56.576034 83.895295 56.847015 102.919056 63.671373 53.817374 24.685703 55.227896 108.385179 116.356020 40.710158 82.187416 125.003011 84.691427 46.649635 61.867620 77.998644 103.478090 52.053076 44.338536 76.839204 49.399637 59.075533 31.506168 13.183245 32.414785 46.944616 71.744549 14.362363 10.237641 11.224178 2.101565 9.615726 6.299650 12.360158 0.498041 0.129169 13.956342 17.429856 24.407029 6.180930 29.277968 24.201074 24.095131 8.861427 2.380416 8.914115 34.837623 17.634869 67.054893 8.971385 31.624141 23.572161 0.881101 31.968420 44.607316 42.050174 64.055145 21.979072 58.404819 68.347145 57.424572 53.327462 50.870301 27.224709 48.211894 60.857032 33.793843 7.954304 46.816521 28.953129 42.068480 36.119327 66.582647 65.413648 47.934535
59.545207 105.312580 82.028302 12.121318 59.905007 23.370466 45.598588 44.132667 35.515754 58.354890 83.934639 16.877383 28.073766 25.048330 25.174298 4.039479 2.595829 14.542810 10.264868 0.000000 11.779788 14.768804 12.900860 4.818524 21.236187 24.776383 33.465407 59.293150 52.054964 59.494672 65.014532 44.669267 27.436742 42.308503 32.568071 12.435785 28.029314 32.880451 29.032138 55.152344 51.502901 64.742967 69.886903 52.126632 34.167083 50.737522 36.371777 15.287383 5.046975 19.050068 5.844590 8.609769 29.481778 8.728607 11.425980 32.554239 54.155019 28.968100 36.721068 54.164982 40.441292 74.191374 30.970099 43.909168 60.472465 13.224190 43.480401 51.987998 34.914208 6.743303 9.549679 53.807555 31.078829 76.314285 4.751348 5.734631 47.294149 24.337844 24.060800 57.820536 12.420224 33.150884 33.382300 10.167837 43.893454 17.193698 49.088333 48.976005 36.160437 11.783236 14.374614 12.591157 68.866238 63.572853 39.542623 10.714837 65.071504 21.170961 45.114387 42.942870 50.216351 28.250824 13.035873 10.606964 6.088723 54.858201 29.752865 14.760414 28.316724 67.532248 75.187692 49.795321 17.618438 66.874280 27.172178 43.329074 36.391462 65.027299 68.710612 25.599243 9.788519 31.360657 64.954686 76.197595 75.399304 14.639872 60.676008 67.996811 25.263436 30.440224 42.090960 59.977779 35.327841 57.422727 45.952685 47.540281 44.620755 33.709656 55.065022 67.402088 52.678880 60.184254 89.094548 49.631587 40.641065 51.825793 50.063865 64.591106 45.014235 32.240288 48.208980 42.877024 29.049763 23.655419 23.880877 39.480982 48.453281 43.757114 12.099137 6.006660 9.456200 1.758232 7.574655 3.948069 11.730004 0.196618 0.075979 22.717770 18.177500 27.153434 7.000432 27.170570 25.807409 27.175367 4.512151 1.774418 8.827777 34.060090 13.707438 63.927827 8.429637 37.535673 18.640050 1.856551 30.563934 44.091224 37.983310 58.823768 28.246756 57.562792 65.478282 59.496655 49.851614 50.190264 23.199763 50.183223 59.616117 29.603801 10.452831 45.003972 25.287695 39.975333 26.684734 66.467524 59.026441 42.835433
66.720797 102.893218 86.624182 14.206305 50.732513 29.133800 51.570411 52.475659 30.561351 56.957498 79.376567 12.210995 23.792354 20.533165 21.262762 4.984758 1.705031 16.146297 16.998790 11.779788 0.000000 10.411970 11.696962 5.900789 27.474131 30.798368 40.812617 67.379837 62.496657 67.155679 74.920870 51.096459 35.271802 50.679334 42.255628 14.780622 35.074301 35.892668 33.976625 58.646301 55.823878 70.185515 76.130363 62.516121 43.819974 57.973423 46.286574 23.649935 9.130274 23.994704 6.827058 11.845742 35.073492 12.244587 18.809434 36.878273 54.120072 37.270621 25.333301 38.816907 31.835482 62.280087 23.301045 35.190982 47.565333 15.581057 46.361212 41.770771 29.978553 4.339213 4.359638 47.182699 26.579550 68.934285 3.153191 3.503146 39.012657 25.348841 18.264104 49.023374 13.856130 25.222864 35.101404 16.157255 51.281198 20.980384 38.811691 40.421793 26.261852 15.663458 11.632209 16.599154 58.738408 53.526544 29.859239 10.737743 57.214202 20.712559 36.963203 32.544483 47.869194 38.172533 10.377805 5.545078 10.405554 51.043807 23.203544 9.275576 34.302760 61.856721 69.330047 46.890971 21.051177 61.039355 23.985377 49.661036 39.863789 70.389260 54.496307 20.411105 7.308508 23.763546 67.979446 63.768892 71.001059 12.405507 55.797838 67.079285 18.063733 42.631196 40.594730 67.256608 24.401376 54.618281 53.458313 41.964069 53.481084 29.494354 49.929841 62.430427 60.820348 54.327765 71.022300 53.740982 37.139772 52.903650 38.576187 63.432556 44.539328 28.396973 54.843354 28.844322 26.995459 31.827718 31.733558 49.647731 54.461016 28.589701 5.766050 3.845723 6.890510 2.357649 6.369498 5.104914 13.223328 0.452487 0.000000 27.112318 18.927503 24.958557 7.625706 30.480564 25.354801 28.101106 3.708546 2.534505 10.328396 32.657733 11.587966 58.173408 8.868485 38.440483 14.047339 2.386887 24.615621 33.201503 31.577886 54.974200 32.399151 64.511819 65.050589 54.468481 49.228553 41.901357 21.499949 45.458716 52.246031 27.376277 12.669780 38.135772 21.832269 31.724768 20.508476 61.914455 53.494981 35.721647
25.812381 43.485595 30.246376 7.980715 59.704109 23.327677 53.817105 40.973503 29.706225 48.635652 81.666524 3.171838 9.828280 5.749916 7.469991 1.723286 1.757345 8.564817 16.349976 14.768804 10.411970 0.000000 7.316651 1.335315 5.785835 5.983955 7.661921 16.135031 15.469282 16.415270 20.051895 11.247761 5.477108 11.732276 9.258780 6.413931 14.124218 11.254063 6.882429 18.427772 16.740904 29.179664 27.696785 17.358732 9.202895 20.379449 12.991450 16.057019 2.670115 13.054658 3.384368 3.800915 15.462811 3.071030 13.769359 27.606609 46.866074 25.185703 7.727866 11.558520 10.336842 17.441319 7.277026 11.859308 17.051509 3.444456 12.513262 12.445247 5.431536 1.285397 1.533342 16.762664 4.974330 26.625232 1.509388 2.335567 15.229302 7.478254 7.234004 17.724778 4.809440 9.136414 13.641317 9.454793 26.507823 9.351314 13.052851 12.985438 8.902764 9.151940 4.397864 8.805092 23.710111 21.507793 10.756990 3.836224 22.963215 9.930092 12.679808 8.143719 16.324063 20.272290 3.373541 2.499292 3.316758 17.140819 7.678754 3.553231 31.055502 33.316172 41.126911 27.097873 28.849048 33.050491 4.670828 12.408386 9.357664 26.747558 19.178513 4.571600 1.649181 6.208754 39.989704 28.350837 36.485235 3.080573 21.139066 24.444754 5.350416 31.438415 13.691174 29.833677 7.004011 23.594263 26.285241 26.104647 36.389496 8.769526 22.537522 18.455583 29.131339 20.875124 21.860527 29.725594 18.670895 24.026980 14.586120 25.211860 16.575896 14.926533 31.238289 11.139093 11.426327 20.251338 22.340019 24.463524 23.558138 7.522243 2.341374 1.340429 2.409345 0.898765 1.722088 1.487876 3.988553 0.107345 0.061404 19.107764 12.431166 19.142948 3.395146 20.893814 19.690863 25.377907 3.320205 3.235029 4.377118 6.063713 2.739886 18.542038 1.120182 18.208788 2.426758 1.224888 5.084766 10.253747 6.612027 27.062144 9.664994 19.244936 19.094432 51.660715 42.332686 40.465411 12.872840 38.797362 51.481678 11.082655 8.899387 36.312506 14.298331 28.036616 25.127435 58.239495 52.687853 34.823049
11.738985 11.360349 12.702682 4.810435 54.705328 24.120057 36.094576 28.847683 25.209745 31.850253 58.722428 1.697251 4.856743 2.193171 2.737023 1.445216 0.952629 7.903802 10.782681 12.900860 11.696962 7.316651 0.000000 0.367443 0.969413 1.507519 2.372710 5.697625 4.912323 4.604324 5.960489 3.242814 1.698668 4.698994 4.178431 3.020770 5.938834 3.201871 2.175478 5.104911 7.056805 12.410355 11.640123 7.348005 3.952122 8.675383 6.813774 9.185882 0.945261 10.317193 2.396816 2.370769 10.094630 2.400990 7.741759 19.645561 39.497110 15.835803 2.751698 3.326678 3.140717 4.901866 3.743638 5.774578 4.697110 0.885237 5.693998 1.626862 1.577913 0.693739 0.719548 3.380505 1.314801 5.048331 0.765774 0.742949 3.552218 3.103241 1.212901 3.051138 0.871646 2.994387 4.453329 1.262775 9.608289 6.639654 3.324005 2.511326 1.549683 4.226624 1.047997 6.024683 4.156856 4.957324 3.058950 1.116246 3.987074 2.986866 1.804591 0.740601 2.021007 9.326151 0.922789 0.000000 2.021063 4.352614 3.019386 0.336929 8.350657 5.793424 7.466980 5.653917 11.333130 4.880140 0.933956 1.998485 1.549039 7.769377 1.769792 0.625966 0.217717 0.886076 7.533280 3.393078 7.916158 0.543345 5.077745 7.615728 0.203357 9.040289 3.894763 14.398966 0.813124 9.902573 15.905796 19.167345 19.306372 1.621435 9.492498 3.104902 4.585705 2.050755 4.924141 15.381394 6.044107 5.976824 1.209596 9.456955 4.933180 7.122849 17.843729 2.552470 4.358133 7.346444 11.683795 3.703710 3.581252 1.082444 1.184488 0.622234 0.459556 0.373649 0.932809 0.703821 3.152718 0.000000 0.256536 14.232947 9.962782 17.975141 1.856975 17.899182 19.375756 24.120491 1.767515 3.287261 2.791899 1.209869 0.570328 5.189397 0.352546 7.377651 0.869484 0.069053 1.121115 2.888231 0.981531 8.227418 4.954289 5.653766 3.513364 38.150234 22.139455 26.976854 8.472577 21.800655 38.122646 2.786551 3.824827 20.773207 9.312584 5.333708 22.705346 43.478891 38.416188 16.174583
52.472634 62.117970 63.232117 15.290682 51.868117 50.845199 67.160842 9.902437 44.908486 50.568026 62.726642 6.718793 5.373067 6.384988 10.396896 4.362054 1.616428 2.481267 3.353454 4.818524 5.900789 1.335315 0.367443 0.000000 13.338248 20.427610 24.668490 22.075105 39.880407 44.117055 36.346959 26.709678 28.597138 24.112540 26.808545 16.121795 19.630404 23.877237 22.782790 43.789411 63.516882 80.654887 70.928014 58.270225 48.045492 37.202064 44.542969 13.786228 24.787324 29.699303 21.345131 26.931694 41.467056 33.177140 9.713453 11.081251 34.078270 20.140921 6.857569 16.618095 5.432840 29.676845 3.852623 3.441981 7.288197 35.061879 60.009742 5.347526 19.246489 2.268184 12.310017 15.922817 13.024818 23.577699 3.179826 3.169902 24.211803 38.370944 3.007736 12.506784 10.077960 11.049242 34.622170 7.553909 12.595104 12.255130 7.415614 5.800947 6.550461 9.250209 9.321624 8.547987 6.028115 10.882815 5.610240 12.182397 8.043841 2.920257 4.628091 4.833975 20.982628 23.219817 9.431263 3.850715 10.829875 7.718670 7.113924 1.668466 1.840497 4.115910 11.081990 2.618752 5.226524 4.849517 3.396161 17.301466 6.949382 41.752643 4.032314 2.839166 1.424132 5.160171 6.129661 4.218704 17.647123 1.784464 11.501420 21.919983 1.007868 7.024069 13.985352 28.607736 1.224445 5.570373 12.659469 9.458892 1.521327 1.416879 3.269391 4.778255 2.126796 4.897730 4.337982 4.863656 7.581165 7.845902 2.539232 10.825410 7.346670 4.511421 11.973863 0.621591 1.585457 5.552068 1.614655 1.688725 1.797812 1.108558 1.443675 2.961794 12.980089 14.642914 20.958762 16.816730 22.871509 0.000000 0.320500 0.370148 1.013687 4.046934 1.030542 11.411968 5.812392 11.404806 0.000000 0.000000 22.821893 32.136124 14.039366 36.505662 24.313186 28.953810 15.084564 21.805698 24.186231 21.002179 28.195784 35.593115 41.408965 45.800266 41.573219 8.368851 33.137686 4.483709 30.452900 13.551064 29.129241 13.040552 6.261852 14.305738 13.491973 9.499232 22.705005 37.845989 50.135428 45.122344
74.868168 75.400918 72.448715 31.896584 96.383940 94.558174 95.685763 26.240304 53.092189 40.029811 34.562529 19.466282 19.296388 19.138157 29.420643 12.822130 5.168153 9.656665 16.210599 21.236187 27.474131 5.785835 0.969413 13.338248 0.000000 7.944023 14.129673 22.213783 38.620623 43.878721 37.755935 29.935070 35.701954 27.211583 28.149140 21.522232 11.909021 15.270898 27.450002 45.952548 83.251741 96.214108 82.898698 70.519420 71.035978 51.485799 47.176985 35.738012 42.713525 47.521074 35.954950 48.296698 63.293295 51.563332 26.641541 34.958318 69.229826 47.242187 24.943819 43.352177 23.873728 74.908835 17.147485 10.151594 29.904109 87.547972 108.237996 30.777930 48.097138 11.776085 37.941986 54.468793 43.826253 70.299797 15.782190 12.428426 70.487258 87.544407 15.270223 41.865585 33.359234 34.930007 74.262930 29.327111 45.447205 25.536511 23.567238 25.154632 35.302440 29.636151 35.966419 26.874123 31.653188 41.670462 21.523835 33.920034 31.196724 7.836887 25.152834 19.312520 66.060300 56.637459 33.882992 14.043278 31.093935 27.652396 21.646136 6.723490 15.092483 16.700599 48.474384 9.790452 25.583679 27.306029 12.421161 76.643524 44.228189 117.601283 20.728608 15.146969 9.499178 25.444224 30.923075 35.028327 67.708313 7.471974 50.034109 81.969549 7.133149 29.737711 52.725684 86.357242 7.229912 17.148190 43.413685 20.439462 10.716882 10.453298 11.363763 30.557121 17.697995 33.226156 28.071972 14.426110 29.784497 40.742930 11.617890 40.206909 32.659743 14.546993 45.205301 2.755924 7.740396 25.933476 12.645978 6.448941 19.282204 4.357760 7.520830 7.551718 29.075420 27.867847 42.040113 33.750018 45.513305 0.000000 1.551144 2.437897 2.310149 21.591262 5.510391 35.180471 23.378019 39.242275 0.106117 0.143191 39.874676 46.909004 29.198754 52.777342 39.817558 46.386067 26.831621 34.981790 37.632303 32.354178 47.460331 51.666776 58.219504 58.808071 54.227305 27.003038 59.941564 15.614371 62.887973 39.078489 51.136590 31.464013 18.618246 36.773009 31.072828 34.746955 51.229878 74.262208 77.736596 67.666668
80.151752 72.387190 70.773430 28.565056 100.689734 96.672982 93.947039 26.701194 53.528648 31.279642 34.455096 19.038803 20.375154 21.122765 28.704584 9.579354 4.099323 11.432726 18.465925 24.776383 30.798368 5.983955 1.507519 20.427610 7.944023 0.000000 7.523146 16.979309 39.232839 45.725460 38.875311 28.683846 34.641678 24.929841 26.799121 27.180542 14.977541 9.252209 13.920447 39.871184 77.410414 88.842857 77.453706 64.200138 66.589997 46.693204 43.903271 36.966494 44.703174 51.553417 35.124638 49.482034 70.504912 57.498942 27.458228 37.396810 77.077075 52.086931 26.460810 49.674892 28.757423 81.100354 18.756898 12.785031 32.683175 89.052202 113.209032 30.648840 50.055215 13.432525 42.237977 57.899334 52.005178 78.970087 17.947177 15.333872 76.822507 91.790098 17.936020 44.322505 30.727088 32.986792 78.499855 26.457991 44.662288 25.432154 27.777779 28.433689 34.983010 33.890690 34.710765 26.498123 37.183633 45.931475 26.616427 34.158402 38.882459 8.561008 31.190749 22.980028 75.591118 59.470938 36.390910 12.161917 26.317923 38.126504 21.537032 6.458906 17.917019 21.725679 59.069118 13.729699 30.385969 35.437528 19.752495 91.490439 59.488502 124.610723 30.722838 18.883045 15.114207 39.557979 44.441665 44.449019 84.603540 13.858322 64.239562 99.569280 12.050808 41.608499 55.917354 91.642691 10.460743 21.089425 51.076626 23.299292 14.918436 18.378689 18.172737 43.723300 20.878235 43.149692 31.521599 20.225417 35.736413 48.141302 16.203075 52.185049 37.835000 13.167439 51.417997 4.738077 9.557599 36.045803 16.002366 9.613237 21.084480 8.298550 6.039225 6.156214 29.513418 24.617048 38.589355 31.179154 43.049418 0.139462 0.789155 3.808671 3.860746 25.079041 5.359906 38.258742 24.927336 43.117227 0.000000 0.598632 31.980227 52.434265 22.406810 48.558491 43.544592 51.622560 25.556181 34.809759 35.796206 30.849865 45.961690 51.881993 67.353242 63.910035 56.729558 22.145759 68.587912 14.380277 67.432370 38.935801 56.537627 34.054369 17.196429 35.340118 32.147880 33.938281 55.209277 79.952427 82.696337 72.675228
99.390813 87.253669 87.568469 32.712383 113.512571 107.575040 101.127913 34.489592 75.456819 37.312177 35.792283 26.190141 25.464430 23.692034 35.435868 11.362607 2.673983 17.659114 22.489938 33.465407 40.812617 7.661921 2.372710 24.668490 14.129673 7.523146 0.000000 12.059697 34.611135 43.578802 36.926432 28.855131 38.526821 29.274557 33.058412 38.074848 33.487161 14.373425 10.169923 28.735445 83.430333 95.827700 81.193090 69.282415 73.667928 55.683294 56.062571 50.570631 58.780194 64.681518 45.616945 62.019501 88.318272 74.733876 32.908444 50.543790 94.512703 65.531457 28.817813 56.665749 27.961447 91.144437 20.059475 14.196023 43.479971 97.628959 126.850853 38.435830 61.683885 14.650912 49.597161 66.744140 53.966468 87.856387 19.383731 17.927109 79.610897 100.491389 22.740078 48.795927 38.467657 38.312883 93.805360 27.896762 56.936089 28.696378 29.033523 32.074436 36.351552 32.691775 43.126397 22.345937 42.684760 51.330322 30.023374 35.659964 45.457050 6.693666 27.313523 21.342856 81.821808 64.550035 33.982601 9.747076 28.319171 43.503284 21.032606 8.165670 24.006650 29.816763 77.121051 21.018461 45.597362 49.168061 35.604264 112.122902 85.639359 140.304563 42.631917 34.736754 24.887085 59.282450 65.408255 63.096536 100.005707 23.685459 87.338414 115.896464 22.396290 56.401366 77.765848 109.924933 20.311570 31.152019 62.165989 30.633915 18.221239 28.004122 23.216463 57.380643 37.532995 64.936870 49.009630 31.573804 42.417953 61.620958 25.240249 66.412687 52.024566 14.042456 64.758476 8.682559 15.823058 48.012015 27.196368 9.455740 36.180151 12.627574 5.511114 6.402155 32.072399 30.621551 45.401657 37.718191 55.051369 0.000000 0.905641 3.796993 6.742864 35.598494 9.139159 47.770076 32.576819 49.760452 0.107710 0.571572 38.521187 74.212791 24.568255 66.399921 53.800424 71.465173 34.499361 45.137370 50.461745 43.113308 58.714931 73.390841 84.922800 83.530469 78.172758 27.876537 93.325377 15.948077 85.493440 45.564017 78.343702 41.566223 25.741524 44.367766 35.860996 38.500871 81.249165 95.372431 101.409259 99.053959
107.647373 91.347759 87.390787 46.555787 119.789265 111.478143 97.488925 61.528882 77.220365 35.487067 47.661048 44.184469 46.341619 41.282794 55.149394 18.147467 6.282978 33.176661 46.047505 59.293150 67.379837 16.135031 5.697625 22.075105 22.213783 16.979309 12.059697 0.000000 11.538921 35.661185 30.350923 29.998881 39.821165 31.971242 27.167015 50.374610 49.069431 42.607371 25.102724 38.178977 88.091659 98.960810 83.021189 80.847585 86.398614 67.919767 65.457454 70.140302 69.269892 80.992079 55.586942 79.730792 95.665863 83.509343 56.957593 72.765112 110.080936 85.269685 39.976463 89.984389 49.233415 121.877298 35.599347 33.339122 78.377837 127.584510 145.842449 72.690779 82.513329 30.853777 83.738066 69.342173 92.856594 126.576451 41.788686 35.583766 118.091106 134.578258 44.542145 91.204974 70.221331 81.852911 128.030002 58.975154 101.212831 44.320116 45.191344 64.675480 78.964343 72.100183 77.231450 47.579985 83.868174 93.556467 58.525954 70.581152 81.291984 22.472070 65.304855 56.701266 120.014602 104.836174 73.975419 27.402636 54.645228 78.343218 38.853619 22.705302 52.271457 54.564016 124.806392 43.475649 81.753660 85.294967 73.419184 144.318100 129.568445 156.551094 86.552050 61.626241 56.718077 103.951027 120.266340 120.860776 147.960721 49.129452 127.656812 143.469778 50.532342 100.852771 117.664316 137.764398 48.112343 61.731372 102.498791 45.765547 42.219637 67.240122 53.276949 106.092812 78.554459 110.702490 96.542172 57.730042 81.871907 105.618271 60.134446 104.673811 92.629005 36.374178 110.288028 20.233256 41.829165 85.559616 54.618461 25.869649 81.600451 35.041071 12.820021 14.337143 52.351996 44.071506 63.872472 56.919473 72.461145 0.577871 2.654692 11.414674 12.567076 59.853393 14.979187 74.253468 58.313455 75.151555 0.000000 1.366327 56.521105 78.093186 40.053052 73.985216 65.460569 80.451476 54.080537 55.438335 67.838500 66.203828 80.058117 99.525527 88.866626 85.073136 86.265994 53.758851 106.463726 32.051806 98.171032 80.922559 103.022726 68.434003 44.316397 71.853933 59.618956 66.610821 112.488462 103.049184 104.838685 108.805428
109.075448 98.425336 95.378484 53.541249 122.960132 115.446971 104.004797 57.955748 82.110625 47.763375 58.278659 42.226049 43.928336 38.856952 54.384295 21.704681 8.784726 32.649805 42.657226 52.054964 62.496657 15.469282 4.912323 39.880407 38.620623 39.232839 34.611135 11.538921 0.000000 11.966752 20.310704 36.881876 44.951818 38.827027 42.560455 79.347357 86.863393 82.802795 74.395090 87.338318 96.771522 108.245451 103.996448 106.786354 105.204570 97.437065 96.394045 66.429297 69.942911 80.375182 56.519390 76.341751 96.654671 83.003480 50.625747 71.439927 108.935272 81.668290 36.309449 77.953812 47.496830 117.388125 39.353257 26.441175 64.448819 127.812643 146.616213 62.948394 79.515729 26.950572 77.540308 63.427012 88.170382 117.303318 34.662505 30.373033 111.559104 128.045625 36.941901 78.242269 66.237837 67.337687 121.380982 52.518167 91.966077 41.047964 47.763983 51.080685 64.886071 61.022624 69.045689 41.666935 65.942103 81.442779 52.030277 61.788393 72.483593 16.875736 61.658905 44.190306 113.062388 104.314412 68.815478 25.806434 47.153508 68.858097 45.734530 17.962896 45.749053 42.543180 113.138378 31.517720 72.385483 76.054052 60.832390 139.848965 119.122469 155.325231 75.109584 63.704183 44.174956 88.267781 101.414683 98.790309 133.104190 44.780794 118.118289 139.725792 38.681862 90.810813 107.559737 134.002462 35.901129 58.943941 93.039267 42.851796 33.560613 53.149520 47.458952 92.104391 64.573798 104.487517 79.550821 53.221409 74.243591 93.243675 47.349267 99.669189 78.997724 30.841849 103.812836 16.069600 33.948464 73.256932 47.474413 21.428083 63.692151 28.117410 13.624644 12.643189 54.317205 45.903726 65.205964 60.418704 73.442517 0.213043 1.737573 9.681395 12.068363 52.598828 15.285476 73.513790 54.480821 73.052714 0.576938 1.048044 60.203159 79.185063 45.416324 80.603472 65.423444 80.769185 53.265139 57.819196 65.812151 67.905668 76.231723 93.838712 89.325063 87.532968 88.254323 52.942659 108.706566 35.739694 102.591125 77.462841 100.957439 60.024748 43.801502 67.726106 59.505135 65.585573 105.619463 101.437800 107.227954 113.180334
116.119317 106.580375 104.278839 63.462622 132.674079 125.359456 114.958606 62.373668 88.869687 65.819960 63.749206 48.080482 45.481693 44.084416 61.641999 27.503309 11.093471 35.840870 47.290107 59.494672 67.155679 16.415270 4.604324 44.117055 43.878721 45.725460 43.578802 35.661185 11.966752 0.000000 14.190246 28.119561 39.123369 41.208976 51.715981 80.734453 90.696751 87.493664 80.377073 99.255482 108.931913 118.471355 107.847590 107.557389 110.914136 100.411763 102.365515 72.813505 74.016854 82.759154 64.006460 84.535859 101.443027 86.727333 55.618305 78.459395 115.074476 87.275716 48.184754 81.616487 44.378450 130.619590 37.565355 25.897709 69.002062 133.115947 155.717735 60.552142 90.656213 31.621674 83.365865 104.806872 85.516671 122.777384 40.032444 32.477535 116.635712 138.787975 36.759273 80.304625 74.938219 70.621557 128.400357 50.726101 94.272382 45.358728 42.524276 52.134476 71.379629 63.733015 69.292383 45.195070 70.757406 77.377621 52.631670 65.297760 70.742393 17.666382 48.796466 42.615073 117.583749 102.203949 65.225271 25.652487 53.503771 68.446312 47.392248 16.375723 42.990436 45.541962 116.850068 37.351270 71.783039 74.939246 62.007950 147.065775 122.320570 166.917866 73.606617 62.125783 48.021202 92.440062 100.406222 103.691223 140.772780 41.167141 126.490465 147.564215 37.243513 92.939946 112.366279 143.599943 37.370853 59.776242 101.944497 48.240466 36.820832 55.718675 50.833687 95.138627 61.532773 101.956768 78.001368 54.835712 71.667684 93.386338 45.891567 99.633957 84.488174 34.780176 107.817402 16.449895 32.859214 72.359107 43.706052 17.159043 54.599245 24.818442 14.127778 17.072366 59.671042 53.730961 73.001868 65.157370 83.159415 0.137940 2.717100 10.605825 12.722360 61.379189 19.278732 80.094231 61.620985 81.504117 0.118772 1.501432 70.052795 82.475072 50.824117 88.995759 70.384118 82.657526 55.273816 63.095105 72.715572 71.587778 83.163788 96.724784 92.179360 92.991035 92.050495 59.368537 112.385299 40.401854 110.407878 81.690544 104.188273 70.147453 45.770161 72.524946 61.980334 69.582424 106.128082 110.777455 111.696542 120.903835
120.805117 106.258946 103.119336 65.476429 135.238997 126.190438 112.797402 76.292444 89.372686 61.640534 64.483299 51.438699 51.548028 49.750028 66.079610 27.461475 11.693136 39.083948 54.244495 65.014532 74.920870 20.051895 5.960489 36.346959 37.755935 38.875311 36.926432 30.350923 20.310704 14.190246 0.000000 17.651469 28.433370 34.478553 38.777493 78.671815 83.925362 78.272252 66.850254 81.173951 103.912305 112.062933 61.288947 74.945314 98.240527 88.459822 94.069508 78.130452 80.036334 87.463541 67.812698 91.745691 104.948006 95.246050 65.175983 83.458518 121.961179 95.444509 56.766735 89.762459 48.760297 134.546558 40.688681 34.507268 78.636119 141.411508 163.067098 73.079445 95.174296 39.127248 92.352585 118.154627 99.656563 134.957158 47.329078 39.394758 129.040207 149.944297 48.906709 88.388473 82.092466 83.063973 141.751019 57.788830 111.853237 50.259520 51.187617 63.703132 79.908230 74.669480 83.551746 53.575104 88.587404 89.259482 64.717784 73.282218 85.679968 22.360620 51.434081 49.566662 130.938057 111.974213 72.636512 29.399704 62.346012 78.701059 49.478646 16.123244 56.360442 61.162053 129.965802 44.938842 83.058857 86.615339 75.957337 154.232622 134.751372 170.475876 83.004811 72.231814 58.967821 106.802025 118.829658 119.347971 151.346201 58.552191 137.196056 154.928563 50.530416 112.143682 124.407493 150.964759 48.592795 63.324522 111.054170 55.705596 44.531185 72.333758 55.541725 106.520283 73.102279 122.056255 96.819944 61.202876 83.661505 109.353499 59.634136 115.125282 97.818278 37.282703 116.311019 23.136956 42.978446 87.515097 57.717703 22.854449 72.248696 35.231622 13.091378 20.072864 66.916892 57.595172 81.336929 69.440097 89.711297 0.263148 4.444354 14.061007 16.782789 69.227637 21.499157 89.370557 69.358377 90.764133 0.138487 1.765833 77.366863 87.152742 50.912534 90.631032 77.690210 90.245916 65.894593 66.214018 82.434407 78.595240 93.079579 108.531953 99.023989 94.906667 97.214955 63.579313 117.915163 41.151400 111.898720 91.462177 116.395378 79.686063 56.172459 77.131355 69.539864 80.093142 123.608959 115.022880 115.251906 124.035525
115.507348 103.113361 98.709113 44.912570 131.267047 122.584959 109.891389 53.394256 84.492862 58.504957 59.692187 39.762111 36.412247 30.401485 48.648497 18.174577 7.102507 27.156249 33.937372 44.669267 51.096459 11.247761 3.242814 26.709678 29.935070 28.683846 28.855131 29.998881 36.881876 28.119561 17.651469 0.000000 17.999042 24.838995 27.883870 60.854475 64.021515 57.446088 48.034195 71.772800 103.171346 109.012499 71.990655 43.655982 64.174885 58.654543 72.473413 61.177535 70.255929 80.611288 55.421887 82.290749 99.564184 86.490421 43.952201 63.817716 111.439312 81.942952 31.388787 64.513160 29.540340 115.420227 21.681026 14.263572 48.011003 118.454631 147.665548 44.840385 80.351861 21.981039 63.247589 86.414039 64.525103 107.544833 29.884513 24.625008 95.540889 124.437689 31.152698 61.234126 46.174005 58.319536 113.385196 35.469351 80.697623 35.812710 31.404599 33.930095 56.750426 46.776610 46.981959 32.262000 56.902243 64.177339 42.047390 46.747283 55.865329 11.705344 27.992396 29.259192 103.519235 80.839626 47.806389 15.487093 38.889902 48.883618 38.798031 9.360616 36.709983 40.067849 97.058835 28.153090 58.510298 60.469847 46.799280 132.815234 111.021545 160.287016 47.667721 47.235249 37.365152 77.838553 79.436195 82.213179 130.199876 31.065956 106.965632 136.034679 28.661412 72.181044 95.849193 133.996665 25.309339 41.015051 81.528590 36.490963 25.289460 39.334308 36.878992 72.321554 42.793615 76.147201 59.832977 35.814586 57.464523 75.422827 36.948512 84.309245 63.947211 21.096901 86.230676 10.740856 27.762222 57.569787 33.960234 10.411758 47.411068 17.736810 7.729823 11.672528 46.452880 41.246061 61.779666 51.132516 76.154568 0.000000 3.258862 6.763196 9.233237 46.631885 11.553179 66.203168 46.278538 69.070085 0.141530 1.735476 51.252846 81.531053 32.078347 85.836576 64.818080 80.077877 49.931197 57.771428 63.604741 59.043693 79.476807 96.076227 92.934312 90.308864 92.753731 38.426541 111.213721 22.111061 103.608202 65.112984 103.104427 62.040637 38.375786 54.162146 46.994135 49.421371 96.322676 110.715205 111.041331 118.580784
110.257738 101.348385 96.747135 33.580003 126.038893 116.662870 108.554515 30.355503 81.671289 55.983462 38.666816 26.716748 24.194828 19.012052 33.625289 11.050162 4.717922 13.513500 16.739407 27.436742 35.271802 5.477108 1.698668 28.597138 35.701954 34.641678 38.526821 39.821165 44.951818 39.123369 28.433370 17.999042 0.000000 14.596477 18.368730 46.102528 58.000514 54.633663 50.398927 72.984082 100.163223 105.849177 86.565290 55.677443 45.232479 34.276275 50.625936 46.283940 59.336288 66.883296 45.781098 67.091733 91.243717 78.087585 32.510489 46.893098 95.749113 65.065345 19.233032 44.804265 19.603729 85.417617 12.215023 9.209557 31.027418 98.210641 133.620381 27.524366 62.244936 12.447271 41.471367 55.803328 41.886454 82.334569 16.745597 13.986107 71.358429 102.683352 14.381490 37.215726 33.860156 35.409782 87.032429 21.360347 46.763640 28.724992 19.953163 16.306064 31.760515 25.739362 32.025673 20.646258 34.769545 43.690091 26.538991 31.425565 33.962477 6.712686 18.119442 16.598634 70.722758 57.763642 28.590034 7.038150 24.784539 26.993256 29.819152 5.073365 20.256995 22.752289 69.346434 15.914429 36.604356 41.225048 27.799595 108.277015 71.865529 145.314208 30.186442 28.355335 21.940438 49.467606 49.457618 54.017657 92.198519 17.180774 73.354483 110.501427 16.342010 46.304613 65.643434 108.027726 14.441545 22.538485 56.934514 21.684783 14.313613 23.207385 13.576949 51.414582 28.953682 50.624584 42.029327 20.873410 41.221082 52.841005 20.346413 60.605658 40.475639 11.528563 58.051055 4.743260 10.928506 40.519396 21.940755 5.745237 24.864233 9.435114 4.006620 7.062057 29.692366 32.304226 49.378805 37.879196 58.819977 0.114378 1.230592 4.680711 6.247827 27.075235 6.790244 42.235617 27.831598 50.619434 0.101902 0.911928 41.656066 77.594501 25.082761 80.770240 57.616902 73.870117 37.433367 47.933335 53.355357 49.451624 63.913521 80.876973 88.022985 87.869868 88.639691 23.470064 101.627617 10.387529 93.371338 43.604954 84.495452 40.471287 24.400386 39.934478 33.379246 33.871253 77.691263 102.824629 106.273604 110.754044
103.638718 96.843583 90.267209 52.720772 121.684996 116.413472 104.161499 52.579245 72.391855 54.140068 44.624153 36.590603 32.125427 31.063203 49.619685 23.765568 10.565252 22.743866 28.342413 42.308503 50.679334 11.732276 4.698994 24.112540 27.211583 24.929841 29.274557 31.971242 38.827027 41.208976 34.478553 24.838995 14.596477 0.000000 21.749363 44.179552 52.115856 46.730324 40.836895 65.030724 96.058070 101.730348 84.682744 64.300787 44.194623 24.249565 42.426612 56.403745 61.535560 69.044795 53.403556 71.300678 87.305628 75.404236 47.153020 61.282956 98.361038 70.642052 31.528401 58.531801 28.005192 108.733272 22.064474 16.250021 46.280441 125.804611 147.139768 43.681097 73.870279 21.481695 68.318416 80.230487 63.965597 110.047072 28.764271 21.759243 102.282687 125.364859 26.654611 60.553597 55.948949 56.705078 117.498210 41.907636 79.401059 38.252219 31.554791 30.797064 51.091080 50.830358 57.560965 42.073652 49.616793 61.664205 39.150874 58.417558 55.726118 13.445174 34.301604 25.607397 97.283959 92.475486 49.245315 18.438393 46.839128 48.135883 36.635837 9.414234 27.732084 33.921136 92.568252 22.839337 49.921359 58.976840 40.760577 132.780793 93.041922 158.079439 47.080789 41.199514 34.215637 70.498945 78.776981 78.805137 123.773496 27.038108 105.921771 136.300789 25.887947 74.191968 93.415141 125.736998 24.915621 40.012912 82.747899 37.263633 22.988314 37.818186 29.869886 76.257099 43.351930 77.031797 68.023576 40.108158 55.797369 67.900314 29.459071 86.411585 55.662729 23.608908 86.191334 10.597024 21.997832 54.646237 33.590578 11.380076 44.159881 15.050833 9.297946 14.522441 49.676671 46.643364 63.747972 55.121771 73.173101 0.237431 2.054845 7.197120 10.521779 48.011599 11.899385 64.574406 48.159079 68.373606 0.519133 1.365196 66.402771 68.603328 45.989723 80.385995 62.290229 70.874137 48.813875 55.945913 60.498243 58.924118 75.418666 88.287725 77.946463 76.857436 81.268713 47.423326 93.315882 27.480907 97.938992 65.048076 87.892588 56.187537 37.606640 56.186641 47.926428 49.162721 95.325382 93.275841 92.803236 103.126947
101.689704 90.154878 84.371824 56.537512 114.433457 106.574245 94.830113 51.074240 67.889635 40.246223 46.322630 28.942213 27.678711 25.116680 40.355425 18.903774 7.545164 16.692952 24.910674 32.568071 42.255628 9.258780 4.178431 26.808545 28.149140 26.799121 33.058412 27.167015 42.560455 51.715981 38.777493 27.883870 18.368730 21.749363 0.000000 39.868291 41.649316 41.211093 40.721284 58.618639 90.489805 97.852633 85.816943 72.207313 61.775894 33.363348 42.640116 57.272329 64.588616 68.383887 57.325042 73.855869 85.559186 75.909630 47.032246 57.825739 92.036323 66.660303 28.049378 57.107742 23.584116 103.729106 19.399316 14.724611 43.014216 117.359001 139.665004 38.617558 68.823418 18.890625 61.881904 72.067737 56.738981 95.943771 24.740719 20.317782 94.211375 117.044301 20.941901 56.771092 48.648140 51.436035 110.257640 36.936973 72.164600 35.949041 27.358020 31.698878 44.489351 46.167617 51.213138 39.917056 49.924953 58.974113 34.866877 49.450809 46.405446 14.036262 27.617305 23.413559 94.251725 86.174165 49.225229 17.611352 44.837036 43.544972 32.483584 8.827914 28.388678 31.280862 88.224311 21.671388 45.185500 50.966370 40.645060 124.079035 86.522746 147.417551 43.766863 38.876900 29.188562 66.127629 68.930892 67.225535 109.022269 24.888797 93.373913 125.697229 20.973378 67.994884 86.214395 120.032291 21.678614 37.559097 74.810153 32.850692 22.588465 32.312933 31.756432 68.013588 43.458501 69.290430 60.936942 41.959197 49.531559 61.254812 30.624357 79.680117 46.753067 21.029625 82.282903 8.695496 19.843130 50.072349 28.064612 12.143279 39.308669 13.581412 6.864015 13.802995 49.332357 47.773919 65.712454 55.303484 72.209209 0.079101 1.957667 6.395147 10.487900 38.552078 9.311171 60.960360 41.835954 61.801158 0.331296 1.345974 68.547844 69.158490 42.089084 72.896931 66.556063 73.429429 47.374829 58.800669 68.206905 59.175093 74.686144 89.694286 79.766526 76.350293 79.251838 45.967140 85.880498 24.788542 85.551373 56.822410 87.038385 48.124261 36.726286 52.368336 45.779563 45.678290 88.881274 89.817117 87.348755 94.833039
51.627334 68.303229 68.455345 10.715019 58.837064 57.704133 61.250929 27.985365 42.803284 52.084069 64.870314 5.989505 3.171187 3.200027 7.553115 2.050830 0.827038 5.994193 7.874655 12.435785 14.780622 6.413931 3.020770 16.121795 21.522232 27.180542 38.074848 50.374610 79.347357 80.734453 78.671815 60.854475 46.102528 44.179552 39.868291 0.000000 17.498215 22.671747 24.263294 25.457232 36.626337 44.189114 36.777196 29.228884 33.537746 25.669432 27.488196 25.050143 22.619150 30.754749 17.817759 22.981782 38.907304 30.418742 23.236810 24.566293 43.693771 31.558517 3.907102 7.094077 3.152665 18.153168 1.858481 2.336097 3.977760 20.298944 46.551676 4.876110 17.315383 2.099376 5.300912 11.090915 8.839186 18.841326 2.202278 1.398457 14.071189 28.370709 2.625213 8.164403 6.245741 13.073305 35.816689 10.347927 31.226913 9.657514 5.551474 2.170216 4.534988 7.858311 8.612929 11.787800 8.447669 10.693347 6.575437 8.337328 8.494759 4.423982 2.984506 3.392252 11.636456 24.243549 7.853768 1.381881 6.238426 6.388359 5.220704 0.952385 9.633210 11.863305 31.430607 7.431345 16.300500 19.410610 13.496134 56.232820 34.549744 78.983988 14.475881 9.964252 8.853049 21.419200 28.220397 25.438805 42.485189 6.828456 36.582010 58.452567 5.419692 22.871273 32.156099 55.127164 7.544616 18.843864 30.658788 14.925428 7.987589 9.810448 16.517911 27.378685 13.441469 25.186990 27.577041 20.474354 16.263142 19.122811 10.140548 33.979333 12.780644 10.241229 39.776109 5.700847 12.149939 13.844996 7.849667 5.395373 14.112267 3.805619 1.258501 1.942462 8.657135 9.501879 14.440759 11.885743 15.043953 0.000000 0.133692 2.698348 3.897962 16.221705 4.962966 30.830187 20.943607 29.039693 0.159103 0.328952 13.733852 36.839940 5.640694 40.154956 13.704304 35.400667 14.498087 13.007235 20.913539 20.571402 21.607074 32.263981 38.970442 49.477699 48.893430 29.216298 34.401732 21.152846 37.892207 28.287607 32.181174 20.188142 21.600789 27.426669 21.790186 27.608573 41.785738 43.023698 45.873924 42.056579
82.935224 91.896090 88.542330 18.359631 77.324012 71.801696 71.836813 42.653841 50.789431 34.451579 36.135988 15.102015 13.047805 13.824572 20.868328 5.477241 2.181486 14.856270 23.409147 28.029314 35.074301 14.124218 5.938834 19.630404 11.909021 14.977541 33.487161 49.069431 86.863393 90.696751 83.925362 64.021515 58.000514 52.115856 41.649316 17.498215 0.000000 7.681273 12.978668 20.623040 36.505060 43.196831 34.775579 28.668303 35.614963 24.580234 26.756471 36.298644 40.816706 46.775618 32.345284 45.182791 65.933741 55.528765 31.063545 41.409015 60.792025 45.681483 11.974891 25.335455 11.414072 51.855361 6.611366 5.805709 18.242870 57.766128 103.093020 17.413929 41.113493 5.041167 18.153748 34.187824 23.971361 52.877035 5.072608 4.296543 42.248470 72.033249 8.360049 30.810962 21.065755 30.064000 64.424465 20.670561 58.673951 21.903910 13.097515 13.022974 17.262019 21.179974 19.285887 17.470145 29.701708 30.199939 17.416935 23.448669 30.725660 12.275762 12.813412 13.536014 42.289034 52.736184 21.568054 4.298770 15.466352 21.910019 18.107382 3.484310 25.464495 26.391498 66.920311 18.820407 35.424164 42.049784 31.387294 93.309245 71.086653 115.056234 35.666679 31.433631 23.066220 54.069038 64.080433 56.485376 85.911190 20.679959 76.223925 94.510350 18.352744 51.292128 60.639138 90.395953 20.570089 42.318621 58.153503 30.381358 24.082525 28.407068 31.465736 58.524171 40.322461 60.528175 57.805433 41.019108 35.365431 42.166208 26.704607 66.863031 35.476913 20.544067 65.211695 11.747530 23.548923 36.083172 23.664468 16.329518 39.288446 12.292136 2.597413 2.851611 19.790342 19.991067 32.584229 23.377323 35.824816 0.000000 0.342284 6.213639 7.077144 30.975638 9.772344 43.086213 33.041585 45.415860 0.075998 0.614901 27.606316 58.080593 12.388889 64.205674 36.016822 53.161715 29.276875 26.352910 36.044318 33.651545 45.569167 54.069749 65.266541 71.473860 68.164453 43.458464 46.364741 34.807697 48.598500 39.193542 44.300580 29.403194 28.582359 38.999085 32.646024 42.297903 56.331127 58.904219 57.686984 52.065016
96.018026 98.585792 93.492015 19.764256 81.556906 74.614889 72.350634 37.607930 55.368738 25.458277 36.395659 18.870405 16.536709 16.968511 23.065704 7.594529 2.456166 17.138721 24.444501 32.880451 35.892668 11.254063 3.201871 23.877237 15.270898 9.252209 14.373425 42.607371 82.802795 87.493664 78.272252 57.446088 54.633663 46.730324 41.211093 22.671747 7.681273 0.000000 7.446711 15.228596 35.779174 43.492652 35.373073 27.923969 35.453776 23.677992 27.007635 39.752839 46.296094 52.120344 34.462315 52.324223 78.582450 62.375069 32.913085 42.906146 69.964158 52.947686 11.745908 26.528690 13.493636 69.372469 10.413828 8.658665 22.670759 68.296906 113.676887 22.953821 51.676277 7.500452 22.840132 42.455453 29.286748 69.412267 7.953120 7.040588 55.478758 75.469153 11.073685 34.528982 24.182868 29.783943 79.686705 19.596063 59.007075 19.720222 18.365715 15.415290 21.803381 17.665696 24.390366 16.652101 36.883273 41.587340 23.266330 23.466482 44.043996 7.812793 15.228123 12.784016 51.389758 52.744727 21.731099 3.818648 16.355230 27.467508 24.283665 3.967198 30.477657 35.771317 76.410442 24.200225 41.468845 55.001916 40.973299 103.018485 86.918065 120.878480 46.688250 33.560745 25.129811 60.798894 73.616898 69.417305 96.919121 25.713545 83.479207 107.015278 24.670370 57.382670 71.328456 99.272355 26.441865 38.235140 61.132492 30.517834 29.283000 34.322835 36.607861 69.086397 46.166105 68.609591 60.812973 37.325791 39.611059 53.645011 30.199467 69.926852 38.751695 16.988759 70.853849 11.478475 22.955016 44.290829 27.085089 21.041823 42.492155 15.905590 1.974863 3.275278 20.099297 18.887197 29.894494 22.197860 41.909668 0.000000 0.812060 7.608200 7.613616 32.959079 11.341192 45.732071 33.838542 46.463048 0.000000 0.512616 20.484981 69.913896 12.563199 71.725781 34.405887 60.360124 32.197737 29.543883 38.926010 37.513058 50.951128 60.910788 78.592399 81.968563 73.306142 36.763942 52.090105 24.987339 48.695135 45.116747 52.579680 30.941176 28.179207 38.861844 31.577967 43.379177 57.822067 66.566955 63.838385 53.619426
96.821315 100.295696 97.948517 12.982558 91.153208 78.863097 84.272346 30.969676 66.670152 26.150812 40.069210 17.457576 13.336806 13.615992 19.560749 4.545088 1.595358 14.281010 20.324048 29.032138 33.976625 6.882429 2.175478 22.782790 27.450002 13.920447 10.169923 25.102724 74.395090 80.377073 66.850254 48.034195 50.398927 40.836895 40.721284 24.263294 12.978668 7.446711 0.000000 10.688829 33.633723 42.560399 33.817117 26.871942 34.289884 23.372197 28.484466 40.299544 42.983672 52.488166 30.001658 45.004558 79.133262 58.762880 28.554233 39.015258 75.910820 52.923158 9.368240 26.274036 11.785757 58.265109 4.561654 7.417815 21.149900 62.203597 104.446056 17.038563 50.794173 6.959587 24.284937 34.985439 25.204289 57.364160 8.372710 5.685922 42.373461 67.649887 12.350282 28.040868 18.248953 24.903479 65.853272 10.373814 42.484735 16.770770 15.009641 12.863973 19.565051 14.074324 19.874974 10.677429 30.768538 30.694219 18.388545 17.079110 36.593990 4.429680 8.331566 8.658480 50.793921 39.848192 13.481977 2.975434 10.785040 22.380265 23.895862 3.910679 24.958159 30.173649 70.383939 19.084573 32.568321 46.185513 26.081115 91.735853 72.696491 117.067653 36.613793 28.365865 19.343680 47.305217 55.530154 57.580912 83.742973 16.266088 67.083540 93.970604 15.780432 46.197440 55.599340 90.328939 18.445919 23.545188 42.147873 22.657219 19.357305 28.068080 21.532470 48.767902 34.435635 54.600965 38.929606 20.928649 31.807795 47.418611 21.425089 52.416840 31.771854 8.973839 53.253271 6.933820 11.816706 36.841796 19.149722 14.001954 32.078068 11.949330 1.943998 2.313668 16.567362 14.045162 25.969659 18.850664 38.397243 0.000000 0.406909 4.691795 4.596718 28.426199 6.785331 37.884628 27.176408 40.229899 0.185557 0.291552 16.037127 76.640185 8.605570 75.796241 29.524577 62.721082 25.575149 24.171406 32.660317 33.281309 40.834760 57.002047 80.746185 92.299139 83.381153 27.639621 64.753114 16.673601 50.870370 44.370574 62.321448 27.915933 24.165646 36.470783 27.605039 36.986006 58.455393 76.366991 76.524031 62.685347
114.940733 105.505865 95.697141 39.613998 105.944767 91.669362 89.027500 58.292257 76.913651 28.656256 53.492366 41.578171 39.288599 39.024393 49.457141 10.636931 4.903177 33.412179 48.957981 55.152344 58.646301 18.427772 5.104911 43.789411 45.952548 39.871184 28.735445 38.178977 87.338318 99.255482 81.173951 71.772800 72.984082 65.030724 58.618639 25.457232 20.623040 15.228596 10.688829 0.000000 11.021729 36.158165 24.875209 30.567548 39.696164 30.161962 25.409227 59.009184 73.227561 77.562011 56.465772 80.076993 106.786754 92.018351 48.396443 65.153203 92.506655 72.916821 35.710490 65.818951 36.194174 120.385267 25.542083 22.198596 59.954211 120.093450 148.658757 61.591121 85.159563 28.138718 67.863333 91.631143 75.037742 122.878272 28.678775 24.862880 108.009500 127.029081 34.176818 75.826168 59.232712 72.759248 118.463879 42.505033 94.888943 36.793998 35.590815 46.852487 59.678903 50.943379 58.596853 38.719357 81.772447 82.750260 50.832271 57.365921 81.326422 17.069917 35.320267 36.410789 112.673628 95.247848 52.495316 19.578459 41.810859 66.018979 44.801174 13.836499 40.145829 54.745128 113.584133 46.759705 73.442349 85.856295 78.787046 129.812564 117.429309 143.181560 84.152480 64.412979 52.268989 98.407252 94.739407 112.450618 125.589689 56.744081 114.811150 134.616715 47.292240 101.766851 106.336369 128.103349 46.829901 64.414181 96.402888 43.704208 52.347583 68.614673 55.752353 103.090589 89.323552 108.898885 101.089420 56.613170 70.942895 92.832317 61.508671 105.211445 78.210908 30.352995 100.373429 20.520655 38.148935 73.386575 36.724518 46.317522 88.616557 39.123797 5.986925 8.986785 44.928688 38.993488 58.492809 47.924210 72.122065 0.112496 1.435759 14.208239 14.031755 50.047247 17.819873 65.043252 52.679671 67.069554 0.184929 1.030726 44.895686 102.208772 27.168187 95.576404 66.891434 96.313762 49.007701 49.856735 68.109697 66.300517 81.119686 105.173239 101.164034 102.259828 108.019660 54.374074 80.265927 37.336737 73.536823 65.878490 79.412823 54.289900 43.350571 64.983087 57.458767 62.897272 96.374427 88.740807 84.647500 82.969199
110.709851 107.352401 98.382465 32.689028 104.635383 93.522813 93.352092 57.977284 76.813884 44.832119 66.283752 36.827123 32.379139 32.153909 41.268910 12.072075 4.916551 29.728628 43.344727 51.502901 55.823878 16.740904 7.056805 63.516882 83.251741 77.410414 83.430333 88.091659 96.771522 108.931913 103.912305 103.171346 100.163223 96.058070 90.489805 36.626337 36.505060 35.779174 33.633723 11.021729 0.000000 10.747853 23.924828 35.198265 44.619231 35.569021 37.484407 57.771582 65.311211 68.887733 54.517686 76.655871 98.281789 84.204057 48.230387 60.568296 88.664843 68.725683 22.614581 51.172322 22.399868 103.458667 19.445715 13.215627 40.607446 108.187302 137.714466 44.051945 79.365423 18.836766 54.747432 70.999661 57.031610 104.330865 19.149711 17.305940 86.917975 116.226751 25.276869 60.237839 49.135290 57.447059 107.147133 38.331063 83.899346 34.494637 28.887922 27.047723 44.984183 42.186217 47.768427 34.206026 64.546295 63.911741 42.065083 43.347311 64.196545 14.183409 20.388227 24.591135 92.728228 88.558029 39.410822 15.609800 37.396151 52.297439 39.736978 6.540645 43.235565 41.433887 100.309684 41.253876 63.583977 71.201184 63.828471 123.265454 106.106988 139.554868 71.414496 57.363712 40.462245 86.475384 77.032262 97.314435 114.936928 44.787453 107.237793 126.081635 39.696745 88.691173 95.358973 123.077337 39.274487 53.750255 86.767052 42.118155 45.983011 57.975418 45.485035 91.577300 65.780441 95.080699 91.826809 53.382771 58.653481 77.480702 50.045439 98.027704 62.782844 29.086276 94.436776 16.034258 30.852565 68.624184 46.120723 35.794255 74.754423 27.797532 5.033981 8.150224 41.096775 34.763263 55.830824 42.631589 64.851198 0.000000 1.357594 11.902290 13.623045 51.834900 16.852456 62.636295 53.377366 66.110638 0.446507 1.062391 42.636311 100.110428 23.301578 96.790355 60.863251 92.459843 45.916015 42.563294 60.087548 61.215752 75.304795 99.548440 94.705204 98.778970 107.268436 57.041885 75.296009 43.138388 74.860913 62.816304 74.007350 53.033349 41.023650 59.840067 51.155798 63.490727 87.976352 83.916920 84.006603 79.826622
126.502957 118.559350 108.244822 55.221320 115.423189 104.028861 100.937382 77.469260 86.523427 57.962724 75.083041 50.070347 48.136523 42.567669 63.216013 20.324157 6.331306 42.878015 60.945236 64.742967 70.185515 29.179664 12.410355 80.654887 96.214108 88.842857 95.827700 98.960810 108.245451 118.471355 112.062933 109.012499 105.849177 101.730348 97.852633 44.189114 43.196831 43.492652 42.560399 36.158165 10.747853 0.000000 13.756150 27.815033 38.603210 39.321682 45.560203 71.386283 81.999782 84.516569 65.617969 91.266665 112.801213 101.652690 61.281094 76.022257 100.153157 83.035806 39.200703 74.582518 39.368703 132.181239 27.524152 21.277552 64.296265 135.969863 161.288956 67.237975 100.357789 29.895279 77.832727 100.865167 86.310635 136.306532 31.713950 23.003351 120.923026 140.903555 36.230357 79.561957 75.536283 83.370753 134.553503 53.681478 111.612544 48.857303 36.552760 42.520147 66.784732 57.466863 67.390098 47.748435 87.190583 92.922268 60.414798 70.335936 92.584750 27.949372 32.626514 38.050233 121.373658 113.650993 61.274348 24.948299 52.583903 75.301177 52.914801 16.001891 67.575173 66.380000 125.612377 53.225190 82.984569 93.900926 90.882103 145.043209 134.043702 154.088181 100.410390 80.421480 60.211350 109.500492 124.106585 124.489264 142.017895 63.938938 133.060614 145.112423 54.532905 108.972095 121.767385 141.012519 59.786056 75.579545 111.308170 55.240663 65.184093 78.729363 74.166376 114.751647 97.972104 120.019698 112.884784 74.816368 88.661287 100.178711 70.663087 121.099568 86.779710 42.043350 119.224819 27.810634 46.462656 87.874937 65.102505 53.823800 96.937052 45.038158 7.158282 13.937020 56.100598 50.616267 77.401004 63.701228 87.283203 0.000000 2.434140 20.069833 21.983201 65.285503 24.503264 79.231624 68.491232 81.087527 0.771552 2.092042 59.749334 113.761499 35.984590 107.914837 81.694026 113.347882 64.527505 65.393528 86.069943 76.841955 94.694591 116.087507 106.075000 109.421969 118.480103 76.088530 84.185566 58.448724 86.116367 75.023718 82.452143 65.897378 54.061624 77.210600 74.168258 79.547344 105.749808 95.032763 92.484470 91.199279
133.937712 122.948989 111.654722 57.132455 121.465385 108.247232 103.987773 80.571292 90.592350 61.320688 73.409068 55.236805 51.623937 49.141200 64.127116 17.954505 10.097427 47.005228 61.495926 69.886903 76.130363 27.696785 11.640123 70.928014 82.898698 77.453706 81.193090 83.021189 103.996448 107.847590 61.288947 71.990655 86.565290 84.682744 85.816943 36.777196 34.775579 35.373073 33.817117 24.875209 23.924828 13.756150 0.000000 17.873497 29.691792 33.005807 34.776891 75.044309 87.990008 90.804036 74.499287 104.286153 121.497061 111.511867 66.530688 84.836509 107.231239 89.461490 44.898443 84.526325 43.114552 141.015517 30.628770 24.197407 78.208810 144.525123 169.095088 74.896630 104.433951 34.672289 88.927479 115.655833 90.224379 145.412810 41.181422 30.900429 133.214838 151.911978 45.697198 92.063849 82.755847 96.526882 142.541309 56.552892 120.454136 48.897933 41.086953 51.855230 72.031827 67.579520 80.084794 56.420331 100.650958 107.108048 64.805719 69.544297 98.449709 23.452543 34.581723 45.131160 139.214304 120.005461 67.463021 24.995991 59.111005 86.788095 57.221365 16.289263 72.879028 74.178368 133.449021 59.135512 93.324920 102.798954 99.610442 155.070903 142.699177 162.522608 108.367966 87.533076 72.798941 122.114226 136.845849 133.941545 148.149881 77.679854 141.308957 157.396082 69.583864 121.459780 130.101464 151.234909 69.512841 84.590972 120.447886 56.336765 70.816195 86.196679 79.190217 125.579213 105.929783 134.886371 119.327328 77.767181 91.549276 111.107585 79.664871 129.797104 98.540086 44.020169 127.054355 28.040259 52.967952 100.332644 72.647019 51.438434 108.051411 47.199295 7.894865 15.960553 65.705995 53.716366 82.078842 72.348792 96.527247 0.126288 2.868275 20.554287 22.276194 70.368310 25.457124 85.235864 74.230543 91.000471 0.559273 2.929454 68.030187 121.199466 39.848945 114.860130 86.133784 120.656362 68.272747 72.206781 92.936799 82.985679 106.447844 132.513814 115.798381 114.949773 124.854916 79.406015 90.163670 59.327859 92.239014 82.837219 90.747698 79.728584 58.558187 83.911409 77.170462 85.088463 114.386711 101.727680 96.336537 96.979134
132.901440 121.308542 109.526741 35.279855 119.978088 106.560065 101.613555 60.133851 88.814142 59.050070 68.983672 42.608315 35.326738 31.656510 47.274315 10.743793 6.943835 33.438959 42.408718 52.126632 62.516121 17.358732 7.348005 58.270225 70.519420 64.200138 69.282415 80.847585 106.786354 107.557389 74.945314 43.655982 55.677443 64.300787 72.207313 29.228884 28.668303 27.923969 26.871942 30.567548 35.198265 27.815033 17.873497 0.000000 19.552016 26.868099 27.584641 64.722918 78.476955 85.552738 57.312211 84.638196 117.035397 100.100872 49.379990 68.592944 103.883548 78.890231 24.307554 58.712774 22.771705 107.585843 18.628591 14.365774 50.239542 122.485938 155.949445 47.902788 88.318847 29.198958 61.053424 75.509036 62.573768 117.141821 27.449932 21.613009 98.745739 126.932790 33.111482 63.923243 50.292421 64.951753 122.067310 40.495988 83.742748 35.044312 26.726806 33.351332 49.509488 44.555372 54.782135 37.211003 69.440988 74.560361 44.869373 49.000203 73.732467 12.769903 23.075230 26.242373 101.378015 87.161594 45.071802 15.310430 38.851580 56.373264 41.743916 9.636582 50.636765 59.782674 117.319852 38.988125 69.941420 82.349283 69.966550 142.529841 129.120828 155.531853 76.387942 64.315339 51.297699 97.384561 111.497027 108.169171 135.382593 56.288267 120.049262 143.897841 50.033746 92.449261 105.342437 139.051388 46.142520 53.795571 85.512058 41.119528 47.519646 65.588146 44.508217 93.278407 76.901624 107.519872 85.399126 49.761119 71.752272 88.972052 54.193599 101.997630 74.262897 22.679258 99.279827 18.399724 32.916797 75.402191 52.074928 27.222261 78.986995 28.964521 5.195860 10.402995 42.033894 35.201535 59.568373 47.072881 74.060584 0.000000 2.276875 11.835497 15.927375 55.403693 15.114498 69.489348 57.406387 75.230353 0.769530 2.969094 44.005200 119.221657 21.074284 108.743069 64.419149 108.163356 51.463329 56.568895 65.737244 65.790744 81.022675 109.733905 116.535703 113.938318 123.293345 53.955786 89.195870 33.864053 89.165784 70.565474 86.400581 56.853661 47.039650 64.207787 56.301172 65.203965 103.635385 100.428820 94.927641 95.429516
122.284650 118.721966 108.171485 19.200283 116.436139 104.724392 100.040225 40.411968 85.723133 54.822756 43.891093 23.966996 17.944024 16.120233 27.352072 6.919638 3.483787 21.528959 27.633129 34.167083 43.819974 9.202895 3.952122 48.045492 71.035978 66.589997 73.667928 86.398614 105.204570 110.914136 98.240527 64.174885 45.232479 44.194623 61.775894 33.537746 35.614963 35.453776 34.289884 39.696164 44.619231 38.603210 29.691792 19.552016 0.000000 14.452471 20.989731 50.122130 57.684039 68.995836 39.481461 61.877740 102.236664 78.934392 38.331430 49.696361 93.345733 68.340059 11.207954 28.783924 12.906778 72.968692 7.230705 5.306743 23.153319 89.117231 127.469046 23.521307 62.930420 12.639731 31.581281 46.971878 37.160079 77.343986 13.709842 10.208321 64.688194 94.940784 15.153992 31.171525 26.613263 39.570213 91.018979 16.638923 51.671692 20.498796 15.748649 14.008464 23.935835 19.470857 26.878022 16.902731 39.138715 42.393059 26.014977 26.726361 41.987369 6.176787 11.951148 12.765430 65.077719 56.233878 22.393829 7.488643 20.485927 25.550962 29.552238 4.954757 27.697548 31.178607 85.028753 20.762972 45.456589 52.696850 40.629471 122.307160 94.865107 145.121069 45.468770 40.632994 30.723539 67.300912 74.919893 74.274474 105.739994 28.306180 91.583552 121.416132 22.919027 60.716850 77.260703 115.943415 23.274880 28.701113 59.789083 26.249774 24.420576 37.135272 24.380060 66.767191 44.164824 72.439521 49.516913 28.611392 44.286144 58.106884 32.732302 70.143693 44.386130 11.393388 71.637703 6.089743 18.861219 48.375521 31.311792 12.409750 42.488928 15.605751 2.684174 4.845156 26.620167 20.538496 37.472182 30.602762 52.686569 0.000000 1.081663 6.100905 7.869989 35.883706 10.042830 52.265704 37.021221 54.783265 0.314733 0.986569 22.019577 101.565989 12.381451 98.738510 36.561301 86.759664 32.375266 36.196155 42.280314 40.675881 48.560809 83.152316 104.319970 110.160664 116.082739 33.493184 85.336516 18.648582 80.210422 55.066521 76.620663 39.009598 35.389078 48.244500 33.784798 41.851225 84.465288 96.184159 93.852660 93.294300
118.849471 111.177379 100.883656 43.074328 107.726491 99.413579 91.852951 65.443792 74.563275 47.064712 44.271200 38.886854 32.964501 30.459643 42.822841 13.520378 6.327431 30.725300 41.259183 50.737522 57.973423 20.379449 8.675383 37.202064 51.485799 46.693204 55.683294 67.919767 97.437065 100.411763 88.459822 58.654543 34.276275 24.249565 33.363348 25.669432 24.580234 23.677992 23.372197 30.161962 35.569021 39.321682 33.005807 26.868099 14.452471 0.000000 20.110352 60.184282 67.627909 71.962382 55.790845 80.919912 99.316739 85.209026 54.212199 64.701103 91.556588 70.640254 29.102780 54.892795 27.822758 115.698852 18.130511 15.167590 44.798535 125.026844 153.330971 48.577539 83.165004 22.948954 58.180339 76.216679 61.631656 117.611294 22.655525 17.620244 93.054072 125.110745 25.963485 63.902750 55.339052 63.104189 124.094964 38.335462 93.662675 36.831415 28.016271 35.862595 47.405032 45.843893 53.558251 40.136111 63.503181 70.936197 41.094995 48.582325 70.133588 17.284440 22.665712 30.054479 101.935466 95.116860 47.930600 12.014607 38.395948 51.380539 42.259129 9.593748 43.397806 54.646756 110.848374 35.241435 69.390610 76.952981 71.420085 139.533936 121.041773 150.383774 73.853369 59.475024 50.617666 95.088525 107.667339 103.124885 132.596284 50.664869 115.589404 138.864134 44.482146 90.473444 104.749068 131.451633 40.376828 55.821038 97.482025 45.453030 44.878305 57.329991 54.704536 96.148594 74.866410 100.917599 89.285795 60.449358 69.806680 84.645124 49.769766 105.763416 69.083990 28.537836 102.967747 17.177355 37.434591 70.396025 46.635335 25.840658 72.431919 27.903934 7.269426 11.180629 45.477912 39.682862 58.593012 49.297012 75.851376 0.000000 1.830442 11.920423 14.933307 55.366177 16.541408 70.462867 56.903110 73.160297 0.525232 1.942134 49.131291 97.080824 26.924318 99.536151 62.969870 92.253883 53.348100 55.058629 67.723597 61.267714 80.288929 102.130999 93.730556 94.020952 105.601781 62.757201 73.954325 46.365617 80.624216 67.369282 72.565373 55.468415 46.837510 65.580909 59.218704 68.289332 96.835119 84.188201 80.901591 82.738958
110.682099 103.348703 93.106318 31.451682 100.992349 93.663156 85.838198 59.505280 67.736697 38.825197 44.536365 25.453711 20.541173 20.545268 30.752868 9.396149 2.938685 19.370384 32.542678 36.371777 46.286574 12.991450 6.813774 44.542969 47.176985 43.903271 56.062571 65.457454 96.394045 102.365515 94.069508 72.473413 50.625936 42.426612 42.640116 27.488196 26.756471 27.007635 28.484466 25.409227 37.484407 45.560203 34.776891 27.584641 20.989731 20.110352 0.000000 57.370955 60.485612 66.820842 48.158990 66.017670 86.971886 73.778949 50.286239 58.374765 83.833117 67.064140 15.722730 40.141134 16.131071 82.191931 9.826646 7.607629 28.840174 94.559418 133.383491 28.840492 63.914145 12.921840 40.100205 48.986546 43.762649 83.316802 16.369612 8.716919 70.711681 101.458718 16.289242 37.914010 36.470266 43.788430 95.422864 28.777032 70.856400 28.342180 20.325328 22.526243 26.357114 31.938313 34.802257 26.256355 37.905690 44.746913 28.322545 37.633574 48.561945 13.776991 16.154184 15.245154 70.708637 72.181057 29.923273 9.543604 22.811037 34.079190 26.708687 4.333676 32.702242 36.670571 89.407472 26.243447 47.519370 55.380815 45.086106 120.404709 95.360914 139.121371 49.518606 43.397820 36.204438 71.184306 77.618757 79.395949 112.910478 29.649410 97.322064 126.668450 25.464795 73.866489 84.232085 118.726678 25.230790 43.639073 74.069283 38.396727 32.754010 41.779355 40.845548 73.764112 50.728428 79.077507 70.448093 47.873507 46.858292 61.581107 37.343582 86.613488 46.553110 20.228111 87.040071 13.813617 29.786968 50.706316 33.538627 18.496279 49.398192 17.480854 2.949649 9.051553 33.634810 31.954146 50.127507 39.523486 58.714482 0.000000 1.293334 8.886512 12.090052 43.821945 13.015436 63.552537 47.419591 63.747561 0.124918 0.995996 40.020495 83.906039 20.078286 85.398936 44.320945 80.240129 39.560275 39.054147 50.361220 48.250751 60.593397 85.542251 84.447184 84.867971 95.188156 59.620257 69.529786 41.910200 70.708121 63.649773 70.931805 48.240638 46.757097 60.001628 48.060047 56.397965 88.307956 80.007148 75.997800 76.739686
48.163949 68.285309 67.913914 6.470743 33.320913 38.403048 27.815268 16.620978 19.655569 56.936646 73.187437 3.660242 3.632761 2.146012 5.859420 1.906318 0.413873 9.834226 11.322216 15.287383 23.649935 16.057019 9.185882 13.786228 35.738012 36.966494 50.570631 70.140302 66.429297 72.813505 78.130452 61.177535 46.283940 56.403745 57.272329 25.050143 36.298644 39.752839 40.299544 59.009184 57.771582 71.386283 75.044309 64.722918 50.122130 60.184282 57.370955 0.000000 8.280496 8.957439 10.868593 15.986877 21.620295 20.087202 8.805237 11.691879 14.572816 12.595957 1.510060 4.015229 2.231551 13.766540 1.987718 1.936377 5.774539 14.880902 40.026204 6.878237 12.340520 2.238065 3.711417 8.738277 3.969524 18.596666 1.351189 0.977943 12.145151 21.334411 2.157834 7.491797 5.817464 11.573797 29.004707 10.151998 29.896454 7.929250 3.654437 3.125971 4.435929 11.433964 7.557155 12.542970 11.894020 11.562886 7.201669 7.560329 14.432310 7.861540 2.724320 3.055972 13.456530 25.931273 6.719834 1.607516 7.663316 5.898503 4.460324 1.388009 14.588818 17.983517 39.956086 11.790854 21.237815 28.855504 18.434435 53.922687 39.191650 71.799504 23.874451 15.633008 12.477591 26.154231 34.664019 34.061759 50.771627 12.284714 41.348560 56.119837 11.056031 30.759326 32.034702 53.850257 10.234865 22.513821 34.421041 14.475865 15.165346 16.821959 23.042840 27.298176 20.881346 31.711099 27.685701 29.518793 20.238639 22.333604 14.430576 35.062189 16.516995 15.830585 43.047683 10.705677 15.545257 18.980578 12.959481 10.787536 20.693820 8.859988 0.330686 1.132830 3.872153 5.328395 8.099008 4.513152 11.271179 0.000000 0.328503 3.512173 4.166575 12.261570 3.755450 17.210897 13.936033 17.493773 0.722737 0.359044 7.744771 30.365485 5.163901 34.158253 8.429201 25.154997 5.152046 5.439382 10.784578 10.810640 10.783646 30.067139 31.242383 47.931799 49.119157 20.516357 26.023439 24.844841 34.962854 19.973574 25.862900 19.837245 9.986054 25.948242 27.889281 23.414363 44.481833 18.947170 29.115084 37.369080
36.511386 49.387661 42.481046 15.047218 63.204244 65.006271 70.294770 12.986622 19.831587 60.199188 74.460902 8.057211 7.165327 9.830494 24.005201 16.714696 6.312312 2.705650 3.399140 5.046975 9.130274 2.670115 0.945261 24.787324 42.713525 44.703174 58.780194 69.269892 69.942911 74.016854 80.036334 70.255929 59.336288 61.535560 64.588616 22.619150 40.816706 46.296094 42.983672 73.227561 65.311211 81.999782 87.990008 78.476955 57.684039 67.627909 60.485612 8.280496 0.000000 10.473645 9.591224 13.583638 17.678953 14.773953 9.205471 13.268042 28.553613 21.303187 5.870332 13.244628 7.669720 32.689135 3.760399 2.023491 7.540397 47.038303 71.385627 8.477686 22.448129 5.405772 17.313566 21.329285 15.212324 27.176693 6.552200 5.159234 26.616491 53.547604 5.268973 13.716961 18.907737 12.612142 42.854190 15.222077 24.142959 14.564068 5.973719 6.229541 9.613412 18.163294 15.712547 20.503984 6.200110 13.277976 10.094387 19.092212 7.619461 6.697581 4.199861 3.490068 25.894265 36.491795 15.243032 8.278976 20.414723 8.441271 7.477588 2.311876 1.734921 2.353246 11.005848 1.738537 7.572441 4.526327 4.280189 29.301750 11.206487 57.384538 5.112681 4.299400 2.695054 8.232036 7.226287 8.510059 17.482565 2.199083 14.434901 34.326758 1.753994 12.485611 19.285461 41.998496 2.243160 10.920169 23.368062 9.009473 2.123802 2.703817 7.022342 10.470192 4.642483 8.866541 10.009109 10.424947 9.112206 9.236997 3.592170 19.783500 7.764398 7.306642 27.159504 0.529009 4.637222 5.033472 2.263470 0.821885 2.879029 0.915770 2.934942 4.182683 13.016231 12.445552 18.099745 15.023215 18.879254 0.219795 0.112890 0.323716 1.117472 4.076429 1.348669 11.879360 5.665755 13.189530 0.000000 0.261868 21.827129 24.748691 24.436438 41.897118 19.743801 27.878480 11.972531 11.928451 28.697349 25.305036 29.810895 44.365328 20.138039 30.614275 39.376197 12.246272 36.175810 5.283211 35.715467 14.824770 30.283944 9.318507 5.539392 11.616701 9.000698 8.012203 29.248695 37.541608 53.897595 55.427502
47.328241 65.531493 54.041695 14.112075 54.207258 56.860288 45.203584 17.905203 25.434225 62.397144 76.891017 10.333812 11.142419 8.865868 14.924275 9.821156 4.305483 16.091045 19.371090 19.050068 23.994704 13.054658 10.317193 29.699303 47.521074 51.553417 64.681518 80.992079 80.375182 82.759154 87.463541 80.611288 66.883296 69.044795 68.383887 30.754749 46.775618 52.120344 52.488166 77.562011 68.887733 84.516569 90.804036 85.552738 68.995836 71.962382 66.820842 8.957439 10.473645 0.000000 14.101219 16.744319 21.225085 17.309924 12.117005 11.399427 22.910512 17.349942 8.793780 16.803193 8.766434 38.388673 5.745179 6.936017 13.900660 43.284864 75.689468 14.593634 25.107262 5.477324 16.034626 26.977222 14.975482 38.867965 6.474077 3.062712 32.580226 53.607945 6.742901 21.020563 17.681429 18.518657 52.308207 17.232965 36.762169 10.699417 11.901715 12.723172 12.729147 18.953844 14.482080 16.883754 24.316939 24.008084 13.309364 16.794193 24.499438 5.728640 8.359992 9.413081 31.597068 37.954703 15.247761 6.792640 17.981553 16.920045 10.268535 2.366868 24.576695 30.812646 52.103654 23.409936 30.231740 38.355587 16.986697 56.574987 36.209759 84.521260 25.765735 14.668820 11.978310 26.736977 43.501787 36.848888 56.255905 8.659438 41.448185 66.679968 10.101924 34.231541 30.059070 64.585599 9.317659 22.587549 39.685480 10.376604 20.013677 15.502681 19.950563 32.983229 26.881684 32.538651 33.359988 25.348480 23.793537 30.769615 16.773611 39.167861 20.939080 11.841787 46.542777 7.578070 12.989779 24.215368 17.935061 12.216447 25.334811 7.148576 3.214106 3.420263 12.955954 11.739937 19.504669 14.863718 19.204723 0.030907 0.404699 5.601132 4.717366 20.454296 5.271659 22.735999 17.656943 16.624387 0.330471 1.063895 18.775818 27.485988 17.173556 47.605620 19.572502 28.088728 18.093151 13.280087 29.215882 29.922980 30.460064 46.823252 23.392416 36.784881 47.997631 21.732920 36.590012 22.399324 36.261938 22.199018 33.884176 27.200484 11.609546 33.374983 31.315312 33.163836 49.501880 30.082139 41.654423 48.948177
23.995844 32.666579 23.901929 11.445591 45.644657 44.126699 47.254759 7.430546 27.133121 66.087946 81.090026 5.998973 15.561981 14.097446 23.877670 15.703972 5.707041 3.362669 7.179250 5.844590 6.827058 3.384368 2.396816 21.345131 35.954950 35.124638 45.616945 55.586942 56.519390 64.006460 67.812698 55.421887 45.781098 53.403556 57.325042 17.817759 32.345284 34.462315 30.001658 56.465772 54.517686 65.617969 74.499287 57.312211 39.481461 55.790845 48.158990 10.868593 9.591224 14.101219 0.000000 12.913307 12.339978 13.631325 10.223594 8.628939 19.497995 12.085112 10.724151 13.464087 7.990048 25.521311 11.430667 6.526271 6.895643 28.584889 51.103439 6.754301 18.676349 2.583906 10.420736 20.425216 10.594329 20.876450 4.102656 2.611583 16.073607 31.808422 4.827128 19.870205 11.118433 6.725024 29.062504 10.085512 15.556350 14.198239 21.537453 11.038657 6.137581 12.489170 9.381814 12.789873 5.692785 10.255862 6.766467 11.410733 6.679884 3.738859 12.068998 5.082207 18.866216 24.130532 8.572373 4.795617 14.434303 7.598301 9.247795 1.117681 4.231114 3.328257 9.189857 2.574446 7.027909 3.762502 1.847124 10.536864 6.030255 34.809391 3.275617 3.474948 0.748668 4.532988 5.006589 3.876773 15.497398 1.279084 7.804424 17.235677 1.987389 8.006674 12.656951 23.265421 1.647814 4.106033 13.426442 7.979159 5.717916 2.397268 3.125780 7.233426 4.429599 3.777943 5.796176 5.149442 6.993763 7.456059 2.400894 7.680392 5.619913 4.026665 10.942641 0.516687 1.614479 5.665389 5.419686 2.751739 2.870293 1.638966 14.975322 15.453440 18.910506 11.805841 18.230662 14.557071 19.330854 0.615332 0.109944 4.930194 4.072688 7.762618 0.594325 9.916119 5.898224 10.825170 0.314297 0.000000 15.310505 26.336929 23.285562 37.717030 17.175527 26.113171 7.555118 10.489605 24.088942 23.512219 23.443884 46.452499 14.688373 32.385021 39.286356 8.450532 29.832747 6.145144 24.120028 10.610358 26.343308 5.970734 3.235696 9.489621 9.249124 6.321854 24.717452 28.833987 49.769462 43.666828
27.239586 34.898210 22.850548 11.993218 76.726058 85.394632 82.422433 11.649707 33.985795 64.926305 83.910189 27.605829 35.462728 36.351548 44.229074 36.952093 23.038423 6.849077 9.507517 8.609769 11.845742 3.800915 2.370769 26.931694 48.296698 49.482034 62.019501 79.730792 76.341751 84.535859 91.745691 82.290749 67.091733 71.300678 73.855869 22.981782 45.182791 52.324223 45.004558 80.076993 76.655871 91.266665 104.286153 84.638196 61.877740 80.919912 66.017670 15.986877 13.583638 16.744319 12.913307 0.000000 10.016801 14.966211 12.333138 15.915708 26.767480 23.419021 54.585415 73.998868 49.848550 90.897387 39.547728 30.831016 49.356864 72.758314 91.639751 44.623070 39.394982 20.050372 46.329197 80.035210 66.338110 82.499486 25.777697 22.269251 72.819369 82.277105 26.349935 54.101467 41.179341 33.266500 73.751461 34.520835 41.922648 17.824202 44.356581 52.896020 49.692932 52.580482 44.942614 42.914760 42.193511 54.825833 34.247517 41.111294 43.660256 15.489507 48.085313 40.018172 85.759089 62.650759 47.828975 27.104250 43.212209 43.247889 30.261653 17.834416 7.190737 11.042366 23.557558 7.373430 29.727264 16.160450 7.056679 27.591145 15.016037 65.881860 22.266201 7.220889 2.986935 11.357828 15.952220 14.445873 58.283982 3.499474 43.697633 38.979935 7.082921 24.766077 42.259062 61.382351 10.512182 18.563901 44.208350 10.431894 8.914518 11.175829 13.100838 20.892232 13.839329 22.451779 18.803954 20.097110 34.467667 47.857073 12.993307 25.340359 47.279219 24.706187 35.876571 1.594132 7.941379 31.180912 8.451700 5.167838 18.198406 5.881265 15.895866 13.513147 22.318903 11.388245 16.572434 17.689445 13.650368 3.132872 1.063923 1.232593 2.272505 6.122886 1.974665 12.840133 8.002196 17.068806 0.000000 0.420039 19.266652 32.200120 33.212011 36.632841 28.158464 32.344121 32.175128 13.921868 44.214817 44.946193 47.758936 50.345118 18.006349 37.020878 47.098339 10.839697 50.938945 7.839476 48.573584 14.354353 36.431700 21.899271 5.959917 19.307336 23.144492 14.088832 47.769744 46.072617 70.520327 68.900016
23.572206 28.533908 23.847385 9.206062 80.287991 84.803954 72.535046 21.610309 35.652770 71.822405 88.715370 37.946072 48.228220 50.558640 55.188372 46.464454 36.305267 17.694482 28.968607 29.481778 35.073492 15.462811 10.094630 41.467056 63.293295 70.504912 88.318272 95.665863 96.654671 101.443027 104.948006 99.564184 91.243717 87.305628 85.559186 38.907304 65.933741 78.582450 79.133262 106.786754 98.281789 112.801213 121.497061 117.035397 102.236664 99.316739 86.971886 21.620295 17.678953 21.225085 12.339978 10.016801 0.000000 15.426657 21.142623 22.356218 28.420841 38.904447 75.057108 93.852627 72.582944 108.010850 62.623589 53.124834 72.413965 92.990814 110.488255 77.759777 57.073057 33.689393 62.755383 103.693612 90.086762 106.634240 41.503884 37.674849 97.541800 100.498330 45.225110 65.083701 59.792873 52.097726 94.840802 50.839890 65.674783 16.546385 59.427726 83.777613 76.302699 74.666226 74.086810 57.033038 72.901021 79.532674 52.590032 59.179283 73.533860 23.570087 73.790374 69.501596 104.856321 82.874419 75.584000 37.226754 61.632420 69.955556 52.478685 32.252598 26.200518 32.390658 64.086713 26.193843 57.023877 42.966656 17.788604 77.155160 49.763463 121.896212 53.909863 21.190810 13.532747 31.740877 52.422581 50.086223 102.152614 15.940316 77.753103 89.507254 21.004549 57.929072 75.685225 97.088936 30.039258 31.076690 65.647401 11.673326 30.419787 30.276856 23.104076 47.082923 44.653172 58.255516 40.443475 29.136753 57.193272 86.183510 37.284785 51.553807 80.607125 29.052417 61.206637 4.298845 14.379800 65.434108 28.342171 19.638794 47.397298 21.406389 24.038358 20.256662 24.738942 13.361057 19.471911 20.145758 13.885975 5.596715 2.740818 9.727945 7.602456 21.417568 4.951914 30.399283 23.228229 26.785384 0.830229 0.977336 23.359425 31.356927 40.390070 41.309453 29.913335 31.492614 41.267327 16.933826 51.810472 51.687957 56.448929 55.282003 18.364231 37.737786 49.220913 26.366255 64.391370 26.953234 70.060659 34.327521 43.673109 41.710382 19.006825 43.695863 47.654446 37.713835 71.170529 50.191972 73.050027 81.709807
35.693367 38.818444 26.999505 17.047928 100.076359 101.586705 94.617692 17.323395 28.982892 61.337786 77.474899 21.663865 31.192373 29.872228 43.481365 33.263537 15.630428 6.884323 6.403736 8.728607 12.244587 3.071030 2.400990 33.177140 51.563332 57.498942 74.733876 83.509343 83.003480 86.727333 95.246050 86.490421 78.087585 75.404236 75.909630 30.418742 55.528765 62.375069 58.762880 92.018351 84.204057 101.652690 111.511867 100.100872 78.934392 85.209026 73.778949 20.087202 14.773953 17.309924 13.631325 14.966211 15.426657 0.000000 14.785097 23.241448 42.267750 34.445869 27.323357 49.673328 29.382588 81.422929 22.736011 19.792096 35.523408 82.368071 97.709538 41.769770 50.557194 28.654504 53.205188 72.544750 55.297406 79.222337 31.264988 24.339257 78.835794 86.259798 30.760315 56.711827 53.337133 56.983652 80.536984 58.128538 62.492741 36.054787 33.260475 44.333726 46.972001 61.382824 54.595274 64.540359 37.921759 57.666201 48.821004 59.040554 57.993731 41.126480 31.449456 35.525106 84.226071 76.584583 55.246588 42.670770 59.475001 47.864601 22.575854 12.264941 5.811677 6.828838 23.026464 3.836284 22.035589 12.266913 16.221137 42.999971 28.391904 92.469247 20.004143 10.758877 13.296738 22.278270 23.323327 24.869262 50.896589 9.806671 41.948567 70.613253 10.581212 51.760564 56.244984 81.574363 15.488833 56.651282 77.759556 29.966077 6.943771 12.343301 52.175853 51.237244 17.393959 25.117571 46.986465 65.393163 37.477045 36.174852 14.052490 61.327412 42.570673 65.176859 77.656783 11.889829 32.495628 20.419940 6.197212 2.253448 17.936035 7.211926 13.839827 13.865076 21.132385 14.235575 20.827188 19.358387 22.323565 1.958638 1.403468 2.011630 2.237723 8.814197 2.653913 20.020377 13.011140 20.913632 0.124411 0.930141 21.292808 28.913137 32.737083 46.953104 28.650079 30.909632 25.669498 16.486746 41.041379 43.570630 45.884335 51.242326 18.360445 31.845728 46.252874 15.342281 61.218950 10.174672 57.153708 23.983818 47.800241 21.911819 14.705183 23.707643 19.360471 17.803436 52.408644 65.058311 73.610537 77.476417
32.727995 54.445278 59.623917 4.212644 30.537622 37.983527 33.106484 11.121588 23.029667 60.518846 78.323996 2.502207 2.483106 1.999195 3.388380 2.351380 0.767935 7.146838 8.906264 11.425980 18.809434 13.769359 7.741759 9.713453 26.641541 27.458228 32.908444 56.957593 50.625747 55.618305 65.175983 43.952201 32.510489 47.153020 47.032246 23.236810 31.063545 32.913085 28.554233 48.396443 48.230387 61.281094 66.530688 49.379990 38.331430 54.212199 50.286239 8.805237 9.205471 12.117005 10.223594 12.333138 21.142623 14.785097 0.000000 9.494291 12.547235 11.446661 1.966132 3.727304 2.757795 7.209485 1.351856 2.604478 2.899820 6.948112 26.084141 2.386131 5.293769 1.006843 2.242155 3.303026 1.130126 9.076685 1.097956 0.437988 6.057425 11.628956 1.331254 3.620330 2.615656 4.905353 16.777869 4.505187 15.897457 4.611838 2.875916 1.640228 2.210440 5.025895 3.625736 4.036298 4.465141 5.410856 4.159938 3.681394 5.228879 3.879912 2.309825 1.300522 5.101702 13.989989 3.413930 0.175366 4.124937 3.222560 2.792507 0.972054 6.963541 8.998625 20.555975 6.026288 12.932025 11.356028 4.810361 31.518112 18.459601 51.388648 8.012162 6.302370 4.578349 10.575917 13.781793 11.514863 27.126876 4.091564 21.499805 37.778996 4.310467 17.112122 16.374424 35.147507 2.645563 12.150299 21.230272 9.648747 9.396760 6.086612 10.137679 14.496088 9.117801 13.339589 12.410027 15.235544 11.190059 10.146391 4.515105 24.069277 5.405600 7.402275 28.487847 4.379122 7.267566 9.037983 6.631219 3.620784 7.425361 3.161061 0.912600 0.725123 2.639327 2.351345 4.848818 2.878117 7.350481 0.000000 0.059843 6.376302 5.725807 10.824791 2.652418 15.366965 12.336724 14.541853 1.219991 0.318609 5.665443 21.255187 3.860071 21.940985 5.570897 19.226318 3.240725 4.629821 6.621426 7.339313 6.935715 17.620054 24.324556 42.807886 36.028343 14.118057 26.489394 18.756796 28.760495 16.897504 24.536235 10.065831 8.050364 20.804979 19.577243 15.840209 40.781498 15.980806 31.561263 36.941699
50.870580 83.335211 78.535862 5.362497 34.778106 39.836173 23.196979 13.294715 33.051058 63.263865 83.333845 5.708125 9.037767 7.734766 7.541047 2.892125 1.162358 21.595219 29.892953 32.554239 36.878273 27.606609 19.645561 11.081251 34.958318 37.396810 50.543790 72.765112 71.439927 78.459395 83.458518 63.817716 46.893098 61.282956 57.825739 24.566293 41.409015 42.906146 39.015258 65.153203 60.568296 76.022257 84.836509 68.592944 49.696361 64.701103 58.374765 11.691879 13.268042 11.399427 8.628939 15.915708 22.356218 23.241448 9.494291 0.000000 12.676639 11.781326 5.215545 12.890194 7.759207 27.106014 4.472755 9.349547 15.942737 17.853746 49.147021 18.532777 17.226414 1.263982 6.498974 20.254917 9.630495 34.846618 2.239452 2.479525 20.742865 26.553709 7.634201 17.253590 9.128519 18.668686 39.838300 18.021810 37.184538 9.992679 10.450361 15.758034 11.103827 14.457438 11.041877 14.513640 31.138177 29.742859 15.679734 11.984732 33.703469 8.704203 13.788405 10.681589 25.821728 34.700407 11.383413 2.965719 7.925963 20.504618 7.735149 4.804592 39.967561 48.013992 69.199748 34.264471 43.433584 50.952979 27.274873 61.578257 44.767600 78.366256 37.693452 20.510999 17.781803 34.683451 61.897741 57.972335 72.806339 18.475947 54.636321 68.830479 18.050158 48.545097 40.218302 61.459803 21.453327 36.466554 38.270039 16.740904 36.856190 26.236822 33.988430 45.018789 50.096000 50.710930 49.118086 35.606242 31.473244 42.238826 29.972597 48.476442 29.489181 18.011095 48.974704 15.862311 20.107471 35.963755 27.506252 24.545936 45.314871 17.047417 1.934990 1.031586 2.522054 3.083587 7.051215 4.231080 14.194832 0.000000 0.203965 12.326724 9.797444 24.557506 5.770013 15.431948 18.668768 11.035282 3.063656 0.888400 9.470167 36.980638 5.888274 47.595855 7.955794 28.764472 10.468691 6.416016 17.390757 21.327358 15.420264 42.234831 34.260315 59.011822 55.636745 20.810865 37.673546 31.388891 34.477272 25.621466 35.203774 31.696160 9.159218 40.691967 40.649323 37.452391 51.155667 25.582565 42.123939 44.910269
76.993179 92.612584 77.335711 18.582049 26.557361 28.201937 21.536050 9.957439 35.699228 71.091966 89.349565 20.968513 31.960946 25.519077 37.334060 14.970887 8.930397 34.833715 50.502095 54.155019 54.120072 46.866074 39.497110 34.078270 69.229826 77.077075 94.512703 110.080936 108.935272 115.074476 121.961179 111.439312 95.749113 98.361038 92.036323 43.693771 60.792025 69.964158 75.910820 92.506655 88.664843 100.153157 107.231239 103.883548 93.345733 91.556588 83.833117 14.572816 28.553613 22.910512 19.497995 26.767480 28.420841 42.267750 12.547235 12.676639 0.000000 14.953552 25.302288 45.795077 31.468815 87.226254 20.520303 31.905272 54.395760 62.274087 116.697552 58.836726 52.588738 8.965436 22.584329 67.671801 46.350768 98.208959 9.321682 8.523309 70.357619 75.412459 26.470368 67.968370 28.497858 55.960335 85.009539 32.452025 78.093866 10.582814 44.633981 52.534246 44.756974 34.344386 34.315503 28.862713 79.817612 79.531806 46.500202 30.879155 84.524157 23.083756 48.741394 45.602769 80.098979 74.207654 30.213594 7.617549 21.894442 63.353718 27.057700 13.617260 75.687694 81.824258 98.961545 69.833503 74.903458 88.478519 64.073196 99.686008 88.640704 113.635344 83.906046 51.361285 41.024543 72.782500 102.072304 98.052875 105.982703 47.165168 100.931290 107.865565 50.605926 77.349350 76.761614 101.343592 57.187484 72.477811 72.299507 17.635384 68.381639 71.332098 68.508256 93.039025 96.614559 95.511819 100.592738 69.410965 66.063543 83.943122 68.673137 94.148727 72.520764 35.083359 87.292394 35.883714 44.993478 73.468015 67.470429 65.515644 95.593791 51.739256 8.993965 9.371079 21.585045 14.228330 26.922361 23.299197 28.669173 0.334963 0.948176 24.412084 19.809822 27.647191 12.025229 18.521804 20.288198 13.382404 7.413107 2.371143 26.363300 61.814868 29.459517 79.652291 29.214211 45.041419 35.394976 22.271896 48.055798 56.490378 55.919882 79.549980 50.479438 73.289720 87.238300 23.438600 37.121307 41.600216 40.014314 30.599805 31.952919 41.915450 15.860414 53.875787 51.208750 54.895056 57.267383 18.070633 40.316171 51.797786
84.810264 95.507638 85.189925 9.856912 32.740809 36.855131 22.092321 17.436868 29.303022 59.566492 77.615763 6.936405 7.573252 5.683837 9.580458 3.211070 0.899731 19.581055 26.967404 28.968100 37.270621 25.185703 15.835803 20.140921 47.242187 52.086931 65.531457 85.269685 81.668290 87.275716 95.444509 81.942952 65.065345 70.642052 66.660303 31.558517 45.681483 52.947686 52.923158 72.916821 68.725683 83.035806 89.461490 78.890231 68.340059 70.640254 67.064140 12.595957 21.303187 17.349942 12.085112 23.419021 38.904447 34.445869 11.446661 11.781326 14.953552 0.000000 3.210567 7.947247 4.002906 28.094046 2.704941 5.622263 11.307920 37.127172 74.832813 15.366169 19.542737 8.721005 17.564217 21.471692 10.650361 42.352964 3.587787 2.238060 30.769403 54.739685 10.821502 27.444926 41.868848 42.828285 68.958891 55.908112 72.139047 24.328134 9.819955 14.746549 15.769312 55.199785 33.595178 62.838901 25.756835 32.381701 29.425990 44.273749 41.314280 51.335752 8.672570 8.162242 31.752773 78.056686 37.594200 12.508081 47.192978 18.029284 8.138345 2.179972 31.011767 36.321489 71.893270 24.591516 39.288476 42.206067 35.725763 77.744849 63.407906 90.081012 43.837195 30.729115 31.317735 48.534996 70.324192 67.400117 83.956501 27.588593 70.103920 77.888213 32.265367 56.050193 61.701857 72.787938 28.330093 55.992838 58.116172 35.987787 36.752985 35.293771 53.201393 60.462899 62.018381 63.368875 64.300043 61.231727 49.944149 44.130248 39.533577 62.905515 45.313570 48.999205 68.465049 40.196492 46.240810 39.553389 30.317484 20.354696 55.059182 23.227592 1.354673 2.124449 7.435535 6.189909 14.443104 12.091164 19.841493 0.000000 0.478315 12.577859 12.494559 21.216780 8.588521 19.789648 19.161589 18.876425 2.764516 0.990826 9.592867 46.758410 8.748417 52.968512 20.398351 42.882723 15.181315 15.772770 19.301678 18.888335 22.445425 52.270284 51.873768 59.264256 68.307224 19.984428 29.063917 28.951508 42.105547 24.622389 30.248570 29.689045 11.924642 35.312186 39.891517 35.396292 51.267118 17.578910 30.485345 44.335349
115.990191 87.355929 94.898977 59.163852 57.913356 106.324578 76.838409 10.565913 89.602491 107.440700 125.107153 52.409681 58.368411 50.608940 57.447069 33.704100 15.573514 19.038518 38.650425 36.721068 25.333301 7.727866 2.751698 6.857569 24.943819 26.460810 28.817813 39.976463 36.309449 48.184754 56.766735 31.388787 19.233032 31.528401 28.049378 3.907102 11.974891 11.745908 9.368240 35.710490 22.614581 39.200703 44.898443 24.307554 11.207954 29.102780 15.722730 1.510060 5.870332 8.793780 10.724151 54.585415 75.057108 27.323357 1.966132 5.215545 25.302288 3.210567 0.000000 15.567574 13.869990 41.796387 13.306431 22.345574 52.666338 82.436001 68.262835 96.021381 95.145545 39.268851 79.933612 14.960062 47.503564 71.433428 30.205913 34.405126 91.528424 104.783192 86.939367 83.380828 109.513772 28.141307 78.384686 87.581630 50.234812 84.077077 90.013592 71.629801 86.469457 134.961756 125.576787 88.254365 78.282195 90.000211 58.270803 81.623319 81.931243 42.274750 94.756545 83.007221 101.178897 80.637585 118.492557 92.324112 105.983216 64.238092 34.872743 92.017390 61.457284 64.177247 82.924056 66.896533 95.390934 82.063720 7.230045 8.277843 16.978947 38.959934 87.328235 16.325104 3.433751 6.826337 69.720121 47.198102 112.393841 8.874239 86.417655 26.995596 21.110573 70.527140 57.740169 57.183488 31.771696 15.294686 41.076165 19.522218 52.863858 38.199523 8.647612 19.647286 55.104438 56.701055 21.925363 13.344230 70.282258 110.534638 40.636177 25.546219 99.641292 28.023705 29.335873 7.549261 3.244785 93.517035 55.597426 41.947902 70.011611 28.241142 75.723474 55.927337 65.180163 24.817522 55.209657 55.662351 67.885557 12.525946 1.744758 15.188767 5.224059 12.469895 3.057961 11.898158 8.181634 10.693379 0.404552 0.000000 53.181326 77.162665 67.261336 78.746932 58.352031 86.505930 67.512859 8.727131 80.246272 79.296815 74.455769 80.946418 88.833692 98.069936 86.398438 7.223482 38.078950 11.746895 65.593678 6.822660 27.037615 28.645177 0.610694 29.301423 42.897943 26.091165 79.031153 17.729243 48.957489 69.713297
125.430243 95.909081 101.413525 68.175850 90.222154 134.940762 116.217312 16.807143 101.789825 120.504435 143.643453 66.451472 78.880280 69.561303 70.336589 39.046270 18.701902 27.166292 56.119697 54.164982 38.816907 11.558520 3.326678 16.618095 43.352177 49.674892 56.665749 89.984389 77.953812 81.616487 89.762459 64.513160 44.804265 58.531801 57.107742 7.094077 25.335455 26.528690 26.274036 65.818951 51.172322 74.582518 84.526325 58.712774 28.783924 54.892795 40.141134 4.015229 13.244628 16.803193 13.464087 73.998868 93.852627 49.673328 3.727304 12.890194 45.795077 7.947247 15.567574 0.000000 11.547597 21.443988 43.936093 38.435880 45.626097 98.423815 88.740031 97.135037 109.308448 50.019459 92.786382 22.290894 17.978097 67.145232 36.204100 44.739759 111.628719 121.184059 104.561790 92.691909 127.320735 47.512291 93.308072 96.140982 66.401633 98.390192 110.860909 88.161216 103.021546 151.851932 145.927077 98.441779 83.626601 112.133558 66.952896 90.395834 100.479751 46.955721 106.675674 89.897511 108.673317 93.778984 136.584906 107.586562 118.039528 63.163738 66.607508 102.541365 84.150687 79.562222 110.811433 88.084499 109.099955 106.533430 10.486724 13.645016 23.410018 54.545200 112.002283 26.880868 7.434509 8.793275 98.353885 75.186332 128.004494 11.084004 101.536750 43.887836 34.241607 101.823096 78.196136 73.334409 46.772973 17.433816 56.038226 24.812951 80.669619 54.653841 14.346633 28.608187 85.960720 86.774798 28.529175 13.050870 85.319099 122.694341 59.120614 34.295651 115.764004 33.301663 33.771288 16.633958 6.692914 102.568529 79.836588 69.972066 103.661259 47.656919 91.751226 64.986320 78.203843 38.057128 68.685016 70.346280 82.557937 11.551322 3.324871 25.720499 13.404758 26.401626 5.098635 22.744189 18.113087 21.000837 0.404123 0.370380 65.723583 93.087960 77.407562 86.010183 74.388013 97.365269 80.024167 16.746011 90.578719 87.309443 85.510099 87.598116 104.357019 107.693890 91.834767 14.531303 63.322894 22.083702 90.956137 14.072172 50.248778 49.524404 1.086764 49.119473 68.492977 43.432368 104.809673 37.674304 84.189040 96.006745
102.110160 91.627714 84.251884 49.249996 42.408281 97.975338 78.598652 13.712894 88.720459 102.314290 120.540965 50.220604 63.544758 56.275244 60.547377 28.738341 14.362965 26.196913 47.050196 40.441292 31.835482 10.336842 3.140717 5.432840 23.873728 28.757423 27.961447 49.233415 47.496830 44.378450 48.760297 29.540340 19.603729 28.005192 23.584116 3.152665 11.414072 13.493636 11.785757 36.194174 22.399868 39.368703 43.114552 22.771705 12.906778 27.822758 16.131071 2.231551 7.669720 8.766434 7.990048 49.848550 72.582944 29.382588 2.757795 7.759207 31.468815 4.002906 13.869990 11.547597 0.000000 14.274795 13.962369 13.197984 11.003483 45.996861 34.654671 92.911447 77.269597 17.610255 45.255413 62.794301 88.932765 93.782398 15.735110 19.988539 66.764015 65.788826 66.776169 90.395613 82.275376 20.895225 38.132095 39.114249 34.320586 71.586793 104.496636 86.475490 68.571231 96.159046 96.741475 52.874083 75.684974 79.067810 54.839073 32.821323 72.836823 30.287656 103.453419 88.152272 114.098993 42.297064 77.539661 87.637749 71.574738 57.220497 60.459052 77.055512 68.485486 58.369629 87.659500 56.083766 94.566119 83.084159 5.201441 7.416997 15.379692 21.787077 81.380014 16.368684 4.569972 7.413503 77.954556 54.539018 103.646815 7.079803 71.155100 20.065373 21.094503 75.250722 44.185450 35.145054 26.511867 6.222993 22.348090 17.534057 64.963347 33.237386 4.073843 13.234224 66.267656 57.968301 14.990979 6.603981 68.405382 101.729463 37.374613 12.839862 92.824648 20.978412 12.729187 7.243171 2.304256 89.038863 62.850324 51.208468 76.047133 30.622321 72.461119 50.288618 62.957323 25.998249 52.038808 50.801258 64.678458 7.532478 1.716889 17.827727 12.286290 18.987823 3.185016 19.772542 8.894038 14.733690 1.680915 0.200536 46.974512 67.962204 58.030551 81.574041 48.981254 78.296901 65.803057 6.631805 75.102014 79.556417 71.940596 81.847841 80.764734 88.008083 80.665696 10.714342 32.130351 12.576788 60.823384 8.661784 27.646576 34.934532 0.144581 35.728902 46.085636 25.590287 79.540301 21.794068 52.920462 65.999748
115.051962 91.142089 101.334005 88.007982 153.969741 163.093552 160.375211 29.346037 102.476176 127.736321 150.752711 75.752100 77.625136 70.180052 71.879398 49.734074 23.827099 47.618749 78.741882 74.191374 62.280087 17.441319 4.901866 29.676845 74.908835 81.100354 91.144437 121.877298 117.388125 130.619590 134.546558 115.420227 85.417617 108.733272 103.729106 18.153168 51.855361 69.372469 58.265109 120.385267 103.458667 132.181239 141.015517 107.585843 72.968692 115.698852 82.191931 13.766540 32.689135 38.388673 25.521311 90.897387 108.010850 81.422929 7.209485 27.106014 87.226254 28.094046 41.796387 21.443988 14.274795 0.000000 48.166985 25.902618 13.767795 109.833469 125.309101 83.330330 94.580849 102.673943 122.789614 39.194867 22.482788 26.139042 91.753198 85.961010 99.776779 122.740432 103.610681 89.097684 138.492650 100.363426 137.047221 141.413150 134.551311 115.553367 112.114308 87.291891 60.183694 150.068633 137.019791 148.585011 52.420979 85.187147 72.498560 128.860511 89.707352 88.705227 103.536250 83.833088 35.853248 151.711385 127.427690 121.781232 154.515863 46.853662 71.919511 80.555602 113.482422 105.271917 127.987505 103.289835 110.696916 123.994431 43.246081 54.925707 76.318686 121.908827 140.781701 74.083623 26.168237 45.709466 132.406919 117.272759 132.616921 42.434726 132.795574 108.471894 79.443220 148.873473 119.825338 140.185480 100.372981 75.575317 135.635621 42.738338 127.482460 102.449809 58.880464 98.934380 136.563329 123.434081 101.307954 49.833414 94.849190 121.909662 102.936866 105.869970 113.082405 80.036369 104.910607 28.106227 33.930812 98.994123 112.221683 121.805040 145.792363 93.529398 97.236092 73.579085 85.221589 46.880319 80.995401 78.644281 94.928273 14.507149 3.890963 37.374821 22.545933 43.867546 12.104568 42.622060 30.140508 42.851867 2.504741 0.214429 89.353064 98.430211 88.513381 82.284532 97.129141 110.931693 84.909404 34.237070 91.381801 84.467974 83.011739 78.612309 119.169570 111.490653 86.965760 28.804550 112.080646 49.269087 123.487028 34.535564 88.688906 77.363680 4.141472 88.704977 93.462043 76.943637 124.585301 95.742964 142.805346 134.376925
105.820586 76.776296 84.873422 51.028067 46.201729 102.001466 71.912164 12.379867 83.573095 96.995899 116.687621 31.108532 26.806914 26.914214 40.225320 29.406380 14.313263 18.611797 36.500963 30.970099 23.301045 7.277026 3.743638 3.852623 17.147485 18.756898 20.059475 35.599347 39.353257 37.565355 40.688681 21.681026 12.215023 22.064474 19.399316 1.858481 6.611366 10.413828 4.561654 25.542083 19.445715 27.524152 30.628770 18.628591 7.230705 18.130511 9.826646 1.987718 3.760399 5.745179 11.430667 39.547728 62.623589 22.736011 1.351856 4.472755 20.520303 2.704941 13.306431 43.936093 13.962369 48.166985 0.000000 11.277176 48.506858 70.048174 64.418148 92.319500 87.593047 32.372520 68.429485 21.120641 51.356826 68.707199 28.607966 31.408465 82.009608 96.463975 74.257688 72.563494 94.990701 30.736405 72.193200 81.468343 71.242107 73.661552 71.170443 56.470580 75.748432 126.392501 119.003621 82.954500 66.160476 83.987549 57.398100 67.513481 68.493729 53.886545 81.493825 76.283148 92.555600 82.670959 109.353451 78.474007 92.297871 36.391203 14.348960 78.964767 53.383363 60.269237 80.627423 59.394249 89.295676 78.934593 6.358711 8.666923 16.544385 38.942995 81.345811 10.997448 4.224737 6.180704 64.315895 42.792714 112.573434 6.272921 87.643650 25.935687 20.089460 71.320962 61.890807 57.818946 30.246271 16.811430 39.936828 17.318524 48.882901 34.949845 10.580243 21.469160 52.084908 55.475267 18.611426 15.182981 70.030575 110.355057 35.703178 23.938183 102.689615 29.550241 32.963306 4.952055 3.189766 88.692551 48.131218 39.816620 71.474771 27.793165 60.939944 46.242778 50.531930 15.963417 44.203709 39.730192 54.006075 11.964036 1.453523 8.561905 5.323958 9.452521 1.239967 7.694337 5.638247 7.920534 0.348091 0.104230 44.606581 69.999401 55.488841 70.674510 45.896739 72.992638 57.940476 4.816104 73.427786 70.129671 70.838398 61.414846 75.658124 90.403203 80.526950 8.229179 26.918067 10.560052 56.574126 4.607203 23.611779 26.047315 0.244432 25.869211 41.120301 22.652512 72.404149 16.521713 39.478046 60.119901
99.113820 87.664552 85.361132 61.457323 78.752402 120.620662 94.002092 20.648849 89.383483 100.223300 127.736692 18.930299 20.464014 20.572056 27.599075 20.677364 12.648438 31.166398 49.496870 43.909168 35.190982 11.859308 5.774578 3.441981 10.151594 12.785031 14.196023 33.339122 26.441175 25.897709 34.507268 14.263572 9.209557 16.250021 14.724611 2.336097 5.805709 8.658665 7.417815 22.198596 13.215627 21.277552 24.197407 14.365774 5.306743 15.167590 7.607629 1.936377 2.023491 6.936017 6.526271 30.831016 53.124834 19.792096 2.604478 9.349547 31.905272 5.622263 22.345574 38.435880 13.197984 25.902618 11.277176 0.000000 12.837055 33.567189 66.280318 86.674818 72.337922 18.572445 30.072296 56.139623 71.470763 54.006454 11.517273 12.724543 76.487195 62.825316 59.649729 87.224465 79.701781 64.303362 72.516217 51.452879 90.384744 76.316053 70.583560 76.562262 65.533826 85.547490 75.152407 76.901593 38.834297 78.138305 42.641239 41.068123 33.585321 99.745950 99.070144 85.344823 86.742430 95.219639 66.803751 66.285768 61.973649 15.863589 17.667760 58.082932 78.015554 79.895985 100.962866 68.982253 80.125236 93.593047 13.982851 22.953966 35.577680 63.241544 107.090499 31.180992 10.780761 17.734880 96.495719 73.399554 110.020945 20.253524 92.888621 43.539230 38.033509 107.218819 74.445577 87.913832 48.812429 33.929044 92.437095 34.164037 85.954132 52.047231 28.357423 43.350148 88.902694 80.143535 41.310415 39.634373 66.151777 97.424196 54.855386 50.182131 79.972406 81.314826 64.849132 13.850730 13.453752 72.627593 75.098319 74.369164 100.856304 47.144619 55.423934 34.065618 40.008538 10.923624 32.177932 29.942067 41.832698 5.601505 1.181570 24.351825 11.830020 18.694538 3.908124 17.879095 11.865482 14.636244 1.035343 0.108264 38.961695 61.360078 51.565003 74.326694 38.702161 68.073113 53.674706 4.750645 67.830524 69.307021 65.691666 39.590051 70.908477 89.252922 79.485887 14.537570 42.104154 20.816506 70.014210 8.928347 30.018485 37.836707 0.921440 44.298453 57.172210 34.630140 78.799202 28.099881 63.515092 74.992463
104.889084 91.006256 92.387764 46.274451 95.627792 138.222875 119.592675 21.407879 97.226683 119.730621 141.023016 52.820053 59.076388 52.187992 57.466729 22.524918 12.384700 44.573449 69.693365 60.472465 47.565333 17.051509 4.697110 7.288197 29.904109 32.683175 43.479971 78.377837 64.448819 69.002062 78.636119 48.011003 31.027418 46.280441 43.014216 3.977760 18.242870 22.670759 21.149900 59.954211 40.607446 64.296265 78.208810 50.239542 23.153319 44.798535 28.840174 5.774539 7.540397 13.900660 6.895643 49.356864 72.413965 35.523408 2.899820 15.942737 54.395760 11.307920 52.666338 45.626097 11.003483 13.767795 48.506858 12.837055 0.000000 75.268070 80.907696 82.141318 81.729137 46.068788 67.677854 65.576565 62.068868 19.436808 31.241370 33.908270 86.474891 98.465674 80.210780 91.461227 109.019969 57.959303 86.219352 82.116395 89.624944 65.370635 113.223559 95.850210 61.940474 119.460615 113.013430 75.798831 16.814109 62.851549 59.424732 86.332937 33.688963 62.005389 106.703324 87.403069 74.023601 94.293189 111.519669 79.217613 87.896225 27.298134 65.098654 79.113459 95.848781 92.801095 114.169090 77.945586 100.221386 95.820093 20.636132 28.289873 44.927064 75.946514 123.538930 47.196956 11.013743 22.721653 115.824602 93.242081 120.286185 22.593685 110.675097 66.306681 53.696913 121.907538 89.496870 95.048895 69.890648 25.424945 81.356377 30.927409 107.465909 70.488904 26.010706 56.867556 116.131015 98.872780 61.369365 14.981039 80.024752 109.003546 74.441559 58.327195 96.832489 46.763649 46.159040 20.171157 14.648889 89.568564 97.305629 101.442541 124.523886 66.159376 61.269659 35.747428 57.729506 20.120714 48.133668 42.260296 57.707806 3.997163 1.619096 30.967072 18.886168 37.457198 8.691389 32.664721 23.600668 26.393555 1.760539 0.394125 53.866983 79.445301 65.302771 80.468338 57.605958 85.212481 68.884346 8.490233 79.071475 75.598939 73.465655 70.210933 88.963505 95.972831 80.120434 21.704596 64.132383 32.896692 89.205132 17.741688 50.320079 57.262124 1.151259 61.111260 71.140639 55.793342 106.385122 43.032158 82.503496 98.723694
47.750306 63.968085 69.382977 54.355284 125.974953 143.530228 148.010980 13.516345 90.979125 120.288115 136.291414 47.670597 71.152508 59.288910 72.169815 21.683883 6.516793 11.350939 18.255518 13.224190 15.581057 3.444456 0.885237 35.061879 87.547972 89.052202 97.628959 127.584510 127.812643 133.115947 141.411508 118.454631 98.210641 125.804611 117.359001 20.298944 57.766128 68.296906 62.203597 120.093450 108.187302 135.969863 144.525123 122.485938 89.117231 125.026844 94.559418 14.880902 47.038303 43.284864 28.584889 72.758314 92.990814 82.368071 6.948112 17.853746 62.274087 37.127172 82.436001 98.423815 45.996861 109.833469 70.048174 33.567189 75.268070 0.000000 37.424967 92.981279 56.224527 58.977065 36.743394 105.911180 92.338286 64.770208 29.310925 23.276227 32.972450 33.008184 63.864014 75.194877 75.312302 74.198040 90.575270 104.231543 107.759631 89.579741 141.660250 122.413674 55.349743 96.692463 58.916153 128.221642 101.726776 100.329933 73.432938 76.435004 106.531231 63.238008 141.669392 118.414648 79.717086 121.472936 68.440117 106.621433 113.431755 92.280996 80.703874 101.625961 21.933001 13.369029 64.550514 9.531756 49.975266 26.240542 56.206783 74.351170 76.683076 99.187220 81.800588 58.550171 49.634368 63.423296 74.765632 71.358274 118.598994 52.321253 113.149323 87.278687 58.684653 104.166271 92.846110 110.112146 74.949337 100.887250 123.089874 30.859697 51.257637 72.818897 85.653647 87.031113 73.536107 84.756714 89.164705 91.123784 76.297592 108.476756 66.614304 102.933124 108.159124 95.272146 123.439205 18.944850 55.758273 71.830195 40.148468 30.657792 75.383988 43.119195 45.098976 25.372313 35.342779 27.222302 52.162951 35.791229 73.939132 2.892964 2.983051 5.004107 2.832409 9.733773 1.679928 14.290099 7.665486 19.999309 0.000000 0.171031 49.892976 74.956967 64.640730 85.033408 82.233458 83.169402 65.776916 51.546885 71.271517 85.687998 67.996511 78.423251 90.930128 69.200237 62.228159 9.099225 96.877813 22.438284 78.407767 27.913533 70.454576 28.917273 11.422032 45.795838 34.812619 46.804401 94.763430 95.026641 127.634814 119.881076
52.368741 70.049850 76.022191 91.011233 94.873127 119.965594 126.593873 54.967819 98.139789 128.257030 144.652638 69.225740 79.217338 71.688598 87.697317 38.440819 20.767590 31.554334 59.232476 43.480401 46.361212 12.513262 5.693998 60.009742 108.237996 113.209032 126.850853 145.842449 146.616213 155.717735 163.067098 147.665548 133.620381 147.139768 139.665004 46.551676 103.093020 113.676887 104.446056 148.658757 137.714466 161.288956 169.095088 155.949445 127.469046 153.330971 133.383491 40.026204 71.385627 75.689468 51.103439 91.639751 110.488255 97.709538 26.084141 49.147021 116.697552 74.832813 68.262835 88.740031 34.654671 125.309101 64.418148 66.280318 80.907696 37.424967 0.000000 98.740315 63.744416 73.064727 75.431423 136.948732 119.024952 79.970438 72.960442 63.773220 27.807084 34.628474 83.336710 85.699082 80.398801 25.275913 21.991892 108.957676 26.895169 106.008872 146.591378 147.025510 91.650431 106.914221 78.917356 128.133120 88.394401 66.102379 31.103203 83.950127 64.149677 91.970130 149.588079 130.547470 105.771955 95.359602 88.338386 114.860477 118.583186 86.769027 82.378395 122.754053 73.278526 49.952312 122.192852 30.233990 91.333166 79.498577 80.815694 100.809385 105.598242 78.300322 119.876143 92.187860 84.130708 89.855840 131.829281 126.852744 136.695105 89.731465 121.092931 86.026149 94.571296 106.888639 80.480243 79.492345 112.892612 129.876994 85.137126 87.100358 127.455682 110.612995 126.696329 93.080679 134.745013 126.754093 96.302696 145.527260 68.025679 115.535541 117.358855 105.668931 104.031232 135.467354 127.682946 80.596353 104.886899 103.424967 109.277640 102.599881 129.206853 101.893064 32.156599 20.140373 48.336850 40.802674 66.327117 50.583793 84.590788 4.748134 3.911066 25.291307 10.261147 26.685900 7.474699 42.231283 23.443280 59.172705 1.239251 0.577605 70.308844 80.038079 69.900693 86.569295 85.561402 86.971267 76.370464 70.323001 75.236284 86.368814 71.845294 81.129348 91.857889 73.907138 66.209856 33.144345 108.937914 70.401956 125.392079 91.571497 106.356797 63.062718 43.101988 92.442037 85.302305 85.747424 109.696995 123.691976 111.226710 112.900153
73.605107 53.540555 75.185841 49.455929 128.745872 148.648702 137.259914 18.417601 90.692356 115.430321 141.022344 62.260184 84.050900 70.601050 69.405118 19.802121 9.793328 30.240027 61.670324 51.987998 41.770771 12.445247 1.626862 5.347526 30.777930 30.648840 38.435830 72.690779 62.948394 60.552142 73.079445 44.840385 27.524366 43.681097 38.617558 4.876110 17.413929 22.953821 17.038563 61.591121 44.051945 67.237975 74.896630 47.902788 23.521307 48.577539 28.840492 6.878237 8.477686 14.593634 6.754301 44.623070 77.759777 41.769770 2.386131 18.532777 58.836726 15.366169 96.021381 97.135037 92.911447 83.330330 92.319500 86.674818 82.141318 92.981279 98.740315 0.000000 23.667609 22.806782 85.028926 83.237853 76.002991 74.874308 56.681648 67.316492 77.395884 117.580406 19.316887 22.852469 74.971593 80.378929 128.672998 135.117421 127.129787 91.380767 99.260060 66.002296 73.092039 107.748530 86.711736 139.288049 76.392322 77.571369 70.323546 128.977094 71.386338 103.171524 19.269123 21.626468 61.185357 136.043345 125.203211 100.505108 110.453758 71.359398 93.467719 17.369077 89.510855 81.639615 129.697800 80.094800 122.838855 116.279628 60.288900 72.441438 87.443961 121.393843 132.791271 92.802667 44.248844 62.645518 132.021214 120.025337 134.357843 61.910855 120.788733 114.129334 92.064027 142.794567 107.200621 142.523896 108.398162 91.203226 140.540610 36.327773 120.854891 105.983553 91.771415 112.901643 133.019428 123.736698 110.770217 70.922832 87.517184 121.365030 107.393951 111.485155 106.032781 91.938235 118.647083 28.059141 56.831678 112.073558 101.598756 112.085731 134.039489 102.788517 71.058582 34.874459 42.558013 14.669536 40.052078 32.679550 59.796539 3.927515 0.886170 28.509273 12.625935 34.526993 7.594257 31.478324 20.392255 26.450443 0.958463 0.333777 47.583134 66.457902 62.338156 67.161416 67.287296 92.060339 58.568228 15.222574 72.485951 77.549564 56.905415 72.185859 99.681559 89.715381 64.364243 31.367068 87.221572 48.957102 100.432733 28.004142 69.633022 64.151436 3.406419 79.702710 81.232999 70.990652 120.402579 73.942604 114.311088 113.512822
40.410863 31.555141 41.583264 43.307680 120.286331 141.581874 129.851123 16.400121 56.955567 79.760717 98.802309 40.272658 65.992140 49.450116 47.328971 13.935687 6.014731 17.237695 39.295004 34.914208 29.978553 5.431536 1.577913 19.246489 48.097138 50.055215 61.683885 82.513329 79.515729 90.656213 95.174296 80.351861 62.244936 73.870279 68.823418 17.315383 41.113493 51.676277 50.794173 85.159563 79.365423 100.357789 104.433951 88.318847 62.930420 83.165004 63.914145 12.340520 22.448129 25.107262 18.676349 39.394982 57.073057 50.557194 5.293769 17.226414 52.588738 19.542737 95.145545 109.308448 77.269597 94.580849 87.593047 72.337922 81.729137 56.224527 63.744416 23.667609 0.000000 13.095902 33.145273 89.811967 88.744791 67.797440 40.062379 46.499138 62.324788 70.037707 38.658550 24.637741 21.879913 54.565271 89.352570 104.998868 93.411185 78.177623 101.617740 79.709263 67.765929 81.848815 46.738232 114.032778 73.384504 67.502187 62.777586 98.156406 62.861330 87.903532 84.347788 58.206562 72.270316 102.304602 96.504789 74.662686 81.136334 70.644794 76.041806 64.428500 48.477805 41.888808 107.362600 37.159581 96.048353 74.823922 58.039583 86.492206 87.060254 111.503470 117.331375 77.260969 42.186463 68.905965 102.472226 98.381687 127.040106 59.189746 113.019715 106.454037 79.159621 124.533206 95.098104 117.768522 96.308467 87.666427 119.782164 26.036246 91.821738 92.049165 80.464813 101.958479 110.835552 104.967711 95.836385 76.980585 75.730884 111.073710 91.598679 105.229947 97.665233 82.706548 111.755879 15.238392 44.000357 96.065745 69.179840 74.212306 115.402040 77.342465 48.852728 22.263825 25.374862 12.106739 28.737032 22.287056 42.313719 3.504941 1.195356 11.576591 4.661087 20.155940 4.242384 19.567493 10.860752 21.603189 0.312082 0.144332 35.656836 58.868754 52.799671 42.567606 59.624256 76.900240 40.804873 21.234883 62.660996 65.260531 53.843470 70.124360 80.965184 64.180599 49.404016 16.246772 84.530847 28.610845 88.445330 22.263118 59.342824 42.865504 3.135107 58.097549 56.979483 54.786250 105.580122 74.064868 116.630263 101.664128
47.112101 43.441948 57.289749 14.470359 70.411540 85.865401 75.840718 4.437838 72.985748 88.176365 117.829428 14.324159 26.946081 17.945129 20.676807 2.679312 0.693293 2.005935 8.883411 6.743303 4.339213 1.285397 0.693739 2.268184 11.776085 13.432525 14.650912 30.853777 26.950572 31.621674 39.127248 21.981039 12.447271 21.481695 18.890625 2.099376 5.041167 7.500452 6.959587 28.138718 18.836766 29.895279 34.672289 29.198958 12.639731 22.948954 12.921840 2.238065 5.405772 5.477324 2.583906 20.050372 33.689393 28.654504 1.006843 1.263982 8.965436 8.721005 39.268851 50.019459 17.610255 102.673943 32.372520 18.572445 46.068788 58.977065 73.064727 22.806782 13.095902 0.000000 13.300075 101.920849 94.801819 90.107393 15.465163 39.025788 82.727106 66.026530 18.593047 31.506305 14.219094 70.126429 72.442869 77.478822 63.281080 29.035886 99.964691 97.708941 63.647598 83.141150 13.902114 70.970473 69.077788 88.906589 49.868767 82.352578 71.751857 23.773256 96.536179 76.213509 78.715235 89.094699 86.342595 60.456797 67.061604 51.527364 35.286730 72.364545 7.335544 4.892827 30.982935 3.821922 20.013421 8.602898 42.119396 46.193822 49.116794 77.829570 56.339358 30.428561 34.783661 41.106340 38.997479 36.968746 85.575471 32.831180 84.672736 67.881227 42.489265 61.444404 79.477949 81.693730 44.417149 43.979580 64.717537 4.894368 22.579379 46.572957 35.102598 65.857975 40.021737 46.699402 57.177543 33.856583 57.834521 76.459699 37.447992 59.013427 83.751789 27.684927 62.781029 5.333867 23.685785 34.393337 12.550691 12.798761 45.508434 19.847790 14.566554 6.724776 8.355457 3.968606 13.773480 6.290695 29.261447 1.428583 0.793370 1.826800 1.467586 2.030869 0.377802 3.036888 0.948886 3.215825 0.000000 0.000000 7.119762 65.854910 31.376738 57.719882 37.666648 59.727851 28.171862 11.226863 58.191709 41.738707 57.203595 74.559753 61.438915 60.827914 60.898582 2.070560 43.634913 8.251385 25.482439 9.313175 24.558152 10.230497 1.772474 21.390123 13.555169 23.809821 54.733928 26.119699 68.024898 54.459631
44.565008 56.936288 62.016736 28.971475 91.912508 111.854622 113.318354 5.830842 86.566718 114.413073 131.760653 25.695588 57.186383 43.240866 53.932849 10.539645 2.460440 3.874308 11.461526 9.549679 4.359638 1.533342 0.719548 12.310017 37.941986 42.237977 49.597161 83.738066 77.540308 83.365865 92.352585 63.247589 41.471367 68.318416 61.881904 5.300912 18.153748 22.840132 24.284937 67.863333 54.747432 77.832727 88.927479 61.053424 31.581281 58.180339 40.100205 3.711417 17.313566 16.034626 10.420736 46.329197 62.755383 53.205188 2.242155 6.498974 22.584329 17.564217 79.933612 92.786382 45.255413 122.789614 68.429485 30.072296 67.677854 36.743394 75.431423 85.028926 33.145273 13.300075 0.000000 100.061460 96.524394 86.567283 20.959196 38.563047 81.658177 45.332839 57.789999 74.018363 54.062880 77.816342 81.698030 107.262492 86.236701 51.092751 134.250210 106.614173 66.133636 80.131189 20.376634 109.668115 90.767074 107.816900 64.770436 97.043764 93.442882 31.299419 132.586665 101.686183 80.015810 113.550107 71.100707 86.711125 94.837334 72.657432 72.954214 90.474293 13.375959 4.916378 46.555381 4.781277 37.129390 15.182581 50.017753 57.288565 65.057064 84.877931 71.774632 41.137404 40.133360 50.813207 58.456554 52.989623 114.790794 40.055919 110.142101 73.689366 47.599983 76.447599 87.104050 92.508810 57.756266 57.112516 86.892333 10.566820 34.099199 62.406811 47.772272 75.127153 57.531431 67.923765 64.831090 42.734058 72.506892 106.462618 50.572012 72.197684 113.792351 36.917021 80.428684 8.032856 26.799926 55.752531 24.594263 20.615963 60.298431 29.856508 38.581820 17.332010 18.389172 9.653115 28.033611 15.627161 52.023234 2.087588 1.335505 2.715212 1.638269 3.175861 0.589628 5.721008 1.940865 9.662520 0.210056 0.137110 24.079665 72.598807 55.897430 94.120083 67.556515 75.617754 48.470055 32.887935 70.583799 80.155420 68.965798 78.514581 82.047444 62.564486 61.399761 3.526569 66.470094 14.579887 44.016061 15.145991 41.815812 15.647409 4.487154 35.841214 24.136619 38.760872 77.523958 45.147002 94.174442 82.180033
118.172606 91.302935 110.767616 78.383782 154.977593 162.673255 156.163806 22.517870 109.379018 136.174846 161.797503 67.133103 56.189425 60.631953 70.159773 44.826703 18.488385 33.776689 64.689338 53.807555 47.182699 16.762664 3.380505 15.922817 54.468793 57.899334 66.744140 69.342173 63.427012 104.806872 118.154627 86.414039 55.803328 80.230487 72.067737 11.090915 34.187824 42.455453 34.985439 91.631143 70.999661 100.865167 115.655833 75.509036 46.971878 76.216679 48.986546 8.738277 21.329285 26.977222 20.425216 80.035210 103.693612 72.544750 3.303026 20.254917 67.671801 21.471692 14.960062 22.290894 62.794301 39.194867 21.120641 56.139623 65.576565 105.911180 136.948732 83.237853 89.811967 101.920849 100.061460 0.000000 26.091099 65.633646 95.853488 87.127177 107.241898 117.951074 71.382422 81.908631 119.762346 131.094728 141.404451 143.770582 144.631011 108.347753 34.641874 17.884687 84.544516 129.466628 109.308455 161.435057 78.764572 104.676438 80.243197 137.010728 96.123488 92.808480 86.701256 53.631059 58.341103 160.155767 119.605142 110.358438 144.452479 68.740969 14.955171 27.360214 90.318907 87.304291 121.514831 92.015494 114.325185 112.854883 53.098517 61.316303 81.428422 129.919799 135.874160 70.835149 40.819766 57.512105 119.931450 107.511208 136.859173 46.545658 130.469504 118.427063 75.841144 144.030077 126.622099 147.888814 97.754993 117.374012 158.601910 48.001995 102.803410 98.306237 99.599865 119.526034 121.788251 117.370912 111.868671 95.178994 97.913478 127.798332 99.300749 129.231481 119.305587 114.000705 141.262717 28.061747 61.986331 106.436804 91.829551 95.111208 129.686860 81.742012 66.812596 59.243146 74.828872 35.833473 75.290270 66.716140 91.386605 15.609723 2.726748 30.869342 18.821939 41.786286 11.156891 33.823106 27.107010 35.159901 2.095445 0.387274 78.942434 108.868613 93.713737 81.427574 101.976783 121.642531 83.914673 29.766451 99.043677 84.501952 88.728099 85.795391 130.139415 121.160868 96.452548 27.278954 106.113915 45.558549 106.162743 36.193764 84.980788 65.621477 6.222081 80.953344 81.481936 72.076726 126.375640 86.598715 138.385554 128.841397
110.900069 88.098177 102.050977 57.499095 127.554536 144.309714 135.325884 9.880335 100.036205 123.793326 148.527902 60.552917 78.435650 68.560036 66.186876 29.115945 11.457457 14.477161 36.149068 31.078829 26.579550 4.974330 1.314801 13.024818 43.826253 52.005178 53.966468 92.856594 88.170382 85.516671 99.656563 64.525103 41.886454 63.965597 56.738981 8.839186 23.971361 29.286748 25.204289 75.037742 57.031610 86.310635 90.224379 62.573768 37.160079 61.631656 43.762649 3.969524 15.212324 14.975482 10.594329 66.338110 90.086762 55.297406 1.130126 9.630495 46.350768 10.650361 47.503564 17.978097 88.932765 22.482788 51.356826 71.470763 62.068868 92.338286 119.024952 76.002991 88.744791 94.801819 96.524394 26.091099 0.000000 42.641009 88.659903 74.844543 88.122752 107.618504 73.122194 80.787607 122.913468 98.605169 134.261287 134.706410 123.674316 102.556755 99.088313 64.433371 60.946266 129.964745 108.351355 149.009385 67.867756 83.324355 68.260233 123.932658 88.021999 55.395625 92.054804 64.132884 29.662455 151.967745 112.618001 113.733267 145.394614 64.117879 63.524180 22.930003 57.882743 65.755024 100.318318 66.969041 103.357442 88.487992 37.096962 41.976245 53.434351 112.071575 115.709215 39.793205 21.864458 34.007665 94.240303 78.435189 129.719955 25.700192 114.646858 91.175594 50.046454 115.063371 107.918342 130.463702 68.449804 80.979713 129.206527 23.843335 72.003022 74.646926 58.619485 81.884480 86.568889 94.649039 86.398597 53.223086 83.745770 119.131815 68.063358 96.862114 111.497891 66.250321 104.795373 12.014864 34.186228 97.700548 67.445436 58.714216 103.965150 51.475637 84.539683 57.189013 67.773474 25.702369 59.964232 54.006569 78.612541 7.952048 2.161517 12.882109 6.630276 13.015383 2.954537 13.876445 9.526176 14.995315 0.385072 0.000000 59.401083 100.282120 79.846712 75.684795 80.517531 109.539128 75.404670 18.883064 90.065101 79.563495 80.337542 82.761799 114.877771 111.503106 87.167554 8.459559 71.778780 19.298656 82.692006 18.696202 55.992322 37.514512 3.282387 48.261852 54.590985 42.439899 108.781727 54.082532 113.983068 103.082646
90.744464 86.606940 93.859001 85.171997 149.068833 149.206387 152.288921 42.082818 104.815499 131.747845 154.204929 68.065655 73.125993 67.754112 75.904151 44.099004 20.572930 57.614716 95.870839 76.314285 68.934285 26.625232 5.048331 23.577699 70.299797 78.970087 87.856387 126.576451 117.303318 122.777384 134.957158 107.544833 82.334569 110.047072 95.943771 18.841326 52.877035 69.412267 57.364160 122.878272 104.330865 136.306532 145.412810 117.141821 77.343986 117.611294 83.316802 18.596666 27.176693 38.867965 20.876450 82.499486 106.634240 79.222337 9.076685 34.846618 98.208959 42.352964 71.433428 67.145232 93.782398 26.139042 68.707199 54.006454 19.436808 64.770208 79.970438 74.874308 67.797440 90.107393 86.567283 65.633646 42.641009 0.000000 59.789862 41.823207 24.094451 92.266199 66.126997 87.720336 118.279328 60.949567 105.285685 135.628685 116.480976 112.949648 119.601959 96.863680 33.137894 135.935072 108.449771 155.145003 23.221831 21.477400 58.617577 114.039213 52.282878 122.499861 106.154792 84.739980 44.753562 136.511050 112.888367 125.016765 146.288785 40.021580 78.096302 83.596997 116.866639 109.050320 128.547250 100.860337 104.077385 121.741321 99.261835 112.922711 110.148508 131.088576 132.050949 121.384383 69.735209 105.229778 136.365128 127.706311 120.285952 89.621646 117.131549 145.510483 111.217425 148.827366 105.174044 149.493089 118.707889 124.856540 151.555370 63.572437 145.585758 110.470283 130.055128 148.725759 149.502397 123.314627 149.821880 99.503735 77.474701 107.543928 115.748688 146.053414 95.031565 115.536719 143.208759 58.926934 81.228333 90.072674 123.609879 137.319297 139.885204 116.889404 92.001889 58.358901 78.874675 37.602407 71.865207 66.003876 91.596554 10.132874 2.960678 50.707204 33.765690 62.962189 22.034690 56.375629 51.484342 54.284965 4.136652 1.058177 85.376531 78.550740 81.706352 80.547982 101.034679 107.130858 80.795849 39.709763 83.648002 82.962923 69.360384 73.917683 112.824742 98.725168 76.664505 54.242251 121.058308 72.946985 120.288609 56.029994 106.639128 87.480587 6.537732 101.109629 96.550676 91.301390 118.799517 109.991562 149.372982 130.810637
48.092392 61.267404 66.783198 16.488997 61.388927 79.019763 73.492395 3.666613 78.284554 96.843060 123.537227 15.507942 30.801025 24.680753 29.421178 3.825959 1.014031 3.302763 8.310276 4.751348 3.153191 1.509388 0.765774 3.179826 15.782190 17.947177 19.383731 41.788686 34.662505 40.032444 47.329078 29.884513 16.745597 28.764271 24.740719 2.202278 5.072608 7.953120 8.372710 28.678775 19.149711 31.713950 41.181422 27.449932 13.709842 22.655525 16.369612 1.351189 6.552200 6.474077 4.102656 25.777697 41.503884 31.264988 1.097956 2.239452 9.321682 3.587787 30.205913 36.204100 15.735110 91.753198 28.607966 11.517273 31.241370 29.310925 72.960442 56.681648 40.062379 15.465163 20.959196 95.853488 88.659903 59.789862 0.000000 24.349479 61.529154 79.883425 14.185258 76.994672 69.271785 61.031638 104.202389 95.815256 67.930168 26.176397 102.831684 98.965180 33.233905 98.899006 59.534691 72.221441 56.159173 82.224699 45.946672 101.396019 62.965956 18.482137 111.362779 89.402657 63.078643 101.755131 93.555424 63.394842 89.930505 36.980382 37.090172 76.770915 6.059359 5.501156 23.460971 3.463922 18.417713 10.049815 30.844933 41.291728 54.178338 82.324206 57.365569 33.014542 25.889211 35.464654 32.566398 26.774348 82.142084 36.844862 88.421533 56.963596 43.516280 52.379865 79.682824 85.251430 51.226559 28.268163 55.741108 4.566141 26.107727 49.604442 26.926350 49.195534 38.001496 39.804136 46.730775 15.667176 54.835341 74.946181 35.176898 44.799711 81.816705 13.826638 47.203383 5.508765 16.050594 34.411774 13.215980 17.180914 42.940631 27.060535 14.931221 6.960289 10.282027 5.770548 18.536540 7.136840 32.778415 1.116223 0.730673 3.293360 1.739505 2.016437 0.164376 2.469454 1.137818 2.099619 0.413749 0.000000 14.656812 69.199140 42.754025 65.003911 37.013031 67.240428 33.557978 10.855311 63.406554 54.067948 59.937988 72.439272 70.839578 67.549177 58.858945 2.977603 37.922298 5.614728 23.007601 3.808901 14.697081 12.288298 0.840163 18.931853 11.106690 17.285216 45.741202 16.978881 51.185702 49.969384
45.916393 60.591846 67.207026 13.926961 64.863836 80.031580 68.421130 4.506777 75.762999 95.517013 127.367104 13.175940 32.043904 25.400062 30.671735 3.683033 1.137348 2.370751 8.812801 5.734631 3.503146 2.335567 0.742949 3.169902 12.428426 15.333872 17.927109 35.583766 30.373033 32.477535 39.394758 24.625008 13.986107 21.759243 20.317782 1.398457 4.296543 7.040588 5.685922 24.862880 17.305940 23.003351 30.900429 21.613009 10.208321 17.620244 8.716919 0.977943 5.159234 3.062712 2.611583 22.269251 37.674849 24.339257 0.437988 2.479525 8.523309 2.238060 34.405126 44.739759 19.988539 85.961010 31.408465 12.724543 33.908270 23.276227 63.773220 67.316492 46.499138 39.025788 38.563047 87.127177 74.844543 41.823207 24.349479 0.000000 34.656920 62.986087 33.053462 72.609573 71.463647 55.612403 101.398316 94.817364 69.714848 27.246233 102.641375 96.899289 31.649932 89.730506 58.736337 78.009047 53.962917 72.951628 43.385102 90.109618 58.704439 18.681183 109.927867 88.397946 55.649814 105.521538 75.633001 64.238862 90.217121 41.886739 39.653694 69.668855 7.557730 7.569437 26.716196 4.330806 21.479095 12.397143 31.179280 38.446134 49.246216 78.079596 55.272354 32.309880 26.407726 33.012693 33.389430 28.597950 79.624079 35.618594 83.179339 56.722271 43.471703 49.917760 73.906287 85.976566 48.263462 32.536499 64.826211 4.518104 25.587427 46.777182 26.045445 53.944381 41.005874 38.778875 47.647494 23.243374 49.794763 71.630561 34.825885 49.799974 79.701273 13.791111 53.167041 4.940037 15.339058 36.498462 15.159992 17.261601 45.619500 24.143121 16.157953 8.496390 10.224502 4.308214 18.321423 8.143359 30.400886 0.460086 0.338121 4.343127 0.994579 1.310157 0.332753 2.253038 1.257999 2.848328 0.199421 0.000000 13.543352 63.692939 36.066446 63.322124 32.674633 58.770788 29.092138 8.009026 58.145245 50.111081 53.367911 67.836124 66.247652 65.468442 53.590354 2.786756 34.100063 7.369019 22.002239 4.005347 13.880793 9.697259 0.394183 15.645945 10.193753 17.364812 45.517873 16.457496 50.953937 44.797089
71.251941 79.238863 87.082234 72.623235 129.303238 146.391883 146.828367 24.734025 104.047705 133.355508 153.295638 56.142289 76.635688 66.622372 80.053760 28.578908 10.446051 33.666674 60.967651 47.294149 39.012657 15.229302 3.552218 24.211803 70.487258 76.822507 79.610897 118.091106 111.559104 116.635712 129.040207 95.540889 71.358429 102.282687 94.211375 14.071189 42.248470 55.478758 42.373461 108.009500 86.917975 120.923026 133.214838 98.745739 64.688194 93.054072 70.711681 12.145151 26.616491 32.580226 16.073607 72.819369 97.541800 78.835794 6.057425 20.742865 70.357619 30.769403 91.528424 111.628719 66.764015 99.776779 82.009608 76.487195 86.474891 32.972450 27.807084 77.395884 62.324788 82.727106 81.658177 107.241898 88.122752 24.094451 61.529154 34.656920 0.000000 74.348521 67.322211 86.176936 102.799297 26.221033 84.203328 127.505074 100.870906 95.969486 136.908272 117.963961 49.079159 124.801121 101.005807 148.796660 86.874439 17.271420 67.960434 102.465970 72.918787 118.465765 124.500842 100.722856 69.513549 120.629199 102.122720 120.344548 133.031505 107.623789 82.653046 99.988282 79.565374 66.789009 120.631926 46.599311 104.325630 86.612846 96.938649 104.967986 99.803861 114.953748 121.744779 104.784116 80.840783 104.920553 126.223126 123.462375 126.376950 88.433219 113.524181 125.136314 97.789180 139.893747 95.304223 134.387592 107.679238 127.776236 142.917322 45.500470 119.824709 105.257657 123.423687 132.647052 125.742753 120.011847 133.315789 110.385050 78.762424 108.915306 107.998043 140.095182 96.169040 111.340678 141.906715 58.349805 88.574011 107.418546 100.717980 107.553023 124.455897 99.980497 58.576552 31.188813 48.499141 22.636760 55.894807 37.416563 79.307554 4.450473 2.718469 35.418592 16.597091 31.672066 9.998709 32.301262 24.338274 32.851138 1.439169 0.391920 65.687078 74.042428 75.234679 81.444450 98.623768 101.325705 72.756636 43.828889 77.840057 86.773123 66.485064 81.823674 105.361745 87.511125 69.689211 33.550704 108.422736 54.776857 99.531297 45.025380 90.390286 63.161440 7.248387 87.854712 75.406753 77.398481 110.547964 97.356808 139.026796 122.520037
46.419348 63.320774 69.518174 57.690142 108.280721 127.499949 133.021694 25.685523 97.235621 126.842215 141.318238 52.619154 89.960356 72.794096 89.009792 32.318588 15.921023 14.434094 38.278800 24.337844 25.348841 7.478254 3.103241 38.370944 87.544407 91.790098 100.491389 134.578258 128.045625 138.787975 149.944297 124.437689 102.683352 125.364859 117.044301 28.370709 72.033249 75.469153 67.649887 127.029081 116.226751 140.903555 151.911978 126.932790 94.940784 125.110745 101.458718 21.334411 53.547604 53.607945 31.808422 82.277105 100.498330 86.259798 11.628956 26.553709 75.412459 54.739685 104.783192 121.184059 65.788826 122.740432 96.463975 62.825316 98.465674 33.008184 34.628474 117.580406 70.037707 66.026530 45.332839 117.951074 107.618504 92.266199 79.883425 62.986087 74.348521 0.000000 99.011936 80.914220 59.813126 62.750391 26.268304 77.647298 69.085757 93.552448 159.637652 131.398470 88.985081 76.420443 44.932760 105.017278 104.187125 88.987022 89.505526 35.156233 103.179353 94.503831 157.026163 129.685970 98.422001 49.485701 35.847703 105.564513 93.129422 111.451977 98.543777 115.677477 47.533106 25.791717 99.438882 18.791259 83.929955 52.658311 70.202809 93.636300 99.520726 82.683654 116.191665 78.033909 66.751129 77.171202 114.094942 114.038846 149.692731 71.955247 137.838264 85.355032 83.346165 100.900092 97.689612 83.062076 104.123907 116.832331 103.118774 56.150718 98.223842 103.816178 106.294778 89.902448 116.240049 121.049348 85.957033 124.678470 92.489631 138.786988 102.819377 96.810802 133.688201 126.792905 118.412337 51.039398 84.156502 108.075287 80.271703 67.772989 117.186853 80.971930 63.406068 28.971679 43.360701 30.610769 55.683659 39.810370 76.710602 3.938811 2.097227 9.981234 4.073249 12.786709 4.425989 23.012306 10.953998 32.710592 0.510702 0.000000 55.488782 80.998825 70.178911 114.711239 78.596260 81.651777 82.195891 60.726544 78.267084 97.374707 77.727415 84.825344 80.444627 68.436208 72.974298 17.639391 108.095884 51.727999 98.774790 72.457295 101.355007 40.757108 31.114123 81.480144 59.869751 73.873151 114.441914 112.160221 117.771409 119.365498
62.194621 71.564808 77.636691 28.806454 91.964176 115.916982 103.525217 11.085751 84.599606 105.315081 135.626270 31.975804 55.844331 40.935216 49.418252 12.039853 3.430044 11.769081 27.318765 24.060800 18.264104 7.234004 1.212901 3.007736 15.270223 17.936020 22.740078 44.542145 36.941901 36.759273 48.906709 31.152698 14.381490 26.654611 20.941901 2.625213 8.360049 11.073685 12.350282 34.176818 25.276869 36.230357 45.697198 33.111482 15.153992 25.963485 16.289242 2.157834 5.268973 6.742901 4.827128 26.349935 45.225110 30.760315 1.331254 7.634201 26.470368 10.821502 86.939367 104.561790 66.776169 103.610681 74.257688 59.649729 80.210780 63.864014 83.336710 19.316887 38.658550 18.593047 57.789999 71.382422 73.122194 66.126997 14.185258 33.053462 67.322211 99.011936 0.000000 74.708544 80.367046 67.590032 116.198848 117.214232 105.692673 56.374905 99.856154 66.801639 22.936832 104.303047 78.068388 113.970481 74.881779 73.420691 59.573930 114.271194 66.221320 59.995156 81.278116 48.808274 18.305748 127.769130 102.656391 87.665379 104.680603 70.910528 65.288514 19.939303 35.200085 33.795703 79.797748 22.676626 69.146055 49.775064 45.771487 53.931261 68.461403 96.947171 99.337984 63.414305 39.149753 53.882412 80.997733 73.694506 115.463126 49.966913 102.881880 83.920480 65.659248 102.381761 89.849127 113.995894 79.701725 63.807940 98.921294 14.566681 77.087032 79.456875 59.085161 84.628734 89.689991 88.560069 82.540313 44.638895 71.356411 104.111287 75.955356 83.249556 94.711244 45.253113 82.703682 14.580116 36.040642 87.853105 55.680109 62.234814 96.857685 61.090324 46.348414 19.976306 25.868805 7.323225 25.510769 17.116375 36.818842 2.569301 0.864324 11.939859 6.558003 13.291794 4.331541 15.522027 6.795328 11.800726 0.496696 0.343735 37.368366 59.365423 55.182115 65.123185 51.978109 77.375998 48.413509 10.942724 62.801050 64.580765 52.637346 65.938736 84.067202 76.827536 60.384349 14.599904 61.056927 29.804334 63.690809 13.753579 39.938680 40.935586 1.507062 52.652339 46.819762 47.142622 90.893763 40.670485 81.887252 84.213065
56.770697 23.298126 70.254111 39.963809 118.226119 150.925582 142.600469 38.557084 73.180037 102.518724 132.713760 60.613413 31.451480 42.733870 48.901389 29.143986 17.236422 34.810758 69.156271 57.820536 49.023374 17.724778 3.051138 12.506784 41.865585 44.322505 48.795927 91.204974 78.242269 80.304625 88.388473 61.234126 37.215726 60.553597 56.771092 8.164403 30.810962 34.528982 28.040868 75.826168 60.237839 79.561957 92.063849 63.923243 31.171525 63.902750 37.914010 7.491797 13.716961 21.020563 19.870205 54.101467 65.083701 56.711827 3.620330 17.253590 67.968370 27.444926 83.380828 92.691909 90.395613 89.097684 72.563494 87.224465 91.461227 75.194877 85.699082 22.852469 24.637741 31.506305 74.018363 81.908631 80.787607 87.720336 76.994672 72.609573 86.176936 80.914220 74.708544 0.000000 17.695041 93.064412 79.711892 76.973799 68.580210 32.971223 18.545747 71.330475 92.628070 91.311435 93.337151 75.333660 90.057087 94.165222 94.402358 77.071684 92.728277 66.320629 25.173721 45.383721 90.023643 75.052956 100.861132 24.292883 65.325718 85.647994 61.168303 81.875009 92.059051 88.979493 138.367644 94.733888 135.745986 118.940452 65.625770 89.507797 94.107015 112.045525 143.123360 89.679908 51.934148 70.941193 141.533530 131.544427 147.732331 60.376438 138.102460 110.048247 96.642913 140.133089 119.752803 106.153761 114.185526 119.603342 104.154651 99.289491 125.864263 111.723370 119.040595 112.121359 141.683683 133.969946 108.338089 134.242725 104.354067 136.786142 113.852969 111.065775 124.637650 114.964942 127.138097 65.860432 89.758964 127.778230 104.926146 106.478902 143.575667 101.063126 13.425225 19.020431 34.370810 20.448269 39.871379 33.971143 43.599162 5.611167 1.331436 29.894017 16.363983 39.849913 8.772537 37.188856 25.077982 30.292225 1.086607 0.394767 64.205873 88.429531 77.236428 40.506669 81.011655 88.822811 51.258394 29.781694 75.025337 46.509103 74.338950 62.301698 89.249064 85.911757 76.108754 27.475896 107.330367 52.880310 110.414886 57.899381 104.100016 70.181548 8.535341 96.010759 90.427231 82.755861 138.468806 109.687704 132.203997 126.002802
34.475519 34.010020 53.010939 45.201218 97.139294 117.532080 117.950174 24.478137 89.350594 119.061183 138.114468 38.807662 70.724455 50.100922 63.524478 22.902948 10.489032 7.465500 15.833143 12.420224 13.856130 4.809440 0.871646 10.077960 33.359234 30.727088 38.467657 70.221331 66.237837 74.938219 82.092466 46.174005 33.860156 55.948949 48.648140 6.245741 21.065755 24.182868 18.248953 59.232712 49.135290 75.536283 82.755847 50.292421 26.613263 55.339052 36.470266 5.817464 18.907737 17.681429 11.118433 41.179341 59.792873 53.337133 2.615656 9.128519 28.497858 41.868848 109.513772 127.320735 82.275376 138.492650 94.990701 79.701781 109.019969 75.312302 80.398801 74.971593 21.879913 14.219094 54.062880 119.762346 122.913468 118.279328 69.271785 71.463647 102.799297 59.813126 80.367046 17.695041 0.000000 89.515563 60.935488 50.774018 48.695651 53.864137 115.401995 112.222230 103.417821 37.597234 19.802966 61.172025 119.532001 117.537290 96.970245 55.393034 111.950858 73.907068 113.485372 94.242043 111.338742 57.817924 58.163881 23.993689 22.987394 117.599781 86.787375 100.306519 24.328267 9.683262 82.934622 8.682006 71.398946 32.352582 68.493934 94.974380 83.861841 93.217610 105.192638 66.593916 57.946747 75.652946 117.155941 116.600709 151.002585 49.407967 136.288699 97.821430 81.499173 103.592252 113.800179 85.728212 98.961513 102.872931 80.292356 94.256771 79.175760 92.677437 105.932531 99.718576 121.671010 120.600030 97.528477 119.734542 110.977644 138.040245 104.651051 94.873931 142.226604 99.898323 104.792690 72.004172 97.353203 106.832245 53.586258 37.066958 110.076119 70.692606 54.555041 19.291346 20.345273 7.481883 26.134140 12.192462 40.880406 2.690254 0.582701 3.058665 0.840493 1.935125 1.164016 6.121585 3.867475 11.440930 0.000000 0.000000 33.733865 76.536676 65.925660 101.780995 69.060072 73.721890 47.422289 42.454990 74.021473 84.572620 76.309779 80.607462 59.837568 62.165257 73.581965 14.743678 103.152086 57.545002 51.792436 81.085663 107.026977 14.082325 24.655081 73.638704 42.785992 67.268734 119.165873 107.983898 110.940744 105.932435
48.203210 76.863147 81.276995 89.578964 104.078329 129.267810 124.813227 46.015675 102.100190 130.535373 152.222274 39.113514 49.033397 37.543224 51.882710 14.255446 6.068315 27.638875 50.272786 33.150884 25.222864 9.136414 2.994387 11.049242 34.930007 32.986792 38.312883 81.852911 67.337687 70.621557 83.063973 58.319536 35.409782 56.705078 51.436035 13.073305 30.064000 29.783943 24.903479 72.759248 57.447059 83.370753 96.526882 64.951753 39.570213 63.104189 43.788430 11.573797 12.612142 18.518657 6.725024 33.266500 52.097726 56.983652 4.905353 18.668686 55.960335 42.828285 28.141307 47.512291 20.895225 100.363426 30.736405 64.303362 57.959303 74.198040 25.275913 80.378929 54.565271 70.126429 77.816342 131.094728 98.605169 60.949567 61.031638 55.612403 26.221033 62.750391 67.590032 93.064412 89.515563 0.000000 58.319333 105.513556 50.857589 102.198080 100.058270 133.205420 83.860073 107.491008 92.548812 121.100553 58.607690 21.505960 21.158535 88.772092 24.356973 91.270579 112.539261 106.007829 98.752004 92.543661 104.045501 111.489284 116.945790 71.161280 51.922034 82.945371 62.055197 45.598582 112.458098 28.138860 80.721850 70.072592 84.213349 91.980067 91.092579 86.955751 109.008044 95.449576 83.424824 93.781285 130.383798 124.330177 114.470989 83.212476 99.835502 100.365982 88.194908 130.564597 71.005922 99.345706 101.445041 145.148678 106.181592 111.569596 117.485062 96.139013 144.903873 118.775758 129.183788 118.826832 121.006267 163.721866 51.955862 89.074177 105.469048 126.691493 77.911519 138.579594 143.386746 79.423499 113.105513 85.925191 88.925485 95.566414 119.046357 92.485145 15.414345 5.998391 8.318034 6.146946 19.383141 6.791162 38.392142 0.360081 0.617435 17.472504 8.490505 16.660819 3.945437 20.111095 10.397540 27.778917 0.364496 0.153864 22.087683 70.284386 62.506793 70.992703 91.348790 96.724880 39.970463 35.068152 69.240102 73.151622 61.733295 80.434290 100.438693 73.522700 53.661887 23.764128 103.674802 60.737972 79.362417 77.010803 110.398550 42.289526 21.931240 87.933079 60.071646 81.313658 107.897366 125.397265 113.765769 102.110440
50.613697 64.610141 73.095402 67.831069 92.822090 109.771802 114.734338 40.329699 105.790971 135.577880 152.154414 54.669714 77.225451 63.617083 81.022847 37.949566 20.666898 24.530804 59.952454 33.382300 35.101404 13.641317 4.453329 34.622170 74.262930 78.499855 93.805360 128.030002 121.380982 128.400357 141.751019 113.385196 87.032429 117.498210 110.257640 35.816689 64.424465 79.686705 65.853272 118.463879 107.147133 134.553503 142.541309 122.067310 91.018979 124.094964 95.422864 29.004707 42.854190 52.308207 29.062504 73.751461 94.840802 80.536984 16.777869 39.838300 85.009539 68.958891 78.384686 93.308072 38.132095 137.047221 72.193200 72.516217 86.219352 90.575270 21.991892 128.672998 89.352570 72.442869 81.698030 141.404451 134.261287 105.285685 104.202389 101.398316 84.203328 26.268304 116.198848 79.711892 60.935488 58.319333 0.000000 79.723160 19.885771 93.426497 163.053623 147.600845 119.837198 78.631337 65.549454 101.896154 99.857854 90.110888 67.173975 42.890988 84.718591 97.265299 163.953853 141.250936 128.411739 25.276236 70.573705 101.775193 90.653184 94.709473 88.495699 132.005871 75.702260 41.691646 124.406651 30.797233 97.958423 74.902153 87.812751 108.561869 118.022085 78.916144 134.795376 98.244247 81.500272 94.680460 140.410131 135.002760 154.288046 91.550892 142.416847 87.127705 105.997675 97.654273 95.376625 75.498453 125.114671 114.591980 81.766753 80.086599 134.556867 120.983680 115.385024 93.864478 144.322118 135.676847 89.700616 134.132851 93.030240 134.898379 127.966028 94.386990 127.379283 124.396848 108.801245 89.453383 101.484719 113.183747 117.319950 111.067398 139.882354 113.603339 38.667593 17.565671 25.271235 22.030352 40.984968 23.025969 69.054911 1.441881 1.416772 24.495833 9.553910 15.027518 4.469223 27.441030 14.462533 45.668512 0.677766 0.370188 52.007260 87.189969 74.508158 115.919334 82.005645 86.741788 70.075085 60.469122 83.987921 97.739478 84.792813 90.041377 79.424157 73.103784 81.828242 28.708149 104.758700 78.770888 104.672834 93.933962 109.215635 47.684518 48.099492 95.746727 85.410281 90.472301 112.426835 110.420704 102.519631 107.573895
45.090344 60.196812 71.260106 43.202868 90.226061 112.017769 113.022019 44.762756 107.037567 129.959789 156.271841 25.730931 53.571355 40.559018 65.229779 25.218222 11.051922 5.523144 14.840599 10.167837 16.157255 9.454793 1.262775 7.553909 29.327111 26.457991 27.896762 58.975154 52.518167 50.726101 57.788830 35.469351 21.360347 41.907636 36.936973 10.347927 20.670561 19.596063 10.373814 42.505033 38.331063 53.681478 56.552892 40.495988 16.638923 38.335462 28.777032 10.151998 15.222077 17.232965 10.085512 34.520835 50.839890 58.128538 4.505187 18.021810 32.452025 55.908112 87.581630 96.140982 39.114249 141.413150 81.468343 51.452879 82.116395 104.231543 108.957676 135.117421 104.998868 77.478822 107.262492 143.770582 134.706410 135.628685 95.815256 94.817364 127.505074 77.647298 117.214232 76.973799 50.774018 105.513556 79.723160 0.000000 49.000552 81.717418 158.811979 152.578832 126.317253 26.834409 73.388331 30.764348 115.123792 127.699659 105.648560 32.141690 119.320042 66.606524 167.438133 146.100322 131.609543 30.628551 31.084314 61.900086 57.674249 116.743518 81.388234 128.534397 21.041009 10.341144 78.112944 7.686950 62.029244 19.266628 60.873978 101.586919 90.314732 125.473117 118.077734 84.495688 58.983345 70.798499 129.530217 130.654265 135.332089 51.637467 129.808923 117.110745 101.457203 99.291087 133.799519 97.204403 109.594331 91.827130 75.521881 101.765530 86.971505 89.036849 96.093923 106.346931 142.730040 122.394294 104.014497 104.436383 127.555237 120.498865 116.204148 94.204735 141.159156 84.438684 95.839325 98.056728 99.531361 101.074093 66.498926 43.953063 126.531066 93.154720 30.604588 10.766421 11.462905 6.820236 17.515493 10.034929 34.068104 1.061322 0.374664 5.640774 1.275721 2.644253 0.393014 7.073258 2.195406 9.691231 0.479910 0.000000 36.948616 92.803808 75.639519 114.706031 82.544606 88.135059 38.232810 46.637378 89.521739 98.379548 94.928303 95.900312 72.640981 80.027193 95.153309 28.131466 105.944561 75.241945 46.854138 99.070371 117.594038 14.484907 39.183283 86.138757 41.717690 70.014560 125.192265 108.434357 114.587144 106.896867
41.791313 55.924089 64.437085 52.247456 76.098723 93.275571 97.830572 67.617552 106.867637 134.994656 153.280943 64.637513 81.326296 67.089326 80.179867 34.454750 23.549834 33.423990 59.501176 43.893454 51.281198 26.507823 9.608289 12.595104 45.447205 44.662288 56.936089 101.212831 91.966077 94.272382 111.853237 80.697623 46.763640 79.401059 72.164600 31.226913 58.673951 59.007075 42.484735 94.888943 83.899346 111.612544 120.454136 83.742748 51.671692 93.662675 70.856400 29.896454 24.142959 36.762169 15.556350 41.922648 65.674783 62.492741 15.897457 37.184538 78.093866 72.139047 50.234812 66.401633 34.320586 134.551311 71.242107 90.384744 89.624944 107.759631 26.895169 127.129787 93.411185 63.281080 86.236701 144.631011 123.674316 116.480976 67.930168 69.714848 100.870906 69.085757 105.692673 68.580210 48.695651 50.857589 19.885771 49.000552 0.000000 60.757915 132.258385 148.336815 121.113233 56.515438 62.175821 60.885366 97.879443 94.825410 41.846687 49.397212 80.645621 27.847852 147.171113 135.866901 135.957642 22.449202 63.681946 71.473408 69.068628 92.361430 89.750695 100.102865 72.082907 44.960961 142.878054 41.737353 109.426135 87.465495 94.071241 124.656582 133.141717 73.827387 147.086990 111.154652 78.933547 102.399327 159.054228 155.083735 159.134654 98.104943 142.307657 91.785013 129.941976 85.267380 86.901603 58.558751 139.998742 85.525641 50.028966 99.591409 155.924238 132.600058 91.249407 90.857094 166.508458 148.950780 90.219005 102.836550 66.026336 129.838482 143.733690 81.460129 112.194213 68.563235 84.171814 106.978037 98.058928 115.839663 125.622209 123.047984 164.340072 136.593126 27.567206 10.480793 12.039220 8.460223 16.865191 9.107625 38.806807 6.268852 0.304706 25.108418 5.466672 14.858160 3.140741 26.034752 13.887115 41.430112 3.209568 0.366960 43.572309 83.376055 72.870477 103.892185 77.492388 82.477045 43.382930 49.324450 81.546339 92.169224 84.572468 87.873700 67.848222 69.783222 81.517395 48.149787 105.430545 91.684811 105.573239 102.326149 110.866676 43.446586 55.771400 105.077876 95.006633 96.563227 116.396092 98.683915 95.278279 104.878397
32.619599 33.596958 51.257474 18.344596 65.599191 102.949841 89.092079 49.087229 61.924639 76.283837 99.233698 42.058241 54.967377 45.996250 46.912721 26.426926 17.209107 13.156545 20.440801 17.193698 20.980384 9.351314 6.639654 12.255130 25.536511 25.432154 28.696378 44.320116 41.047964 45.358728 50.259520 35.812710 28.724992 38.252219 35.949041 9.657514 21.903910 19.720222 16.770770 36.793998 34.494637 48.857303 48.897933 35.044312 20.498796 36.831415 28.342180 7.929250 14.564068 10.699417 14.198239 17.824202 16.546385 36.054787 4.611838 9.992679 10.582814 24.328134 84.077077 98.390192 71.586793 115.553367 73.661552 76.316053 65.370635 89.579741 106.008872 91.380767 78.177623 29.035886 51.092751 108.347753 102.556755 112.949648 26.176397 27.246233 95.969486 93.552448 56.374905 32.971223 53.864137 102.198080 93.426497 81.717418 60.757915 0.000000 43.564582 84.383826 64.935812 82.541716 90.253422 21.544752 101.512573 100.329124 102.348652 74.691031 121.954702 16.935752 68.977107 82.784547 117.305878 74.910801 86.855611 18.479068 20.989186 120.004771 63.464738 55.631641 19.050254 19.830526 37.220256 15.170795 67.836905 24.762476 11.250664 34.513511 25.041255 83.006120 52.111339 23.246810 13.115052 14.355928 39.321510 39.559172 88.012328 8.368926 77.951606 59.169309 22.357352 100.842093 101.915645 101.009613 24.410151 102.911190 88.340379 58.790491 32.956773 27.196947 97.317316 56.467306 41.721749 39.676238 57.419012 100.464838 122.110977 94.223061 26.501471 83.610263 120.842496 70.962931 110.964737 87.907692 85.635730 92.624172 16.455313 24.949341 43.538132 21.953725 32.030624 25.203592 24.466526 10.415280 19.836920 16.595586 18.424284 9.686954 0.861253 19.118127 5.816780 9.634831 1.559999 8.468459 7.983736 12.347067 9.952438 0.034765 40.673907 64.449361 52.963283 49.451783 64.898805 72.109407 28.452851 25.783621 63.784363 53.474130 62.434355 85.998501 57.558320 76.155781 73.856552 16.184746 54.005253 25.351784 36.961093 36.808835 71.187550 19.630794 9.744158 33.401374 30.897644 24.697315 86.054140 75.208642 84.063413 60.984260
109.686816 34.598352 71.651585 43.230669 106.285838 140.569528 113.210246 23.112248 85.835787 81.985498 127.755681 20.063868 23.507124 44.838854 52.613054 35.833817 29.258002 25.863768 53.429750 49.088333 38.811691 13.052851 3.324005 7.415614 23.567238 27.777779 29.033523 45.191344 47.763983 42.524276 51.187617 31.404599 19.953163 31.554791 27.358020 5.551474 13.097515 18.365715 15.009641 35.590815 28.887922 36.552760 41.086953 26.726806 15.748649 28.016271 20.325328 3.654437 5.973719 11.901715 21.537453 44.356581 59.427726 33.260475 2.875916 10.450361 44.633981 9.819955 90.013592 110.860909 104.496636 112.114308 71.170443 70.583560 113.223559 141.660250 146.591378 99.260060 101.617740 99.964691 134.250210 34.641874 99.088313 119.601959 102.831684 102.641375 136.908272 159.637652 99.856154 18.545747 115.401995 100.058270 163.053623 158.811979 132.258385 43.564582 0.000000 19.914773 121.837522 163.408555 145.940779 116.865141 112.453345 125.855166 95.703559 160.411134 109.582241 66.593259 15.297905 65.753281 109.794954 157.262579 161.785803 40.272727 133.591026 88.900914 15.750232 89.986241 65.385263 65.332131 106.731752 68.210818 126.937140 94.582218 21.451704 30.739424 54.386929 105.107755 128.902918 49.537228 17.501165 25.678678 97.816737 83.539785 152.661914 30.779209 131.749524 74.900586 64.117898 113.641798 116.806524 135.282056 82.228533 45.388611 114.174426 34.470255 74.789523 82.245886 33.316054 65.603083 95.309220 103.056819 65.342199 40.154529 106.701987 146.691945 85.952593 71.537866 136.449900 62.305106 75.550431 12.731672 15.362939 129.710857 68.972120 68.377861 113.684145 64.934733 14.659180 25.232056 31.975531 19.040886 39.032238 30.382399 39.751766 8.201530 1.218676 21.881526 15.845680 31.113244 8.374306 28.703602 18.389741 20.511944 1.802656 0.897478 63.478234 100.275291 75.032098 61.797608 68.566490 87.969979 65.217560 12.792197 88.786373 60.968650 90.457341 74.821480 95.207057 108.211666 100.847774 17.657129 65.968341 34.038236 86.006363 23.248034 53.183290 55.718740 1.958301 64.723712 71.739212 56.323077 114.005518 45.626632 88.763126 104.529486
122.850952 84.964084 114.512500 55.011991 144.364022 157.237243 140.662225 18.770532 127.879816 148.043764 173.536848 59.760496 37.513239 59.219145 72.654903 29.362499 13.123836 27.735680 57.883469 48.976005 40.421793 12.985438 2.511326 5.800947 25.154632 28.433689 32.074436 64.675480 51.080685 52.134476 63.703132 33.930095 16.306064 30.797064 31.698878 2.170216 13.022974 15.415290 12.863973 46.852487 27.047723 42.520147 51.855230 33.351332 14.008464 35.862595 22.526243 3.125971 6.229541 12.723172 11.038657 52.896020 83.777613 44.333726 1.640228 15.758034 52.534246 14.746549 71.629801 88.161216 86.475490 87.291891 56.470580 76.562262 95.850210 122.413674 147.025510 66.002296 79.709263 97.708941 106.614173 17.884687 64.433371 96.863680 98.965180 96.899289 117.963961 131.398470 66.801639 71.330475 112.222230 133.205420 147.600845 152.578832 148.336815 84.383826 19.914773 0.000000 95.873718 132.772103 113.432708 158.625614 97.683965 108.567801 92.204862 147.744133 98.190645 86.688769 18.524717 20.806190 72.069984 160.582005 130.905968 90.064042 141.332437 90.673652 18.669786 40.203314 76.243494 79.178843 126.341956 79.431818 130.967522 107.538780 43.835114 52.943965 74.044169 131.592982 135.739517 68.169571 32.554005 47.901719 117.482335 104.681773 146.944976 46.888904 130.279799 115.004009 80.255600 142.512495 128.026793 151.045770 101.156005 107.704751 154.484259 31.967775 101.431399 97.437940 88.304392 109.894844 119.448772 116.970875 110.902776 82.090221 101.886461 137.297975 99.429514 123.508109 126.831469 93.115122 137.109939 24.055671 49.046611 125.839390 88.279718 90.056040 129.516488 85.103190 42.735838 38.523562 54.686957 15.888780 52.026485 40.251807 71.962234 9.918525 0.844551 25.008113 14.491515 37.210494 9.914628 31.162019 23.053996 27.340233 2.934015 0.453927 62.105217 111.534119 86.111787 93.170645 85.536716 119.549345 82.435276 17.532539 106.269334 89.396206 93.230008 92.647759 129.699365 126.986059 105.362047 26.268524 87.964759 44.467971 94.257064 30.521965 70.085904 60.328168 3.294496 74.570822 78.739407 70.562788 128.961871 71.081442 123.883141 116.926315
84.765317 90.375099 97.203553 35.741239 119.810813 141.334162 122.603905 13.160347 107.577022 131.801195 156.524421 45.577813 66.210238 54.867763 62.646113 21.969753 6.460116 17.174606 43.776388 36.160437 26.261852 8.902764 1.549683 6.550461 35.302440 34.983010 36.351552 78.964343 64.886071 71.379629 79.908230 56.750426 31.760515 51.091080 44.489351 4.534988 17.262019 21.803381 19.565051 59.678903 44.984183 66.784732 72.031827 49.509488 23.935835 47.405032 26.357114 4.435929 9.613412 12.729147 6.137581 49.692932 76.302699 46.972001 2.210440 11.103827 44.756974 15.769312 86.469457 103.021546 68.571231 60.183694 75.748432 65.533826 61.940474 55.349743 91.650431 73.092039 67.765929 63.647598 66.133636 84.544516 60.946266 33.137894 33.233905 31.649932 49.079159 88.985081 22.936832 92.628070 103.417821 83.860073 119.837198 126.317253 121.113233 64.935812 121.837522 95.873718 0.000000 113.143328 82.044272 139.728593 58.731697 61.558616 65.786573 109.626538 74.414735 52.549121 108.499721 83.627697 29.556612 139.178691 97.945298 105.596266 128.094395 69.034622 74.586547 70.621395 63.098709 55.352455 104.460838 55.587450 97.137541 82.938944 55.829601 65.232156 79.501900 112.104611 118.097151 70.975586 42.202945 63.575837 103.609378 97.526145 123.383948 53.988538 112.617736 102.194669 74.067420 122.381171 102.135332 129.374133 91.032381 85.269696 122.828103 22.482613 90.381419 84.643425 77.413898 100.572586 106.523207 103.915944 99.570726 58.554776 82.333305 112.423007 82.563016 103.602714 100.897441 51.344901 107.965860 17.430970 43.047157 97.324880 70.218072 77.633753 113.542474 71.355994 54.021756 30.517757 45.550571 14.605110 45.019053 33.715528 66.750321 3.809077 0.807323 18.878882 10.639982 20.241511 6.094581 18.373389 15.668845 19.673759 0.903476 0.000000 52.758270 82.968411 70.247513 82.274746 79.704613 101.199998 68.026030 17.790029 82.695717 81.909603 68.557074 77.510231 107.040274 97.809947 78.073590 19.853212 79.060492 33.842242 79.089794 23.178709 53.679568 45.444843 3.827702 64.005897 60.643101 57.496492 105.361641 59.722645 109.789198 103.074201
46.038173 62.935944 73.515039 58.075114 95.628222 119.455788 121.270850 44.416120 114.093773 140.054108 164.356894 41.299272 102.034643 72.759980 96.271107 33.551784 16.068335 5.993332 17.537637 11.783236 15.663458 9.151940 4.226624 9.250209 29.636151 33.890690 32.691775 72.100183 61.022624 63.733015 74.669480 46.776610 25.739362 50.830358 46.167617 7.858311 21.179974 17.665696 14.074324 50.943379 42.186217 57.466863 67.579520 44.555372 19.470857 45.843893 31.938313 11.433964 18.163294 18.953844 12.489170 52.580482 74.666226 61.382824 5.025895 14.457438 34.344386 55.199785 134.961756 151.851932 96.159046 150.068633 126.392501 85.547490 119.460615 96.692463 106.914221 107.748530 81.848815 83.141150 80.131189 129.466628 129.964745 135.935072 98.899006 89.730506 124.801121 76.420443 104.303047 91.311435 37.597234 107.491008 78.631337 26.834409 56.515438 82.541716 163.408555 132.772103 113.143328 0.000000 35.421421 31.264797 133.842266 136.052302 111.135380 59.725619 125.308657 73.843423 155.144682 125.142889 121.536289 61.203705 39.504777 43.232629 20.717813 129.813197 122.088502 121.254533 27.508089 12.751697 81.002772 10.901224 73.641381 27.094569 64.629400 101.914812 89.851749 119.810144 118.622490 85.525219 60.105162 72.735230 124.784108 127.618601 153.287618 54.477609 143.173019 111.161501 93.977504 106.051214 134.107427 96.096349 108.636074 99.044558 83.961653 104.826935 82.897372 93.114214 102.689845 107.291197 131.958077 125.033434 103.549163 107.947952 131.096353 143.919059 110.065208 98.835819 156.184241 89.744555 103.342445 99.057641 101.397338 114.233117 64.999734 43.472383 120.243442 87.455053 96.751337 41.231797 40.935226 11.359712 36.955869 25.408343 59.058404 5.487868 0.500186 8.224683 1.949710 2.221605 0.562335 8.588141 1.841461 10.330744 0.583760 0.000000 56.713107 95.825707 81.785583 138.179965 83.879142 89.667673 65.356041 52.045399 93.318777 118.398522 99.022297 99.751565 73.463908 81.716787 96.712278 26.068384 106.936659 70.694760 52.250039 97.004778 116.694709 14.999973 39.057205 87.531579 48.455680 72.831090 132.172292 111.486923 116.425459 112.142143
44.509057 66.546466 70.986593 38.637680 98.921945 116.627437 113.087146 11.091938 104.044023 132.050868 148.554485 43.386268 91.548657 65.981127 78.084389 17.279047 5.764223 9.674905 24.039237 14.374614 11.632209 4.397864 1.047997 9.321624 35.966419 34.710765 43.126397 77.231450 69.045689 69.292383 83.551746 46.981959 32.025673 57.560965 51.213138 8.612929 19.285887 24.390366 19.874974 58.596853 47.768427 67.390098 80.084794 54.782135 26.878022 53.558251 34.802257 7.557155 15.712547 14.482080 9.381814 44.942614 74.086810 54.595274 3.625736 11.041877 34.315503 33.595178 125.576787 145.927077 96.741475 137.019791 119.003621 75.152407 113.013430 58.916153 78.917356 86.711736 46.738232 13.902114 20.376634 109.308455 108.351355 108.449771 59.534691 58.736337 101.005807 44.932760 78.068388 93.337151 19.802966 92.548812 65.549454 73.388331 62.175821 90.253422 145.940779 113.432708 82.044272 35.421421 0.000000 102.982801 120.443197 118.125264 91.979834 61.829143 110.954474 82.226036 136.039196 105.358074 94.423890 72.905652 34.293104 101.027528 23.625070 116.880230 105.480673 99.386725 27.945707 13.949131 82.212104 11.387212 68.967639 36.808683 67.053545 80.102430 87.580023 85.427929 101.939706 65.544339 61.860362 72.423240 105.162728 98.571504 147.175236 54.430270 133.298189 86.447135 68.586793 98.724967 104.966948 83.502262 92.561612 103.882449 96.469519 34.775478 69.827416 90.371482 98.488325 91.987126 102.795400 110.742045 86.870315 107.842006 97.726311 137.785624 94.531188 92.344656 138.211480 105.876690 109.485435 33.229083 76.893415 104.435188 56.221969 37.956509 98.031416 67.125762 85.049099 41.968246 36.750336 10.952708 34.552920 26.057314 59.896058 4.071594 0.889291 6.301852 1.898245 5.310863 2.101499 7.115525 3.215223 16.951668 0.139027 0.000000 31.042173 84.181912 70.574118 120.831485 80.263263 86.531709 64.154574 34.391254 83.903004 102.564101 82.960594 92.995703 87.841875 70.027733 78.535196 7.263490 90.219015 39.338321 60.733758 53.670901 80.891612 22.854768 20.225518 68.000019 44.197644 65.186158 109.326066 86.963694 100.447722 96.239291
49.575594 57.661310 71.972002 61.897404 93.827769 125.433235 130.905610 96.549200 110.458477 128.055090 160.222570 41.275801 62.678770 45.999713 66.270551 32.259027 16.507967 10.608627 17.000455 12.591157 16.599154 8.805092 6.024683 8.547987 26.874123 26.498123 22.345937 47.579985 41.666935 45.195070 53.575104 32.262000 20.646258 42.073652 39.917056 11.787800 17.470145 16.652101 10.677429 38.719357 34.206026 47.748435 56.420331 37.211003 16.902731 40.136111 26.256355 12.542970 20.503984 16.883754 12.789873 42.914760 57.033038 64.540359 4.036298 14.513640 28.862713 62.838901 88.254365 98.441779 52.874083 148.585011 82.954500 76.901593 75.798831 128.221642 128.133120 139.288049 114.032778 70.970473 109.668115 161.435057 149.009385 155.145003 72.221441 78.009047 148.796660 105.017278 113.970481 75.333660 61.172025 121.100553 101.896154 30.764348 60.885366 21.544752 116.865141 158.625614 139.728593 31.264797 102.982801 0.000000 122.419828 138.335563 114.675449 75.550425 134.553811 20.983221 137.551443 140.868018 156.579558 27.799960 80.199638 49.147032 25.896327 132.938120 78.579281 117.014087 14.734381 8.147148 51.962233 9.772344 60.715382 14.484930 49.592982 106.455733 75.841514 142.378395 118.171116 89.039757 55.835716 57.590391 110.587625 122.885009 108.845483 35.859387 113.398098 134.272354 104.992208 117.629727 150.968251 121.687411 97.862827 102.940260 90.453200 100.863225 62.104482 66.821094 108.129473 129.099053 136.893632 103.544777 129.314520 101.618360 147.434011 112.518039 105.974090 121.903036 156.470939 84.318941 106.454014 103.116856 111.053663 115.964184 33.275212 38.656296 125.506733 91.231865 45.737490 21.268128 16.434783 7.092390 16.753872 8.549475 35.421428 8.650016 0.188602 25.175358 5.920107 1.674927 0.578039 5.044260 0.811557 8.434987 8.409061 0.000000 66.208037 98.762728 86.108418 101.530062 93.026945 97.594361 32.086667 57.284775 100.201198 90.310053 102.341321 108.815929 82.447120 94.422209 110.369344 48.355732 116.529034 84.289040 33.504775 111.837156 135.213321 9.961794 39.257737 90.092723 41.052625 68.798043 143.171499 128.609377 133.579767 113.024495
98.010093 90.138051 94.196195 82.405161 136.780409 138.186598 129.861228 39.049064 107.143064 129.008273 152.360307 49.561142 55.110699 53.349080 61.184982 24.286513 11.923709 50.694082 85.958628 68.866238 58.738408 23.710111 4.156856 6.028115 31.653188 37.183633 42.684760 83.868174 65.942103 70.757406 88.587404 56.902243 34.769545 49.616793 49.924953 8.447669 29.701708 36.883273 30.768538 81.772447 64.546295 87.190583 100.650958 69.440988 39.138715 63.503181 37.905690 11.894020 6.200110 24.316939 5.692785 42.193511 72.901021 37.921759 4.465141 31.138177 79.817612 25.756835 78.282195 83.626601 75.684974 52.420979 66.160476 38.834297 16.814109 101.726776 88.394401 76.392322 73.384504 69.077788 90.767074 78.764572 67.867756 23.221831 56.159173 53.962917 86.874439 104.187125 74.881779 90.057087 119.532001 58.607690 99.857854 115.123792 97.879443 101.512573 112.453345 97.683965 58.731697 133.842266 120.443197 122.419828 0.000000 16.434948 45.735350 106.695721 16.182142 121.290408 107.308393 86.110794 65.153120 125.847302 119.509038 90.714245 111.148461 24.351183 65.495655 78.455129 105.651181 102.088856 115.707446 91.998319 94.982149 110.737148 73.810137 92.732714 104.246388 118.382586 122.104954 102.445207 45.964993 88.734062 125.925700 115.355114 110.660128 74.475331 110.037610 131.807670 99.140555 135.420111 96.514080 135.681915 110.746488 105.596921 134.998998 66.881377 134.136113 105.446061 104.819605 132.880389 136.336499 112.773675 136.631648 90.501971 66.183307 97.626464 106.550602 133.538594 84.248314 120.113953 128.574228 50.623659 58.413877 81.338996 113.778422 128.942006 130.955221 104.711322 58.805856 34.798292 48.346389 16.898630 44.090457 35.117702 54.416913 4.318377 1.255268 49.841998 29.643807 56.726174 18.684427 51.762203 41.169031 48.821356 3.599766 0.361587 52.919433 78.875627 71.741675 80.955731 66.994780 94.611615 67.298814 11.861046 81.194096 78.465716 70.262051 68.995920 100.779351 100.775377 79.140755 49.248324 94.217961 65.040973 103.729203 48.738127 86.714556 76.800970 6.383144 88.613732 87.987805 81.541965 109.820916 89.260740 123.543613 112.212959
83.003980 89.467415 95.860381 79.597221 131.714376 144.179124 140.190299 41.136695 110.429950 132.798906 158.950696 55.250433 70.491514 60.438952 71.596511 26.335687 10.725711 47.944987 80.570210 63.572853 53.526544 21.507793 4.957324 10.882815 41.670462 45.931475 51.330322 93.556467 81.442779 77.377621 89.259482 64.177339 43.690091 61.664205 58.974113 10.693347 30.199939 41.587340 30.694219 82.750260 63.911741 92.922268 107.108048 74.560361 42.393059 70.936197 44.746913 11.562886 13.277976 24.008084 10.255862 54.825833 79.532674 57.666201 5.410856 29.742859 79.531806 32.381701 90.000211 112.133558 79.067810 85.187147 83.987549 78.138305 62.851549 100.329933 66.102379 77.571369 67.502187 88.906589 107.816900 104.676438 83.324355 21.477400 82.224699 72.951628 17.271420 88.987022 73.420691 94.165222 117.537290 21.505960 90.110888 127.699659 94.825410 100.329124 125.855166 108.567801 61.558616 136.052302 118.125264 138.335563 16.434948 0.000000 57.294814 110.029506 14.943211 125.556426 115.905402 93.827200 72.609397 120.541925 122.499875 101.891046 130.279090 72.279125 79.898503 92.164559 101.261830 90.245828 130.137463 80.956340 107.098199 110.410853 106.109899 111.463932 106.462247 116.605042 125.679453 114.543151 79.634013 108.379083 134.043313 128.954599 121.474780 90.590844 112.593883 135.484406 104.812395 143.458578 95.797655 139.097062 113.857090 131.195895 139.302057 64.673583 134.798122 106.355247 125.355389 143.695460 137.698831 121.750008 143.967825 111.113940 74.332734 104.064306 111.675702 141.605603 91.616471 127.974377 142.298516 65.167063 94.027469 99.590340 114.501699 125.062439 132.070845 108.322587 57.513230 36.671350 48.557614 17.029715 46.950171 36.375480 63.821538 4.836030 1.040969 48.892637 26.932313 49.793296 16.133992 45.293759 38.509781 46.218126 2.262489 0.510054 56.978316 74.924735 75.692566 83.932407 88.251636 103.129032 69.880963 22.601470 81.475974 85.670981 66.994693 80.458284 109.788130 96.490464 73.900660 46.081784 106.843780 65.923585 101.117546 56.096530 89.602205 74.647656 8.698542 91.441733 84.070465 82.012675 112.641678 97.610180 134.003889 119.196325
75.462003 93.094557 92.505226 93.580667 93.510642 116.648310 109.453549 75.511565 96.161746 116.492289 144.474387 35.115129 45.282946 42.623324 49.374279 20.373668 8.336881 27.028509 48.691074 39.542623 29.859239 10.756990 3.058950 5.610240 21.523835 26.616427 30.023374 58.525954 52.030277 52.631670 64.717784 42.047390 26.538991 39.150874 34.866877 6.575437 17.416935 23.266330 18.388545 50.832271 42.065083 60.414798 64.805719 44.869373 26.014977 41.094995 28.322545 7.201669 10.094387 13.309364 6.766467 34.247517 52.590032 48.821004 4.159938 15.679734 46.500202 29.425990 58.270803 66.952896 54.839073 72.498560 57.398100 42.641239 59.424732 73.432938 31.103203 70.323546 62.777586 49.868767 64.770436 80.243197 68.260233 58.617577 45.946672 43.385102 67.960434 89.505526 59.573930 94.402358 96.970245 21.158535 67.173975 105.648560 41.846687 102.348652 95.703559 92.204862 65.786573 111.135380 91.979834 114.675449 45.735350 57.294814 0.000000 98.180502 22.145781 84.998220 100.987450 80.422973 72.107419 95.291317 97.500700 114.010887 115.946407 23.264306 52.199730 60.621435 63.190764 60.525055 89.588324 56.063712 70.210306 75.079431 68.302850 78.273933 76.477542 68.541889 92.665722 77.421197 57.828170 77.629897 103.491026 94.269474 88.377789 63.632381 78.372769 93.710956 73.368803 117.142763 50.106439 84.052706 84.888992 143.543576 87.281918 132.649235 95.915508 77.681112 138.580284 111.699972 108.119503 91.126663 118.131772 160.442422 16.903466 67.066919 82.884158 124.923493 48.382712 128.592179 146.190454 98.876980 104.159964 48.195767 80.243156 83.837856 101.951334 73.440334 46.741837 26.055477 30.108393 11.225474 29.179510 23.636796 41.795293 9.351270 1.123107 22.525326 12.354882 22.318219 6.523235 21.800294 14.993421 23.430301 2.602367 0.675562 37.453619 74.700829 53.390057 69.685043 80.891463 90.843804 44.525472 28.704420 72.917534 65.588694 53.762102 60.883789 104.554463 89.595895 68.956014 22.544441 84.621349 46.038503 69.383910 54.921224 90.845165 43.501489 9.422705 69.540033 57.580321 61.185679 84.616098 110.417912 105.533364 86.088042
48.008855 61.484221 70.300978 25.335064 95.684125 109.213375 107.674253 14.529012 107.026742 129.302376 154.020215 23.337313 52.944688 42.701381 64.924834 22.091444 8.651816 8.522270 18.918449 10.714837 10.737743 3.836224 1.116246 12.182397 33.920034 34.158402 35.659964 70.581152 61.788393 65.297760 73.282218 46.747283 31.425565 58.417558 49.450809 8.337328 23.448669 23.466482 17.079110 57.365921 43.347311 70.335936 69.544297 49.000203 26.726361 48.582325 37.633574 7.560329 19.092212 16.794193 11.410733 41.111294 59.179283 59.040554 3.681394 11.984732 30.879155 44.273749 81.623319 90.395834 32.821323 128.860511 67.513481 41.068123 86.332937 76.435004 83.950127 128.977094 98.156406 82.352578 97.043764 137.010728 123.932658 114.039213 101.396019 90.109618 102.465970 35.156233 114.271194 77.071684 55.393034 88.772092 42.890988 32.141690 49.397212 74.691031 160.411134 147.744133 109.626538 59.725619 61.829143 75.550425 106.695721 110.029506 98.180502 0.000000 107.448758 100.100597 164.555004 142.808287 117.217278 31.470883 31.248935 89.550428 75.744191 103.388772 74.362830 129.490441 26.958356 12.013978 82.201209 10.415845 60.352937 34.200156 59.491520 90.743350 88.194543 98.666330 104.736196 70.736200 52.364970 66.566987 116.050014 115.770700 136.270628 51.757126 130.445395 92.548411 82.124512 93.734284 116.885595 80.197587 99.936678 101.719436 84.497324 67.976749 88.810772 90.824298 100.870482 91.310931 119.302349 115.251999 86.707275 124.397191 111.064204 120.949877 104.913988 87.869972 132.245469 118.463820 107.420636 59.780231 85.634833 94.338636 67.020242 50.755660 108.838982 78.367100 26.237544 10.294427 16.160985 7.617768 21.293666 10.758247 47.126406 0.072824 0.441741 6.673761 0.976870 5.093191 0.934886 6.733103 3.495192 12.498788 0.638151 0.367035 27.119286 89.078992 74.252338 115.749741 79.740530 85.350445 46.353196 44.017057 85.569197 96.816785 88.652090 91.317302 71.783191 74.408130 88.659644 10.827226 96.025803 52.502943 50.694350 74.439481 98.398686 14.510823 27.877078 73.744224 42.124677 59.905708 111.061861 99.221302 103.124467 97.930859
97.722706 95.081009 100.121746 109.096589 128.233938 132.748019 132.137103 79.909110 112.405204 136.674737 160.908277 42.933889 52.036433 52.330643 67.554053 24.961471 12.040766 46.231746 85.223141 65.071504 57.214202 22.963215 3.987074 8.043841 31.196724 38.882459 45.457050 81.291984 72.483593 70.742393 85.679968 55.865329 33.962477 55.726118 46.405446 8.494759 30.725660 44.043996 36.593990 81.326422 64.196545 92.584750 98.449709 73.732467 41.987369 70.133588 48.561945 14.432310 7.619461 24.499438 6.679884 43.660256 73.533860 57.993731 5.228879 33.703469 84.524157 41.314280 81.931243 100.479751 72.836823 89.707352 68.493729 33.585321 33.688963 106.531231 64.149677 71.386338 62.861330 71.751857 93.442882 96.123488 88.021999 52.282878 62.965956 58.704439 72.918787 103.179353 66.221320 92.728277 111.950858 24.356973 84.718591 119.320042 80.645621 121.954702 109.582241 98.190645 74.414735 125.308657 110.954474 134.553811 16.182142 14.943211 22.145781 107.448758 0.000000 109.120244 105.702175 83.785367 75.288077 114.053807 116.696365 127.912892 131.739375 16.468045 59.950199 75.999403 107.128860 100.906451 119.785625 85.332254 89.107489 107.746303 105.329270 113.300000 100.292298 104.336467 114.174470 110.244686 83.596106 116.203122 127.759928 118.377210 104.750451 97.667405 97.450475 135.990809 104.253321 135.341800 79.491496 118.941888 109.097576 162.028199 126.611893 140.979280 136.443233 97.720890 163.245770 147.607675 137.232727 110.740968 151.399430 177.233938 47.943720 85.444649 107.515828 147.531032 67.152805 152.278916 163.458656 110.337579 127.164289 72.110955 116.474665 130.875260 126.277130 107.448052 52.398809 29.166964 43.008736 14.208085 35.756995 29.193566 53.355483 6.068787 0.407063 51.321066 25.974712 56.424230 17.523847 50.069473 41.753364 49.594513 3.427839 0.622781 52.153747 75.753902 78.257470 78.824138 102.684882 113.005433 60.438205 26.850478 82.161123 81.248579 64.185038 74.190560 118.050356 100.543416 71.645582 50.235328 109.498634 78.465744 99.070716 85.149519 121.614473 75.456477 13.360478 99.569239 85.815824 88.079303 104.709399 135.245969 136.958702 112.168205
33.829043 50.934726 73.057284 20.950189 69.184346 102.364318 114.618862 57.881113 102.092074 107.370189 144.324869 58.489820 75.357386 50.129961 45.425397 11.589846 11.333117 16.880619 26.558322 21.170961 20.712559 9.930092 2.986866 2.920257 7.836887 8.561008 6.693666 22.472070 16.875736 17.666382 22.360620 11.705344 6.712686 13.445174 14.036262 4.423982 12.275762 7.812793 4.429680 17.069917 14.183409 27.949372 23.452543 12.769903 6.176787 17.284440 13.776991 7.861540 6.697581 5.728640 3.738859 15.489507 23.570087 41.126480 3.879912 8.704203 23.083756 51.335752 42.274750 46.955721 30.287656 88.705227 53.886545 99.745950 62.005389 63.238008 91.970130 103.171524 87.903532 23.773256 31.299419 92.808480 55.395625 122.499861 18.482137 18.681183 118.465765 94.503831 59.995156 66.320629 73.907068 91.270579 97.265299 66.606524 27.847852 16.935752 66.593259 86.688769 52.549121 73.843423 82.226036 20.983221 121.290408 125.556426 84.998220 100.100597 109.120244 0.000000 73.734907 85.805254 106.792925 16.115166 85.569710 49.228221 56.113728 115.314274 73.395656 32.164036 22.776911 17.392160 58.243408 26.395678 88.159824 38.039590 35.516574 85.841862 69.644874 116.845666 119.085136 76.864623 41.841221 44.192940 95.005431 99.210335 135.499404 30.354268 135.617674 112.481857 86.125045 102.591672 122.197121 94.543240 87.549968 90.154454 64.096698 75.689028 60.151675 66.383385 96.065064 112.444013 112.106607 93.173912 111.689918 88.635525 112.936322 129.752787 89.026737 108.337418 134.703743 57.360494 90.684950 88.101926 100.338855 113.058241 36.214111 42.790883 114.382082 67.683413 30.788443 14.070435 6.825243 4.249668 5.485786 4.176779 16.421803 13.421064 0.000000 22.461696 7.865824 2.688683 0.655576 4.180605 2.140263 7.011560 11.699162 0.000000 35.420046 87.654683 62.572404 59.719995 75.081259 93.663245 14.040509 28.881141 75.729072 46.746986 78.868964 111.724912 84.220145 96.790358 105.593515 42.564778 103.516360 70.083017 32.173527 92.767632 120.875756 7.120593 28.966140 79.338353 35.357933 62.388509 129.804462 112.966868 117.079234 102.228313
127.041377 57.378139 102.047408 54.064886 127.480171 156.747105 128.363256 17.991815 113.627222 133.042273 157.318440 70.322671 45.599092 62.522851 68.946224 31.134103 14.698502 23.842573 54.247906 45.114387 36.963203 12.679808 1.804591 4.628091 25.152834 31.190749 27.313523 65.304855 61.658905 48.796466 51.434081 27.992396 18.119442 34.301604 27.617305 2.984506 12.813412 15.228123 8.331566 35.320267 20.388227 32.626514 34.581723 23.075230 11.951148 22.665712 16.154184 2.724320 4.199861 8.359992 12.068998 48.085313 73.790374 31.449456 2.309825 13.788405 48.741394 8.672570 94.756545 106.675674 103.453419 103.536250 81.493825 99.070144 106.703324 141.669392 149.588079 19.269123 84.347788 96.536179 132.586665 86.701256 92.054804 106.154792 111.362779 109.927867 124.500842 157.026163 81.278116 25.173721 113.485372 112.539261 163.953853 167.438133 147.171113 68.977107 15.297905 18.524717 108.499721 155.144682 136.039196 137.551443 107.308393 115.905402 100.987450 164.555004 105.702175 73.734907 0.000000 23.416474 97.455662 164.316438 158.988611 64.187562 140.935640 101.243700 67.255857 68.255516 73.417683 72.567192 132.817777 85.475879 144.202448 116.035721 31.467271 39.409940 73.898525 122.283557 142.868264 69.906374 20.796665 38.003159 117.366581 106.700973 159.246117 39.643431 139.912142 89.925503 83.092208 140.099899 126.025382 150.830911 99.168266 63.398253 138.981830 29.560241 98.414360 101.537063 51.008232 82.281516 120.909576 124.407820 83.021255 45.818958 113.151738 149.549550 101.802072 94.115510 137.357131 71.004426 95.841612 13.081797 23.560844 141.229622 90.083500 85.512184 137.319484 86.195300 31.817702 32.756619 49.356225 16.412840 50.616505 41.356839 59.541932 9.469417 0.393041 20.270512 13.223697 28.929497 8.377521 25.869620 17.521101 21.722433 0.466126 0.423733 63.126176 110.879290 86.785282 76.718247 68.477075 106.311908 79.329429 10.827321 100.754429 76.707503 96.520230 89.193405 115.176661 126.825672 107.649152 22.783373 74.879334 41.885351 94.934408 20.469939 60.606745 60.296173 1.820028 73.353030 79.845373 69.155379 131.910129 49.189582 100.790667 113.774383
106.796709 78.884539 108.585553 46.932665 125.216169 149.432617 128.053103 17.366271 109.954014 131.274152 159.015320 58.076548 67.492706 63.267324 68.234150 18.423188 9.085903 20.232820 49.441326 42.942870 32.544483 8.143719 0.740601 4.833975 19.312520 22.980028 21.342856 56.701266 44.190306 42.615073 49.566662 29.259192 16.598634 25.607397 23.413559 3.392252 13.536014 12.784016 8.658480 36.410789 24.591135 38.050233 45.131160 26.242373 12.765430 30.054479 15.245154 3.055972 3.490068 9.413081 5.082207 40.018172 69.501596 35.525106 1.300522 10.681589 45.602769 8.162242 83.007221 89.897511 88.152272 83.833088 76.283148 85.344823 87.403069 118.414648 130.547470 21.626468 58.206562 76.213509 101.686183 53.631059 64.132884 84.739980 89.402657 88.397946 100.722856 129.685970 48.808274 45.383721 94.242043 106.007829 141.250936 146.100322 135.866901 82.784547 65.753281 20.806190 83.627697 125.142889 105.358074 140.868018 86.110794 93.827200 80.422973 142.808287 83.785367 85.805254 23.416474 0.000000 62.069411 148.936888 131.255159 88.867650 126.549890 80.299928 75.575515 24.682630 71.092868 71.394648 120.766559 71.183334 127.606393 103.332865 35.382128 47.572580 75.138771 116.906554 132.078196 71.088435 28.482129 44.942304 110.187209 103.456541 140.961011 42.797275 125.192221 103.013427 78.852889 130.936706 111.991569 143.073436 94.393521 83.057049 136.845766 25.713617 99.338606 91.583633 66.743282 94.702237 115.537169 110.418006 95.477387 63.041899 94.145840 129.805116 96.613840 101.755361 117.011473 79.156702 109.259833 15.834011 38.259841 119.009664 81.331870 86.511463 124.690526 82.490532 56.794566 36.481806 46.655050 12.342800 43.979238 27.453048 56.276192 5.463321 0.447313 18.572969 11.866108 23.838905 7.309434 19.536286 14.724170 15.028896 1.409471 0.612331 47.232077 93.445989 70.407934 81.489336 62.769691 99.137498 66.134904 10.844419 87.238963 82.536278 75.733468 82.600383 108.330728 111.687455 88.924174 20.840312 70.829799 39.307820 89.637889 20.200222 52.832036 50.156649 2.265622 66.533465 71.274460 63.052316 118.440382 51.693391 101.162481 105.437039
97.797029 93.014678 101.443461 73.680720 152.867077 156.323633 154.009803 23.475084 108.162672 135.936863 159.402182 75.302445 85.103250 74.344375 75.930915 45.990518 20.398026 33.627821 60.058075 50.216351 47.869194 16.324063 2.021007 20.982628 66.060300 75.591118 81.821808 120.014602 113.062388 117.583749 130.938057 103.519235 70.722758 97.283959 94.251725 11.636456 42.289034 51.389758 50.793921 112.673628 92.728228 121.373658 139.214304 101.378015 65.077719 101.935466 70.708637 13.456530 25.894265 31.597068 18.866216 85.759089 104.856321 84.226071 5.101702 25.821728 80.098979 31.752773 101.178897 108.673317 114.098993 35.853248 92.555600 86.742430 74.023601 79.717086 105.771955 61.185357 72.270316 78.715235 80.015810 58.341103 29.662455 44.753562 63.078643 55.649814 69.513549 98.422001 18.305748 90.023643 111.338742 98.752004 128.411739 131.609543 135.957642 117.305878 109.794954 72.069984 29.556612 121.536289 94.423890 156.579558 65.153120 72.609397 72.107419 117.217278 75.288077 106.792925 97.455662 62.069411 0.000000 148.180966 105.338723 129.386760 140.137103 69.997486 85.545819 29.283176 90.633335 76.614462 125.137754 75.297699 113.670609 103.802952 74.244449 86.781214 96.322848 128.405366 131.227487 98.022007 55.617016 78.405394 129.403196 123.536032 130.753559 65.588161 122.752396 129.325377 90.632281 146.237375 115.476528 143.739585 106.943389 128.474419 155.578339 51.852278 114.133582 103.339673 115.669295 129.304468 133.808188 121.373424 128.966608 108.767351 91.050419 119.483265 100.998417 134.490660 107.154901 121.835502 148.013390 39.189455 71.941873 106.666719 100.158149 106.067438 132.682176 94.248541 91.754476 61.692580 78.183993 38.489731 72.915389 64.230798 97.103669 10.106560 1.873262 32.307554 20.165912 41.759275 11.839192 37.572989 30.520822 37.248057 2.352127 0.370717 80.910463 89.288397 82.294906 81.183824 104.433162 110.237658 79.522137 48.005943 85.747076 83.316488 71.048724 78.681066 116.735139 104.774713 81.867261 37.649049 112.344747 59.231155 108.130973 50.777926 98.403999 70.963398 9.250738 92.620112 83.187231 84.781856 124.904133 106.244726 145.085557 131.771810
54.344767 64.304834 73.781411 81.862475 94.266839 115.228558 120.929964 85.523143 111.772408 140.733130 161.834164 61.350314 86.255619 70.368579 88.032185 47.102091 32.032282 25.106613 39.338561 28.250824 38.172533 20.272290 9.326151 23.219817 56.637459 59.470938 64.550035 104.836174 104.314412 102.203949 111.974213 80.839626 57.763642 92.475486 86.174165 24.243549 52.736184 52.744727 39.848192 95.247848 88.558029 113.650993 120.005461 87.161594 56.233878 95.116860 72.181057 25.931273 36.491795 37.954703 24.130532 62.650759 82.874419 76.584583 13.989989 34.700407 74.207654 78.056686 80.637585 93.778984 42.297064 151.711385 82.670959 95.219639 94.293189 121.472936 95.359602 136.043345 102.304602 89.094699 113.550107 160.155767 151.967745 136.511050 101.755131 105.521538 120.629199 49.485701 127.769130 75.052956 57.817924 92.543661 25.276236 30.628551 22.449202 74.910801 157.262579 160.582005 139.178691 61.203705 72.905652 27.799960 125.847302 120.541925 95.291317 31.470883 114.053807 16.115166 164.316438 148.936888 148.180966 0.000000 66.607688 68.745060 70.113407 119.374308 97.661433 138.796478 51.431365 25.540996 124.059895 24.116384 97.763535 55.647987 105.085474 139.078789 133.735233 125.398578 149.696672 123.882828 87.051933 109.385762 168.696503 167.967042 172.535678 90.143665 161.684153 126.597163 132.663241 103.870155 131.894732 92.873693 144.023402 97.670138 76.853799 112.144051 140.678880 131.180452 102.972724 115.614855 179.501228 161.262185 112.290187 106.616529 129.648288 149.388791 153.370436 100.963460 149.319244 83.427650 99.822170 114.736720 110.565379 135.507851 111.474631 94.832751 167.651600 137.111938 33.759480 13.406155 18.783462 15.661339 27.932262 17.752631 55.516976 1.228862 0.667493 19.544855 3.999027 5.385065 2.342210 19.446083 8.745130 25.486977 1.996799 0.132013 66.556368 95.381016 84.002536 118.453000 88.730389 93.843519 55.569022 66.539232 93.789826 105.836981 98.002892 100.222876 78.235342 83.551834 96.589565 60.711188 126.035888 105.203223 94.124697 121.221986 131.107354 31.535699 68.096329 117.274051 83.919416 109.952571 136.501887 118.610260 121.538329 128.410283
46.561660 70.347217 77.359723 34.853211 99.839086 114.654416 107.258641 13.155126 114.803491 141.372761 158.770337 39.438308 93.352130 70.953338 80.104586 20.688598 9.009530 5.892537 17.744793 13.035873 10.377805 3.373541 0.922789 9.431263 33.882992 36.390910 33.982601 73.975419 68.815478 65.225271 72.636512 47.806389 28.590034 49.245315 49.225229 7.853768 21.568054 21.731099 13.481977 52.495316 39.410822 61.274348 67.463021 45.071802 22.393829 47.930600 29.923273 6.719834 15.243032 15.247761 8.572373 47.828975 75.584000 55.246588 3.413930 11.383413 30.213594 37.594200 118.492557 136.584906 77.539661 127.427690 109.353451 66.803751 111.519669 68.440117 88.338386 125.203211 96.504789 86.342595 71.100707 119.605142 112.618001 112.888367 93.555424 75.633001 102.122720 35.847703 102.656391 100.861132 58.163881 104.045501 70.573705 31.084314 63.681946 86.855611 161.785803 130.905968 97.945298 39.504777 34.293104 80.199638 119.509038 122.499875 97.500700 31.248935 116.696365 85.569710 158.988611 131.255159 105.338723 66.607688 0.000000 107.939032 73.383483 113.515743 105.937405 116.936040 29.031672 16.836483 85.296677 13.251974 70.218679 35.204680 54.207856 75.168496 79.959458 94.515599 98.133785 61.507400 50.685576 59.822262 104.485332 101.131496 145.223443 51.795483 130.844084 81.352721 70.867569 94.663402 116.404963 82.681122 90.194328 103.848043 90.980240 52.808370 76.486503 88.700878 98.608210 87.232000 105.393499 104.766058 81.829540 122.217757 105.286311 137.530276 94.268433 88.568028 138.297929 118.575669 108.311168 45.063098 77.411833 106.740452 62.591130 44.750101 98.154682 67.955087 78.607180 39.336069 39.287464 13.258106 39.131040 24.364312 64.027700 2.487760 0.170352 5.573348 1.309494 4.020754 1.896123 6.626451 2.135433 13.095019 0.360785 0.000000 31.934869 92.842600 73.521455 131.936788 78.769108 87.914991 72.373087 36.706835 89.426074 111.013649 91.864404 97.294937 77.651260 76.413449 90.677447 9.159549 85.463292 43.518473 51.685721 63.563458 85.148791 20.090003 23.173086 65.270286 35.780086 58.402737 105.215395 89.029668 99.488604 97.037482
41.125214 33.162484 55.819935 36.898685 98.908039 130.171976 100.653283 34.245422 80.327808 92.565613 120.559370 21.185669 44.774208 41.063027 45.008771 15.692677 4.644497 1.871365 11.230488 10.606964 5.545078 2.499292 0.000000 3.850715 14.043278 12.161917 9.747076 27.402636 25.806434 25.652487 29.399704 15.487093 7.038150 18.438393 17.611352 1.381881 4.298770 3.818648 2.975434 19.578459 15.609800 24.948299 24.995991 15.310430 7.488643 12.014607 9.543604 1.607516 8.278976 6.792640 4.795617 27.104250 37.226754 42.670770 0.175366 2.965719 7.617549 12.508081 92.324112 107.586562 87.637749 121.781232 78.474007 66.285768 79.217613 106.621433 114.860477 100.505108 74.662686 60.456797 86.711125 110.358438 113.733267 125.016765 63.394842 64.238862 120.344548 105.564513 87.665379 24.292883 23.993689 111.489284 101.775193 61.900086 71.473408 18.479068 40.272727 90.064042 105.596266 43.232629 101.027528 49.147032 90.714245 101.891046 114.010887 89.550428 127.912892 49.228221 64.187562 88.867650 129.386760 68.745060 107.939032 0.000000 18.802046 111.607481 58.287704 89.042019 8.644097 13.590867 27.038338 13.583051 49.841726 19.339649 11.525172 21.820872 17.799574 83.347214 51.331221 16.719540 10.797739 11.005613 32.621818 27.831193 85.978463 8.583646 76.391865 59.373169 22.914034 97.569633 93.844258 109.355490 25.047683 109.817991 100.957065 102.146147 14.315835 25.179684 103.223156 66.583818 36.239749 38.624245 71.101238 112.783082 101.939150 89.805187 32.747555 92.465381 105.945272 93.882703 118.314857 76.873827 80.329388 71.589850 12.402072 9.147398 37.813142 18.079208 27.683033 18.919691 15.070417 3.529737 12.774947 9.488654 23.377662 5.478297 0.192815 4.129334 3.089536 1.992310 0.245364 1.719963 1.049186 2.076945 0.338325 0.000000 39.026128 80.019197 62.071077 67.223050 72.081041 81.927155 25.608134 33.974971 79.010326 62.266606 73.731710 91.097344 66.590290 80.723338 95.040578 6.040901 41.588726 16.904042 26.749140 24.923780 62.404220 11.202872 3.505962 22.471599 19.285199 18.649407 84.460504 75.215269 83.006770 50.461207
46.922316 51.922595 66.862357 61.772599 97.223127 128.204755 125.475076 56.845844 100.740413 119.873968 150.821924 30.595777 68.847140 46.215923 72.122600 30.819610 14.194586 4.819805 12.550846 6.088723 10.405554 3.316758 2.021063 10.829875 31.093935 26.317923 28.319171 54.645228 47.153508 53.503771 62.346012 38.889902 24.784539 46.839128 44.837036 6.238426 15.466352 16.355230 10.785040 41.810859 37.396151 52.583903 59.111005 38.851580 20.485927 38.395948 22.811037 7.663316 20.414723 17.981553 14.434303 43.212209 61.632420 59.475001 4.124937 7.925963 21.894442 47.192978 105.983216 118.039528 71.574738 154.515863 92.297871 61.973649 87.896225 113.431755 118.583186 110.453758 81.136334 67.061604 94.837334 144.452479 145.394614 146.288785 89.930505 90.217121 133.031505 93.129422 104.680603 65.325718 22.987394 116.945790 90.653184 57.674249 69.068628 20.989186 133.591026 141.332437 128.094395 20.717813 23.625070 25.896327 111.148461 130.279090 115.946407 75.744191 131.739375 56.113728 140.935640 126.549890 140.137103 70.113407 73.383483 18.802046 0.000000 121.972663 87.542299 124.229283 12.223460 5.375441 50.077556 5.006393 45.508986 11.606657 43.977395 81.119746 66.876688 114.693916 87.193263 56.657095 47.211463 48.138643 89.348213 93.891939 98.313437 35.105614 102.766073 102.078971 73.595086 111.761069 128.414742 106.928281 69.003335 106.535431 95.284935 102.625534 48.692974 61.363881 109.078780 103.364231 98.934333 87.374946 104.407680 105.531987 132.067436 100.695521 78.796816 107.854436 136.276731 89.674941 110.807339 96.787581 104.487192 79.923580 36.065645 21.147978 86.585730 63.312290 55.919593 26.658118 19.261862 7.932502 18.821038 13.500856 38.723941 5.631826 0.859431 7.599510 2.679720 2.088330 0.433222 1.729454 1.780553 6.226256 1.427850 0.000000 59.250826 93.312544 81.614886 110.325829 85.476038 90.969254 42.418650 55.580408 93.487368 97.776223 98.925919 102.127739 75.647311 87.178594 101.915454 20.049526 96.815739 61.012506 32.872228 84.220110 108.880725 9.190563 28.606969 67.333483 28.210782 53.446719 119.293288 114.017623 114.645387 93.272937
111.595512 88.021162 93.884720 106.233342 136.965418 131.659806 123.827170 57.031814 98.236878 120.841033 144.365297 26.818998 27.745506 23.176097 37.663193 23.563507 12.358497 43.850447 66.723002 54.858201 51.043807 17.140819 4.352614 7.718670 27.652396 38.126504 43.503284 78.343218 68.858097 68.446312 78.701059 48.883618 26.993256 48.135883 43.544972 6.388359 21.910019 27.467508 22.380265 66.018979 52.297439 75.301177 86.788095 56.373264 25.550962 51.380539 34.079190 5.898503 8.441271 16.920045 7.598301 43.247889 69.955556 47.864601 3.222560 20.504618 63.353718 18.029284 64.238092 63.163738 57.220497 46.853662 36.391203 15.863589 27.298134 92.280996 86.769027 71.359398 70.644794 51.527364 72.657432 68.740969 64.117879 40.021580 36.980382 41.886739 107.623789 111.451977 70.910528 85.647994 117.599781 71.161280 94.709473 116.743518 92.361430 120.004771 88.900914 90.673652 69.034622 129.813197 116.880230 132.938120 24.351183 72.279125 23.264306 103.388772 16.468045 115.314274 101.243700 80.299928 69.997486 119.374308 113.515743 111.607481 121.972663 0.000000 34.211542 72.418787 92.700620 91.358963 103.518938 83.260326 76.891745 100.036286 53.984859 74.024453 85.522356 105.438999 111.336605 79.462340 33.701502 59.027924 115.189656 101.084818 100.166870 56.975381 99.432047 117.195956 83.651774 128.958451 83.895100 122.126129 96.098885 132.394843 132.091239 114.456036 121.666658 89.289722 118.980358 122.267505 126.185402 99.527394 126.608810 144.653233 52.726524 85.968796 93.832485 135.523248 63.303944 148.336431 153.042675 58.634558 71.947734 60.148414 100.005869 111.404729 120.269835 85.071092 60.316077 34.352717 48.372873 16.562805 44.653808 34.112380 51.024508 5.228133 1.337441 33.141271 19.854382 40.838552 8.833443 35.400636 26.674926 31.242732 1.309942 0.143142 53.401416 80.314225 69.245272 74.930790 74.686390 98.816858 63.424664 16.527354 77.174610 71.860281 65.469821 48.471282 109.664576 101.183292 74.073491 30.249716 86.389426 53.353952 92.035682 38.763276 83.153059 62.810440 4.572608 78.276034 74.793476 69.550348 92.716700 95.451544 122.105503 101.210014
98.520041 57.368726 67.462306 46.319331 78.293272 106.604331 84.240015 11.136737 44.625496 38.944501 83.935883 10.931737 13.067290 21.289287 32.963298 17.748865 10.675291 18.545075 34.485104 29.752865 23.203544 7.678754 3.019386 7.113924 21.646136 21.537032 21.032606 38.853619 45.734530 47.392248 49.478646 38.798031 29.819152 36.635837 32.483584 5.220704 18.107382 24.283665 23.895862 44.801174 39.736978 52.914801 57.221365 41.743916 29.552238 42.259129 26.708687 4.460324 7.477588 10.268535 9.247795 30.261653 52.478685 22.575854 2.792507 7.735149 27.057700 8.138345 34.872743 66.607508 60.459052 71.919511 14.348960 17.667760 65.098654 80.703874 82.378395 93.467719 76.041806 35.286730 72.954214 14.955171 63.524180 78.096302 37.090172 39.653694 82.653046 98.543777 65.288514 61.168303 86.787375 51.922034 88.495699 81.388234 89.750695 63.464738 15.750232 18.669786 74.586547 122.088502 105.480673 78.579281 65.495655 79.898503 52.199730 74.362830 59.950199 73.395656 67.255857 75.575515 85.545819 97.661433 105.937405 58.287704 87.542299 34.211542 0.000000 66.557085 43.644569 53.315923 75.192812 50.937464 84.909606 74.088214 11.026078 22.114985 27.975082 69.802844 83.623548 19.241898 7.348776 16.356614 65.369983 45.501482 110.334515 13.834475 90.109511 47.046359 23.874271 70.513168 70.823845 81.933577 36.341972 26.124590 60.742412 20.740192 49.337395 38.582794 19.177101 33.867490 57.043106 57.412779 33.250999 20.447596 65.945828 102.917576 41.042176 40.906423 91.431348 44.119758 47.382275 7.099128 9.856008 88.220962 47.979121 38.793151 67.529543 26.899089 38.429672 30.624732 33.959603 10.381106 28.053449 24.212311 37.875781 8.283459 2.186343 10.832117 4.760040 11.805205 3.523228 8.632549 8.354465 12.547627 0.445929 0.110588 32.631485 61.276284 44.349746 53.716228 32.404954 60.602712 40.559305 4.167803 59.588232 56.477967 60.769080 59.631189 63.403765 84.235140 70.458529 9.634993 38.337700 11.895928 61.425959 7.378339 28.259058 24.499074 1.351669 27.657378 38.223797 24.037923 74.137032 29.025578 64.083767 69.163508
107.312078 95.270685 103.764405 14.936314 81.678925 109.925112 79.898457 3.870817 92.214523 96.122364 128.627310 25.332435 56.687031 38.840223 40.593598 5.744703 1.765545 5.491238 19.839362 14.760414 9.275576 3.553231 0.336929 1.668466 6.723490 6.458906 8.165670 22.705302 17.962896 16.375723 16.123244 9.360616 5.073365 9.414234 8.827914 0.952385 3.484310 3.967198 3.910679 13.836499 6.540645 16.001891 16.289263 9.636582 4.954757 9.593748 4.333676 1.388009 2.311876 2.366868 1.117681 17.834416 32.252598 12.264941 0.972054 4.804592 13.617260 2.179972 92.017390 102.541365 77.055512 80.555602 78.964767 58.082932 79.113459 101.625961 122.754053 17.369077 64.428500 72.364545 90.474293 27.360214 22.930003 83.596997 76.770915 69.668855 99.988282 115.677477 19.939303 81.875009 100.306519 82.945371 132.005871 128.534397 100.102865 55.631641 89.986241 40.203314 70.621395 121.254533 99.386725 117.014087 78.455129 92.164559 60.621435 129.490441 75.999403 32.164036 68.255516 24.682630 29.283176 138.796478 116.936040 89.042019 124.229283 72.418787 66.557085 0.000000 20.317501 18.913036 49.534239 16.397799 64.431844 31.670310 16.406400 22.784551 40.754801 89.221671 88.042010 29.612493 12.140483 18.148756 53.403410 45.542074 110.957441 15.668827 102.327529 60.871369 37.734162 85.563065 90.575376 114.489675 52.786200 44.721935 90.182028 8.350159 37.387173 52.077082 30.756045 57.652444 51.326257 63.126015 58.846760 24.586567 72.184909 105.743894 50.307802 69.843885 102.272166 26.534466 71.154236 6.369900 15.463059 76.660054 27.090902 26.177473 71.835347 32.383649 50.325609 19.800733 19.687088 4.356233 17.544606 11.836601 24.537019 2.171360 0.335904 5.498433 2.461733 6.103793 1.420501 7.565037 3.596618 5.329854 0.288967 0.000000 24.276178 80.085164 51.450902 79.691823 34.162437 68.477131 39.265119 3.745594 70.297486 64.942428 66.056643 81.389515 80.180374 104.515448 85.386296 7.116797 35.892901 15.612578 46.159252 6.994571 20.860289 21.300024 0.209964 30.559508 33.839469 29.044581 74.720754 24.173182 62.166470 61.249243
71.037024 122.961913 83.195434 12.806238 119.406289 79.560821 92.734025 47.400871 85.902368 106.365466 133.458127 18.238193 40.838785 33.713130 37.577388 6.329541 3.493526 27.573692 27.212702 28.316724 34.302760 31.055502 8.350657 1.840497 15.092483 17.917019 24.006650 52.271457 45.749053 42.990436 56.360442 36.709983 20.256995 27.732084 28.388678 9.633210 25.464495 30.477657 24.958159 40.145829 43.235565 67.575173 72.879028 50.636765 27.697548 43.397806 32.702242 14.588818 1.734921 24.576695 4.231114 7.190737 26.200518 5.811677 6.963541 39.967561 75.687694 31.011767 61.457284 84.150687 68.485486 113.482422 53.383363 78.015554 95.848781 21.933001 73.278526 89.510855 48.477805 7.335544 13.375959 90.318907 57.882743 116.866639 6.059359 7.557730 79.565374 47.533106 35.200085 92.059051 24.328267 62.055197 75.702260 21.041009 72.082907 19.050254 65.385263 76.243494 63.098709 27.508089 27.945707 14.734381 105.651181 101.261830 63.190764 26.958356 107.128860 22.776911 73.417683 71.092868 90.633335 51.431365 29.031672 8.644097 12.223460 92.700620 43.644569 20.317501 0.000000 17.526635 37.781152 13.658395 13.356007 48.427940 71.291053 77.440774 67.864657 84.556800 89.010391 70.794288 39.022155 75.884171 16.288780 72.835060 70.359265 39.177892 96.771678 109.699777 74.009129 74.898855 64.631266 103.772190 83.777205 124.928056 65.544787 72.591282 69.690848 75.155669 132.752591 137.246393 71.990532 96.709924 138.604330 107.218389 66.679757 60.858281 102.449161 121.881507 73.281754 40.977046 93.644377 75.469941 78.667710 46.651002 14.674245 81.651971 72.242941 96.087293 12.687682 7.356573 8.228230 2.018851 6.605014 4.557478 10.175494 0.413218 0.000000 60.686469 45.422828 59.510214 18.396003 53.880699 53.271291 56.575536 14.332387 0.847176 8.631504 35.649376 17.107055 77.861924 7.692302 26.807447 18.935489 1.765997 41.699011 52.290494 50.852049 82.171570 24.990215 61.396617 77.346972 50.557475 73.332343 54.865745 68.255184 42.029460 74.925851 63.221799 6.005687 68.546336 65.031001 60.995431 56.942110 74.272251 97.454286 79.549261
64.390469 112.244730 85.252818 13.614026 119.893731 95.628660 93.901500 50.492156 88.026938 101.874211 129.802438 24.320317 44.411078 41.202412 41.152744 6.882269 3.509902 44.097303 76.301905 67.532248 61.856721 33.316172 5.793424 4.115910 16.700599 21.725679 29.816763 54.564016 42.543180 45.541962 61.162053 40.067849 22.752289 33.921136 31.280862 11.863305 26.391498 35.771317 30.173649 54.745128 41.433887 66.380000 74.178368 59.782674 31.178607 54.646756 36.670571 17.983517 2.353246 30.812646 3.328257 11.042366 32.390658 6.828838 8.998625 48.013992 81.824258 36.321489 64.177247 79.562222 58.369629 105.271917 60.269237 79.895985 92.801095 13.369029 49.952312 81.639615 41.888808 4.892827 4.916378 87.304291 65.755024 109.050320 5.501156 7.569437 66.789009 25.791717 33.795703 88.979493 9.683262 45.598582 41.691646 10.341144 44.960961 19.830526 65.332131 79.178843 55.352455 12.751697 13.949131 8.147148 102.088856 90.245828 60.525055 12.013978 100.906451 17.392160 72.567192 71.394648 76.614462 25.540996 16.836483 13.590867 5.375441 91.358963 53.315923 18.913036 17.526635 0.000000 21.772640 11.331528 34.461367 19.985782 54.509957 56.543610 58.453453 65.978215 90.095233 61.125627 24.934356 55.737989 19.204165 86.926999 86.093257 27.773822 100.832918 98.951676 69.451526 90.891685 57.487096 76.285376 70.459068 106.496963 43.329162 76.219368 100.970183 65.331921 113.423719 125.573551 95.449779 104.544844 139.542348 87.470442 69.784041 70.323640 101.298417 102.108721 82.684737 26.875853 69.265608 85.472285 65.256024 62.410840 70.840044 100.133948 88.095837 102.431808 17.853218 11.285642 13.007261 2.319400 10.150672 7.509347 16.428940 0.805591 0.000000 77.329199 49.302357 66.133798 24.103150 57.971521 57.893973 64.221248 13.721313 1.011939 9.206847 39.354449 18.411738 77.787219 10.600930 33.751586 26.900543 2.172265 41.154295 55.119270 52.930414 78.865052 24.965600 62.945888 75.829993 50.032648 69.933884 58.185216 75.876232 47.356563 73.895599 68.443083 8.577933 68.444611 72.241449 60.315205 81.391166 76.982364 91.404581 78.805835
138.602760 159.224730 153.285782 21.011353 114.437372 91.304269 98.619707 72.381564 102.892739 122.863310 149.119016 35.245066 65.946228 56.649353 62.060815 10.808518 4.029632 57.120380 81.723136 75.187692 69.330047 41.126911 7.466980 11.081990 48.474384 59.069118 77.121051 124.806392 113.138378 116.850068 129.965802 97.058835 69.346434 92.568252 88.224311 31.430607 66.920311 76.410442 70.383939 113.584133 100.309684 125.612377 133.449021 117.319852 85.028753 110.848374 89.407472 39.956086 11.005848 52.103654 9.189857 23.557558 64.086713 23.026464 20.555975 69.199748 98.961545 71.893270 82.924056 110.811433 87.659500 127.987505 80.627423 100.962866 114.169090 64.550514 122.192852 129.697800 107.362600 30.982935 46.555381 121.514831 100.318318 128.547250 23.460971 26.716196 120.631926 99.438882 79.797748 138.367644 82.934622 112.458098 124.406651 78.112944 142.878054 37.220256 106.731752 126.341956 104.460838 81.002772 82.212104 51.962233 115.707446 130.137463 89.588324 82.201209 119.785625 58.243408 132.817777 120.766559 125.137754 124.059895 85.296677 27.038338 50.077556 103.518938 75.192812 49.534239 37.781152 21.772640 0.000000 36.377288 29.548503 22.027622 101.398371 104.552506 92.777444 113.573715 77.105760 97.620123 87.828389 113.410307 32.082912 20.153279 26.981374 88.655363 82.924523 110.307764 97.156769 87.183927 89.663001 127.178682 100.953050 144.931409 126.201341 100.654481 97.400470 74.383537 155.093616 130.783482 85.521195 46.651162 125.956449 157.843681 74.421941 36.421765 90.198308 124.791071 77.901093 66.209424 141.840177 113.525364 132.639640 43.137890 69.417208 98.182756 80.063098 87.713398 23.336559 14.653206 21.515638 5.564518 21.027980 15.847759 29.085395 0.432453 0.348831 85.548052 57.381230 76.268776 32.124147 70.828901 70.186174 80.711504 14.049816 1.918239 18.053176 94.263373 46.872774 120.892787 29.233823 76.297271 49.833608 5.642292 86.094937 95.096854 97.751734 118.851217 75.595624 135.106613 130.586814 74.212770 98.193294 78.567889 74.509947 84.232957 108.160504 74.782360 26.311871 84.680523 72.521114 76.713145 78.177376 116.238551 114.533703 85.203217
53.600132 107.810291 71.259477 12.632501 97.499588 79.107860 79.313119 38.119975 76.673840 90.642242 112.828633 25.618044 44.621536 40.665301 40.130507 6.439459 3.689058 36.593394 58.056872 49.795321 46.890971 27.097873 5.653917 2.618752 9.790452 13.729699 21.018461 43.475649 31.517720 37.351270 44.938842 28.153090 15.914429 22.839337 21.671388 7.431345 18.820407 24.200225 19.084573 46.759705 41.253876 53.225190 59.135512 38.988125 20.762972 35.241435 26.243447 11.790854 1.738537 23.409936 2.574446 7.373430 26.193843 3.836284 6.026288 34.264471 69.833503 24.591516 66.896533 88.084499 56.083766 103.289835 59.394249 68.982253 77.945586 9.531756 30.233990 80.094800 37.159581 3.821922 4.781277 92.015494 66.969041 100.860337 3.463922 4.330806 46.599311 18.791259 22.676626 94.733888 8.682006 28.138860 30.797233 7.686950 41.737353 15.170795 68.210818 79.431818 55.587450 10.901224 11.387212 9.772344 91.998319 80.956340 56.063712 10.415845 85.332254 26.395678 85.475879 71.183334 75.297699 24.116384 13.251974 13.583051 5.006393 83.260326 50.937464 16.397799 13.658395 11.331528 36.377288 0.000000 12.649405 11.444032 31.904579 32.579242 33.335680 40.109547 75.467557 30.868637 11.002301 27.100683 55.094969 95.442917 84.625501 13.571519 78.608382 63.973025 42.820202 75.186103 46.478143 51.516903 43.510929 68.251459 32.193668 62.417313 90.577937 39.476708 75.737416 86.602644 84.928548 81.322431 105.988737 61.621934 56.672673 46.344432 74.948006 67.994705 57.644216 24.416035 40.733998 68.305836 38.863270 35.004053 57.554231 86.680057 75.633971 79.664726 13.956498 7.376859 7.284070 1.737082 8.918660 4.921743 10.516337 0.917337 0.000000 62.330959 38.313950 54.884061 15.849057 46.614571 46.286792 48.769380 6.814612 0.442773 7.446636 28.200019 16.166083 75.362788 7.019280 23.602790 24.904140 0.763607 35.782825 53.455726 43.519154 75.786498 20.008971 48.777930 67.856762 38.721605 55.889895 43.746101 65.302432 31.440555 60.843171 58.180443 4.309281 57.003843 62.112837 49.372890 63.128306 59.715187 74.784807 66.136541
118.808169 138.330592 125.920281 43.963235 107.422423 75.532818 81.678754 60.686560 85.284157 106.038281 132.005086 51.697195 70.084502 62.386174 60.414579 17.014805 10.682940 16.944525 19.739025 17.618438 21.051177 28.849048 11.333130 5.226524 25.583679 30.385969 45.597362 81.753660 72.385483 71.783039 83.058857 58.510298 36.604356 49.921359 45.185500 16.300500 35.424164 41.468845 32.568321 73.442349 63.583977 82.984569 93.324920 69.941420 45.456589 69.390610 47.519370 21.237815 7.572441 30.231740 7.027909 29.727264 57.023877 22.035589 12.932025 43.433584 74.903458 39.288476 95.390934 109.099955 94.566119 110.696916 89.295676 80.125236 100.221386 49.975266 91.333166 122.838855 96.048353 20.013421 37.129390 114.325185 103.357442 104.077385 18.417713 21.479095 104.325630 83.929955 69.146055 135.745986 71.398946 80.721850 97.958423 62.029244 109.426135 67.836905 126.937140 130.967522 97.137541 73.641381 68.967639 60.715382 94.982149 107.098199 70.210306 60.352937 89.107489 88.159824 144.202448 127.606393 113.670609 97.763535 70.218679 49.841726 45.508986 76.891745 84.909606 64.431844 13.356007 34.461367 29.548503 12.649405 0.000000 16.470543 59.133058 72.403870 67.725413 94.236705 72.218250 70.046943 31.876358 61.936806 37.972075 74.485497 51.466116 35.306236 98.034259 103.224560 70.808595 72.794487 81.788649 92.184810 76.743753 115.133174 87.222162 76.216571 77.535669 72.169889 115.550166 122.867421 78.083718 86.369277 129.418089 97.510623 41.745919 24.168256 92.771622 113.028167 29.165654 81.346183 99.507326 72.913704 69.860984 16.097507 18.302981 83.571865 69.513932 85.447687 45.850373 24.454657 36.853762 8.183262 31.791609 23.575153 41.657540 3.719428 0.160519 59.139271 37.517680 54.474394 20.404925 48.846620 50.436041 54.616647 9.842868 2.323408 30.721671 80.931775 57.963517 113.186925 34.218025 71.760613 60.849732 3.341120 88.233959 98.408816 95.488909 80.039600 72.166042 111.782858 112.644161 50.671335 69.364608 52.861897 59.619797 48.850826 71.188059 57.266447 10.253121 62.858752 57.085783 57.178753 34.392439 78.983038 88.438837 68.083395
89.693377 140.940919 111.434227 18.318939 119.176627 97.670937 95.808046 53.434902 97.838460 115.608993 139.896770 35.057874 57.522698 54.176539 53.721526 9.604935 5.064966 47.839855 76.895430 66.874280 61.039355 33.050491 4.880140 4.849517 27.306029 35.437528 49.168061 85.294967 76.054052 74.939246 86.615339 60.469847 41.225048 58.976840 50.966370 19.410610 42.049784 55.001916 46.185513 85.856295 71.201184 93.900926 102.798954 82.349283 52.696850 76.952981 55.380815 28.855504 4.526327 38.355587 3.762502 16.160450 42.966656 12.266913 11.356028 50.952979 88.478519 42.206067 82.063720 106.533430 83.084159 123.994431 78.934593 93.593047 95.820093 26.240542 79.498577 116.279628 74.823922 8.602898 15.182581 112.854883 88.487992 121.741321 10.049815 12.397143 86.612846 52.658311 49.775064 118.940452 32.352582 70.072592 74.902153 19.266628 87.465495 24.762476 94.582218 107.538780 82.938944 27.094569 36.808683 14.484930 110.737148 110.410853 75.079431 34.200156 107.746303 38.039590 116.035721 103.332865 103.802952 55.647987 35.204680 19.339649 11.606657 100.036286 74.088214 31.670310 48.427940 19.985782 22.027622 11.444032 16.470543 0.000000 62.875788 76.819898 75.723265 89.854642 85.467029 78.118441 39.571569 67.180467 55.811064 65.908946 18.810534 38.763032 91.349309 105.477220 80.645362 95.144727 71.520229 100.982823 82.047325 114.814444 68.279829 74.683815 110.694720 71.731954 120.047056 129.546241 102.855411 74.725995 131.431699 97.432720 73.957694 17.502034 97.448831 116.439600 55.025009 30.799150 99.272399 85.178531 70.836143 46.303131 82.172518 105.015967 91.787460 94.816766 25.214293 14.253617 16.488145 2.252176 15.715814 12.677648 22.333524 0.401107 0.207795 74.367283 46.522623 67.616621 25.355056 61.709979 63.528176 68.312328 9.704915 1.115696 14.397158 59.112013 32.082087 100.217993 15.717997 46.687605 37.071637 2.374309 65.958183 75.089527 75.744026 101.932071 42.899156 90.234960 101.898253 56.118539 82.013301 60.008802 77.148023 53.798504 81.273742 71.243779 15.163458 75.042574 72.928982 65.817463 79.356946 84.585733 101.770738 82.590948
87.200000 112.906384 108.937073 7.202075 41.237255 70.817324 71.785946 23.253405 97.233191 120.250690 135.614739 8.208873 15.576764 11.825634 11.788308 2.881694 1.785472 11.228077 53.726502 27.172178 23.985377 4.670828 0.933956 3.396161 12.421161 19.752495 35.604264 73.419184 60.832390 62.007950 75.957337 46.799280 27.799595 40.760577 40.645060 13.496134 31.387294 40.973299 26.081115 78.787046 63.828471 90.882103 99.610442 69.966550 40.629471 71.420085 45.086106 18.434435 4.280189 16.986697 1.847124 7.056679 17.788604 16.221137 4.810361 27.274873 64.073196 35.725763 7.230045 10.486724 5.201441 43.246081 6.358711 13.982851 20.636132 56.206783 80.815694 60.288900 58.039583 42.119396 50.017753 53.098517 37.096962 99.261835 30.844933 31.179280 96.938649 70.202809 45.771487 65.625770 68.493934 84.213349 87.812751 60.873978 94.071241 11.250664 21.451704 43.835114 55.829601 64.629400 67.053545 49.592982 73.810137 106.109899 68.302850 59.491520 105.329270 35.516574 31.467271 35.382128 74.244449 105.085474 54.207856 11.525172 43.977395 53.984859 11.026078 16.406400 71.291053 54.509957 101.398371 31.904579 59.133058 62.875788 0.000000 31.742647 58.282448 68.264617 110.241390 65.481804 51.902187 30.529599 103.347771 91.558650 85.688021 28.542230 78.217660 27.070495 70.991105 87.941135 62.064059 84.472424 75.769362 106.286947 85.831050 46.372732 128.410631 65.443564 111.449204 28.257068 116.732205 82.371576 62.687627 115.858995 62.657355 83.805322 85.484049 88.139526 78.085525 43.299255 114.633723 77.362439 95.444201 55.263374 108.658751 119.786610 120.354639 97.956610 2.557659 1.375009 2.384295 0.830814 2.986461 2.451136 11.064260 0.147700 0.289331 29.000902 8.238980 18.007980 6.093506 21.629757 15.019541 34.989731 1.298981 0.088706 3.214385 66.245925 16.967824 44.457860 18.337949 45.926543 10.896095 5.076927 39.201127 24.229985 51.151724 77.701004 46.644455 84.111316 83.610918 14.016328 73.402367 37.413534 81.406352 44.134076 70.712100 36.608568 12.338023 64.907933 55.008694 60.100142 77.065981 80.067539 68.048671 63.093798
131.702540 158.415175 159.228111 15.137334 52.666065 68.996446 71.522903 64.022238 97.937564 121.946262 135.259949 20.353673 23.269366 18.053966 23.256534 5.203986 2.051424 28.042849 62.926134 43.329074 49.661036 12.408386 1.998485 17.301466 76.643524 91.490439 112.122902 144.318100 139.848965 147.065775 154.232622 132.815234 108.277015 132.780793 124.079035 56.232820 93.309245 103.018485 91.735853 129.812564 123.265454 145.043209 155.070903 142.529841 122.307160 139.533936 120.404709 53.922687 29.301750 56.574987 10.536864 27.591145 77.155160 42.999971 31.518112 61.578257 99.686008 77.744849 8.277843 13.645016 7.416997 54.925707 8.666923 22.953966 28.289873 74.351170 100.809385 72.441438 86.492206 46.193822 57.288565 61.316303 41.976245 112.922711 41.291728 38.446134 104.967986 93.636300 53.931261 89.507797 94.974380 91.980067 108.561869 101.586919 124.656582 34.513511 30.739424 52.943965 65.232156 101.914812 80.102430 106.455733 92.732714 111.463932 78.273933 90.743350 113.300000 85.841862 39.409940 47.572580 86.781214 139.078789 75.168496 21.820872 81.119746 74.024453 22.114985 22.784551 77.440774 56.543610 104.552506 32.579242 72.403870 76.819898 31.742647 0.000000 33.211611 37.482162 93.379071 61.034527 65.406020 44.589021 112.285128 97.136184 81.177590 23.313419 66.951601 32.810766 62.465853 82.181721 64.035756 84.249563 59.867656 106.814732 108.926156 89.933110 136.014582 46.367678 109.789605 69.762534 129.315706 83.945735 71.754311 127.621616 70.371294 100.495463 95.012528 84.928363 97.009194 95.221495 117.913660 104.319153 109.856312 77.021825 117.172631 124.665104 127.821711 114.143647 3.975144 2.388341 7.846275 6.903047 13.185647 9.684197 25.031529 0.187460 0.169968 32.190836 14.952402 37.288684 13.663130 52.729109 38.789461 66.092748 3.157471 1.378929 9.907694 101.206490 25.520588 105.510314 27.816897 74.045711 23.898304 10.181285 52.113777 39.767901 67.216589 98.592051 98.089383 135.758247 130.160051 46.800292 73.596595 58.874802 97.967142 79.759168 89.554816 51.682371 37.364355 71.528510 74.814899 66.594546 77.173670 103.594298 70.720383 63.705133
114.639235 147.794535 151.853867 11.175938 62.460778 72.127193 74.766563 54.062312 97.618279 121.143249 137.403204 18.049198 32.268534 24.251681 29.548137 5.414517 2.609283 24.701561 52.996864 36.391462 39.863789 9.357664 1.549039 6.949382 44.228189 59.488502 85.639359 129.568445 119.122469 122.320570 134.751372 111.021545 71.865529 93.041922 86.522746 34.549744 71.086653 86.918065 72.696491 117.429309 106.106988 134.043702 142.699177 129.120828 94.865107 121.041773 95.360914 39.191650 11.206487 36.209759 6.030255 15.016037 49.763463 28.391904 18.459601 44.767600 88.640704 63.407906 16.978947 23.410018 15.379692 76.318686 16.544385 35.577680 44.927064 76.683076 105.598242 87.443961 87.060254 49.116794 65.057064 81.428422 53.434351 110.148508 54.178338 49.246216 99.803861 99.520726 68.461403 94.107015 83.861841 91.092579 118.022085 90.314732 133.141717 25.041255 54.386929 74.044169 79.501900 89.851749 87.580023 75.841514 104.246388 106.462247 76.477542 88.194543 100.292298 69.644874 73.898525 75.138771 96.322848 133.735233 79.959458 17.799574 66.876688 85.522356 27.975082 40.754801 67.864657 58.453453 92.777444 33.335680 67.725413 75.723265 58.282448 33.211611 0.000000 25.091836 72.769338 62.366205 77.185451 66.871216 109.539009 91.249481 54.555177 37.611980 27.568354 65.879864 69.137138 82.295413 41.514711 96.102802 55.287084 118.463433 114.089889 75.354862 129.053917 34.848683 118.650401 83.150331 124.552075 72.121761 85.458497 135.584333 63.624980 87.150038 86.273009 98.606628 84.501904 82.419354 127.066408 104.775790 114.250248 76.176956 104.930756 115.570653 110.690731 101.078633 7.985091 4.050257 5.517383 3.197815 9.582544 5.404633 15.074705 0.502120 0.162350 29.317061 15.519781 30.425380 13.264162 43.469710 25.435598 51.245984 3.338414 1.436207 11.309637 86.349868 28.569494 86.012913 22.130590 55.622019 26.821757 5.425000 61.122391 45.701520 68.685050 90.624042 68.977973 123.734369 111.747001 37.450326 62.917765 51.758842 76.177076 62.875604 91.545589 54.969500 19.167034 69.411957 64.765613 59.426936 73.734477 103.689124 79.398819 64.434280
97.815473 117.641271 131.091161 60.958209 51.488041 72.917556 75.148983 97.857507 100.648346 125.156421 139.162367 53.615856 63.511874 49.949359 66.699137 17.196909 10.426069 50.843313 73.703150 65.027299 70.389260 26.747558 7.769377 41.752643 117.601283 124.610723 140.304563 156.551094 155.325231 166.917866 170.475876 160.287016 145.314208 158.079439 147.417551 78.983988 115.056234 120.878480 117.067653 143.181560 139.554868 154.088181 162.522608 155.531853 145.121069 150.383774 139.121371 71.799504 57.384538 84.521260 34.809391 65.881860 121.896212 92.469247 51.388648 78.366256 113.635344 90.081012 38.959934 54.545200 21.787077 121.908827 38.942995 63.241544 75.946514 99.187220 78.300322 121.393843 111.503470 77.829570 84.877931 129.919799 112.071575 131.088576 82.324206 78.079596 114.953748 82.683654 96.947171 112.045525 93.217610 86.955751 78.916144 125.473117 73.827387 83.006120 105.107755 131.592982 112.104611 119.810144 85.427929 142.378395 118.382586 116.605042 68.541889 98.666330 104.336467 116.845666 122.283557 116.906554 128.405366 125.398578 94.515599 83.347214 114.693916 105.438999 69.802844 89.221671 84.556800 65.978215 113.573715 40.109547 94.236705 89.854642 68.264617 37.482162 25.091836 0.000000 85.546806 67.128367 77.940993 74.240384 132.599394 118.614269 83.277671 71.498199 20.237001 31.156652 83.804084 82.502463 18.741298 19.181255 98.240045 113.564070 48.697372 105.772608 142.715620 86.023692 114.175954 76.479209 141.540841 105.689555 84.183545 131.832685 33.337125 69.961463 117.636386 86.869874 61.041940 101.445096 102.343060 110.937464 115.002788 87.766234 124.172397 123.765175 128.718787 113.870198 17.466276 10.848457 24.277406 20.472118 33.970815 28.535402 68.194074 0.844670 1.057077 33.748483 22.779682 59.307682 22.973799 81.364201 58.531968 82.181981 4.289682 2.358966 31.165673 115.286823 68.635779 140.859485 86.929357 106.699628 60.810150 49.279570 96.676314 97.322529 97.439875 109.268157 116.745452 111.992205 118.512209 73.840328 73.649994 63.793415 96.507675 84.228280 85.586773 69.423267 59.775423 72.213814 81.756993 66.466065 75.892444 98.101172 70.785550 66.005803
131.515187 152.653132 139.168710 30.488848 56.023812 51.282505 68.255062 50.441066 97.509219 116.841987 137.556044 47.914536 79.109032 67.117088 74.765927 13.845739 5.571105 48.561362 84.517822 68.710612 54.496307 19.178513 1.769792 4.032314 20.728608 30.722838 42.631917 86.552050 75.109584 73.606617 83.004811 47.667721 30.186442 47.080789 43.766863 14.475881 35.666679 46.688250 36.613793 84.152480 71.414496 100.410390 108.367966 76.387942 45.468770 73.853369 49.518606 23.874451 5.112681 25.765735 3.275617 22.266201 53.909863 20.004143 8.012162 37.693452 83.906046 43.837195 87.328235 112.002283 81.380014 140.781701 81.345811 107.090499 123.538930 81.800588 119.876143 132.791271 117.331375 56.339358 71.774632 135.874160 115.709215 132.050949 57.365569 55.272354 121.744779 116.191665 99.337984 143.123360 105.192638 109.008044 134.795376 118.077734 147.086990 52.111339 128.902918 135.739517 118.097151 118.622490 101.939706 118.171116 122.104954 125.679453 92.665722 104.736196 114.174470 119.085136 142.868264 132.078196 131.227487 149.696672 98.133785 51.331221 87.193263 111.336605 83.623548 88.042010 89.010391 90.095233 77.105760 75.467557 72.218250 85.467029 110.241390 93.379071 72.769338 85.546806 0.000000 26.174253 43.444028 95.534142 86.168126 72.532548 75.624336 62.547561 74.086124 116.277628 24.419528 31.348188 60.790366 118.019272 54.936252 129.786509 112.122399 97.230476 94.369833 67.955170 113.549988 101.708824 70.822118 75.812039 128.440192 129.301142 71.253358 72.138212 61.419695 124.597688 68.002325 111.663564 125.844887 95.195468 107.513422 66.493047 101.433538 14.750683 18.871417 19.860055 42.499514 23.059094 28.058663 7.347911 26.658834 21.872477 35.693741 2.616155 0.375315 64.276081 29.760143 55.630520 15.400597 49.498789 42.666341 59.680956 6.199809 0.707550 34.286551 100.134334 70.486286 121.949891 46.470234 91.263190 66.173432 6.347606 103.235369 102.856219 104.082925 127.326533 98.096262 131.782752 124.578101 46.357569 71.406876 56.674096 69.783310 57.089779 95.804585 62.768524 11.560329 71.552982 74.096131 61.455268 75.942696 103.249823 98.369697 65.794120
111.684910 133.838141 112.880814 8.971923 41.406505 35.003893 51.343621 30.951526 78.116096 95.601641 113.820004 10.347703 26.254072 18.239191 22.229163 2.921234 0.645177 15.493733 46.288199 25.599243 20.411105 4.571600 0.625966 2.839166 15.146969 18.883045 34.736754 61.626241 63.704183 62.125783 72.231814 47.235249 28.355335 41.199514 38.876900 9.964252 31.433631 33.560745 28.365865 64.412979 57.363712 80.421480 87.533076 64.315339 40.632994 59.475024 43.397820 15.633008 4.299400 14.668820 3.474948 7.220889 21.190810 10.758877 6.302370 20.510999 51.361285 30.729115 16.325104 26.880868 16.368684 74.083623 10.997448 31.180992 47.196956 58.550171 92.187860 92.802667 77.260969 30.428561 41.137404 70.835149 39.793205 121.384383 33.014542 32.309880 104.784116 78.033909 63.414305 89.679908 66.593916 95.449576 98.244247 84.495688 111.154652 23.246810 49.537228 68.169571 70.975586 85.525219 65.544339 89.039757 102.445207 114.543151 77.421197 70.736200 110.244686 76.864623 69.906374 71.088435 98.022007 123.882828 61.507400 16.719540 56.657095 79.462340 19.241898 29.612493 70.794288 61.125627 97.620123 30.868637 70.046943 78.118441 65.481804 61.034527 62.366205 67.128367 26.174253 0.000000 13.486218 34.321082 106.564384 90.806663 77.179621 31.488554 71.433113 75.307375 29.430856 21.754758 52.172832 83.283248 51.635764 101.939719 85.438103 72.293908 103.511704 50.769277 89.150903 51.144281 100.617128 79.658693 103.780588 103.996897 69.934350 75.407996 66.160414 96.319380 68.821899 82.508950 100.121443 73.835797 81.233713 72.566838 98.294624 81.384128 75.066997 63.960353 5.842720 1.477573 3.327144 1.617658 4.822917 3.455918 5.392714 0.196774 0.181083 22.968973 7.743689 14.765412 5.556194 17.877928 11.876465 25.333067 3.675528 0.274294 5.062520 63.077799 20.248031 68.195761 12.642580 38.642902 15.874499 1.374421 41.491199 31.406912 57.887523 98.536005 49.130746 97.073703 93.475031 16.474039 63.956044 33.276850 56.448824 36.071179 66.966860 31.465327 7.386371 56.088208 43.480087 51.013296 77.606098 77.605159 66.326044 58.283596
78.122953 91.898034 88.184410 4.591299 52.033562 48.519886 61.318516 19.883796 78.979914 95.461367 120.044491 4.939145 10.586768 5.931428 9.408079 1.790239 0.760318 7.635795 23.243159 9.788519 7.308508 1.649181 0.217717 1.424132 9.499178 15.114207 24.887085 56.718077 44.174956 48.021202 58.967821 37.365152 21.940438 34.215637 29.188562 8.853049 23.066220 25.129811 19.343680 52.268989 40.462245 60.211350 72.798941 51.297699 30.723539 50.617666 36.204438 12.477591 2.695054 11.978310 0.748668 2.986935 13.532747 13.296738 4.578349 17.781803 41.024543 31.317735 3.433751 7.434509 4.569972 26.168237 4.224737 10.780761 11.013743 49.634368 84.130708 44.248844 42.186463 34.783661 40.133360 40.819766 21.864458 69.735209 25.889211 26.407726 80.840783 66.751129 39.149753 51.934148 57.946747 83.424824 81.500272 58.983345 78.933547 13.115052 17.501165 32.554005 42.202945 60.105162 61.860362 55.835716 45.964993 79.634013 57.828170 52.364970 83.596106 41.841221 20.796665 28.482129 55.617016 87.051933 50.685576 10.797739 47.211463 33.701502 7.348776 12.140483 39.022155 24.934356 87.828389 11.002301 31.876358 39.571569 51.902187 65.406020 77.185451 77.940993 43.444028 13.486218 0.000000 14.537829 109.491254 100.051013 99.181041 21.262308 92.043119 71.145052 21.327440 17.049062 65.800343 72.671136 62.231624 85.006709 63.306199 44.291364 93.820152 58.755828 82.481058 15.010093 106.916154 92.833605 86.823319 82.215814 56.466111 65.386947 79.593113 82.395719 64.517103 48.390060 81.383221 58.051671 65.875789 41.942686 70.344233 68.515413 88.195432 69.478669 2.868920 0.917379 1.153442 0.517295 2.952331 2.148416 4.222171 0.000000 0.000000 12.627566 3.921934 6.099150 3.134000 12.049901 8.391407 22.970665 1.797969 0.136232 1.688916 49.656047 10.881757 31.700975 12.359261 31.577250 8.354461 4.750139 28.181550 15.452952 36.144165 59.131759 38.644640 74.664292 64.387409 9.126753 68.046236 24.654717 45.328721 33.545280 56.740748 23.039029 12.084465 47.306012 23.670330 44.672935 68.582889 61.520548 63.103982 65.850871
104.681658 130.608933 128.678569 8.880983 46.222154 62.598152 64.790572 35.817100 92.071455 114.235002 129.649985 9.813676 17.312692 10.321531 18.013099 3.735662 1.545518 15.606342 55.114364 31.360657 23.763546 6.208754 0.886076 5.160171 25.444224 39.557979 59.282450 103.951027 88.267781 92.440062 106.802025 77.838553 49.467606 70.498945 66.127629 21.419200 54.069038 60.798894 47.305217 98.407252 86.475384 109.500492 122.114226 97.384561 67.300912 95.088525 71.184306 26.154231 8.232036 26.736977 4.532988 11.357828 31.740877 22.278270 10.575917 34.683451 72.782500 48.534996 6.826337 8.793275 7.413503 45.709466 6.180704 17.734880 22.721653 63.423296 89.855840 62.645518 68.905965 41.106340 50.813207 57.512105 34.007665 105.229778 35.464654 33.012693 104.920553 77.171202 53.882412 70.941193 75.652946 93.781285 94.680460 70.798499 102.399327 14.355928 25.678678 47.901719 63.575837 72.735230 72.423240 57.590391 88.734062 108.379083 77.629897 66.566987 116.203122 44.192940 38.003159 44.942304 78.405394 109.385762 59.822262 11.005613 48.138643 59.027924 16.356614 18.148756 75.884171 55.737989 113.410307 27.100683 61.936806 67.180467 30.529599 44.589021 66.871216 74.240384 95.534142 34.321082 14.537829 0.000000 108.871601 95.276651 90.862796 20.927423 86.580657 57.587688 40.874477 62.993681 65.338454 86.492294 66.514544 114.342722 92.181257 59.179119 129.248396 61.610390 107.145003 22.425314 115.116689 84.065639 87.722859 122.192438 71.222813 91.527167 80.781427 110.880660 85.685293 57.753921 113.371860 82.520947 96.768978 61.517834 112.928052 118.961715 115.068828 93.435646 2.913944 0.846796 2.320824 2.802787 6.224073 2.390960 11.779170 0.278092 0.000000 26.539088 8.685904 16.017957 6.403255 29.944051 15.055453 41.470372 0.997626 0.215505 4.858418 75.882468 18.329888 58.496382 18.362072 46.742976 15.217391 6.224269 45.467036 26.653050 57.598299 83.342679 54.634293 102.774448 102.958226 18.862654 72.971871 43.359049 85.974268 51.074418 75.305349 38.459936 20.407557 68.711906 58.819896 63.417569 78.065964 87.011699 63.484002 64.080853
154.479099 168.323767 158.798364 18.995140 120.537399 95.237702 111.955024 72.144878 116.575406 137.928226 163.652023 29.294461 59.772611 49.961141 59.204699 8.529190 3.517674 51.773824 56.700235 64.954686 67.979446 39.989704 7.533280 6.129661 30.923075 44.441665 65.408255 120.266340 101.414683 100.406222 118.829658 79.436195 49.457618 78.776981 68.930892 28.220397 64.080433 73.616898 55.530154 94.739407 77.032262 124.106585 136.845849 111.497027 74.919893 107.667339 77.618757 34.664019 7.226287 43.501787 5.006589 15.952220 52.422581 23.323327 13.781793 61.897741 102.072304 70.324192 69.720121 98.353885 77.954556 132.406919 64.315895 96.495719 115.824602 74.765632 131.829281 132.021214 102.472226 38.997479 58.456554 119.931450 94.240303 136.365128 32.566398 33.389430 126.223126 114.094942 80.997733 141.533530 117.155941 130.383798 140.410131 129.530217 159.054228 39.321510 97.816737 117.482335 103.609378 124.784108 105.162728 110.587625 125.925700 134.043313 103.491026 116.050014 127.759928 95.005431 117.366581 110.187209 129.403196 168.696503 104.485332 32.621818 89.348213 115.189656 65.369983 53.403410 16.288780 19.204165 32.082912 55.094969 37.972075 55.811064 103.347771 112.285128 109.539009 132.599394 86.168126 106.564384 109.491254 108.871601 0.000000 31.000002 65.494858 98.827955 106.822359 118.928490 99.094538 88.982591 113.307813 138.187152 92.616713 140.837233 144.434886 114.013297 31.881223 97.509383 142.842924 124.094442 21.147735 67.960896 122.846971 161.663439 88.819339 68.971507 62.338582 132.931709 90.029020 109.517901 157.933763 120.844904 144.221920 63.411508 20.085181 88.336762 71.828182 64.278932 22.308716 15.277583 19.899152 4.620507 17.454819 10.793468 27.137908 1.350611 0.200331 66.659700 52.377932 72.149934 26.300260 66.115629 65.287414 82.305256 15.166183 1.057277 17.050576 100.740736 49.065242 117.004274 34.822988 80.914045 42.095795 7.107127 85.234221 84.900629 99.002089 126.906268 93.835382 142.700973 135.034332 64.565040 115.421366 84.647012 77.559575 96.507291 121.006490 76.729739 28.046923 97.561114 77.193598 89.877653 86.557745 136.622824 125.443294 98.854075
153.903522 162.818239 158.881432 16.059709 111.739764 95.518253 103.360125 64.768746 112.123121 131.303283 156.620385 21.554304 46.562623 40.833791 42.675233 5.802776 3.195496 42.773259 85.811509 76.197595 63.768892 28.350837 3.393078 4.218704 35.028327 44.449019 63.096536 120.860776 98.790309 103.691223 119.347971 82.213179 54.017657 78.805137 67.225535 25.438805 56.485376 69.417305 57.580912 112.450618 97.314435 124.489264 133.941545 108.169171 74.274474 103.124885 79.395949 34.061759 8.510059 36.848888 3.876773 14.445873 50.086223 24.869262 11.514863 57.972335 98.052875 67.400117 47.198102 75.186332 54.539018 117.272759 42.792714 73.399554 93.242081 71.358274 126.852744 120.025337 98.381687 36.968746 52.989623 107.511208 78.435189 127.706311 26.774348 28.597950 123.462375 114.038846 73.694506 131.544427 116.600709 124.330177 135.002760 130.654265 155.083735 39.559172 83.539785 104.681773 97.526145 127.618601 98.571504 122.885009 115.355114 128.954599 94.269474 115.770700 118.377210 99.210335 106.700973 103.456541 123.536032 167.967042 101.131496 27.831193 93.891939 101.084818 45.501482 45.542074 72.835060 86.926999 20.153279 95.442917 74.485497 65.908946 91.558650 97.136184 91.249481 118.614269 72.532548 90.806663 100.051013 95.276651 31.000002 0.000000 36.549510 85.645745 89.547289 106.247869 75.941682 92.287810 104.004935 127.445976 70.406708 132.833492 137.981719 117.066788 88.132109 66.923629 131.925516 110.375329 36.002601 25.747898 112.386603 153.782137 83.578356 67.046125 30.297865 122.901834 81.029167 111.391838 148.473837 129.179878 135.037511 68.457957 74.779280 94.248506 49.688081 27.463217 16.590998 8.399498 13.881465 3.245889 13.765679 8.250182 20.513583 0.000000 0.000000 80.592704 43.431749 70.259256 21.809562 64.435939 58.562018 74.859919 7.700565 0.451174 16.184175 100.718251 43.018986 106.315243 33.038997 77.512063 37.344490 6.176695 80.398041 75.033903 93.376419 123.996412 93.792952 142.853613 130.400661 57.644889 111.253689 76.088480 75.061707 90.808383 120.895450 71.927271 25.191397 88.621523 73.011751 82.499113 83.738095 130.336749 117.622956 91.735028
146.201893 151.021501 158.685224 58.558960 94.607829 90.082875 93.576028 80.000590 111.261492 130.267651 152.023263 75.979925 100.513940 89.305626 95.597337 34.508742 15.092346 57.013860 86.465055 75.399304 71.001059 36.485235 7.916158 17.647123 67.708313 84.603540 100.005707 147.960721 133.104190 140.772780 151.346201 130.199876 92.198519 123.773496 109.022269 42.485189 85.911190 96.919121 83.742973 125.589689 114.936928 142.017895 148.149881 135.382593 105.739994 132.596284 112.910478 50.771627 17.482565 56.255905 15.497398 58.283982 102.152614 50.896589 27.126876 72.806339 105.982703 83.956501 112.393841 128.004494 103.646815 132.616921 112.573434 110.020945 120.286185 118.598994 136.695105 134.357843 127.040106 85.575471 114.790794 136.859173 129.719955 120.285952 82.142084 79.624079 126.376950 149.692731 115.463126 147.732331 151.002585 114.470989 154.288046 135.332089 159.134654 88.012328 152.661914 146.944976 123.383948 153.287618 147.175236 108.845483 110.660128 121.474780 88.377789 136.270628 104.750451 135.499404 159.246117 140.961011 130.753559 172.535678 145.223443 85.978463 98.313437 100.166870 110.334515 110.957441 70.359265 86.093257 26.981374 84.625501 51.466116 18.810534 85.688021 81.177590 54.555177 83.277671 75.624336 77.179621 99.181041 90.862796 65.494858 36.549510 0.000000 67.959516 19.421692 94.189175 81.357126 92.019946 49.022436 112.260686 66.210884 137.420851 136.151772 109.457486 114.279821 33.484234 140.237643 108.618269 100.464556 35.129308 109.207717 160.671821 63.450425 16.948314 70.107922 115.337457 50.689606 108.451340 139.376389 127.407503 137.361972 41.982449 91.020683 103.848494 85.466294 81.867308 71.884350 44.049156 60.402650 26.826466 56.827712 50.146367 75.663380 4.448079 0.858338 81.757428 49.833870 76.665291 30.936535 72.510582 71.022746 85.865695 9.818724 2.009290 62.441171 126.483792 101.879023 134.605128 80.518979 125.326192 98.561730 15.374737 128.466749 121.165125 118.762281 120.966741 133.202221 151.387231 133.999553 81.807045 84.697570 79.273419 78.256683 95.368845 110.648537 76.089122 36.212495 82.620818 74.368818 73.561595 71.186166 118.675870 106.691434 80.452961
80.074600 99.144339 88.543802 6.430838 50.311277 70.080952 72.538985 21.986375 87.373048 108.266704 132.220352 10.792260 19.489288 10.891826 15.124173 3.020657 1.510705 8.929041 27.871559 14.639872 12.405507 3.080573 0.543345 1.784464 7.471974 13.858322 23.685459 49.129452 44.780794 41.167141 58.552191 31.065956 17.180774 27.038108 24.888797 6.828456 20.679959 25.713545 16.266088 56.744081 44.787453 63.938938 77.679854 56.288267 28.306180 50.664869 29.649410 12.284714 2.199083 8.659438 1.279084 3.499474 15.940316 9.806671 4.091564 18.475947 47.165168 27.588593 8.874239 11.084004 7.079803 42.434726 6.272921 20.253524 22.593685 52.321253 89.731465 61.910855 59.189746 32.831180 40.055919 46.545658 25.700192 89.621646 36.844862 35.618594 88.433219 71.955247 49.966913 60.376438 49.407967 83.212476 91.550892 51.637467 98.104943 8.368926 30.779209 46.888904 53.988538 54.477609 54.430270 35.859387 74.475331 90.590844 63.632381 51.757126 97.667405 30.354268 39.643431 42.797275 65.588161 90.143665 51.795483 8.583646 35.105614 56.975381 13.834475 15.668827 39.177892 27.773822 88.655363 13.571519 35.306236 38.763032 28.542230 23.313419 37.611980 71.498199 62.547561 31.488554 21.262308 20.927423 98.827955 85.645745 67.959516 0.000000 63.374010 79.042246 15.626471 73.714199 55.572967 105.126788 32.692958 111.877236 86.041448 37.794687 106.867812 27.175880 107.376096 65.930564 107.951554 67.595947 92.825872 109.906252 56.713912 71.387510 65.377432 109.895877 66.520994 37.239797 108.594265 73.507030 89.234094 42.516033 80.812532 86.205355 97.688394 72.120130 3.188839 1.880860 2.713665 0.825728 4.381266 1.658618 3.762441 0.000000 0.000000 14.646357 3.888508 9.414685 4.019227 15.787859 9.970092 21.963850 1.427467 0.090439 3.948150 49.692120 14.630976 43.729454 7.826384 26.755783 16.679872 2.158410 33.161399 20.240064 43.634680 64.179312 26.768577 72.452404 71.606794 14.615671 64.579530 30.950340 54.228956 22.756803 57.398024 30.537161 5.545297 55.085278 31.934288 45.494072 69.924919 64.275990 75.963532 63.239507
123.326990 143.454757 148.454627 57.672174 72.575118 83.564299 86.639857 70.145957 108.103728 129.115390 148.839864 56.001870 81.548986 70.768690 78.697712 24.849211 10.713652 42.569916 81.061357 60.676008 55.797838 21.139066 5.077745 11.501420 50.034109 64.239562 87.338414 127.656812 118.118289 126.490465 137.196056 106.965632 73.354483 105.921771 93.373913 36.582010 76.223925 83.479207 67.083540 114.811150 107.237793 133.060614 141.308957 120.049262 91.583552 115.589404 97.322064 41.348560 14.434901 41.448185 7.804424 43.697633 77.753103 41.948567 21.499805 54.636321 100.931290 70.103920 86.417655 101.536750 71.155100 132.795574 87.643650 92.888621 110.675097 113.149323 121.092931 120.788733 113.019715 84.672736 110.142101 130.469504 114.646858 117.131549 88.421533 83.179339 113.524181 137.838264 102.881880 138.102460 136.288699 99.835502 142.416847 129.808923 142.307657 77.951606 131.749524 130.279799 112.617736 143.173019 133.298189 113.398098 110.037610 112.593883 78.372769 130.445395 97.450475 135.617674 139.912142 125.192221 122.752396 161.684153 130.844084 76.391865 102.766073 99.432047 90.109511 102.327529 96.771678 100.832918 82.924523 78.608382 98.034259 91.349309 78.217660 66.951601 27.568354 20.237001 74.086124 71.433113 92.043119 86.580657 106.822359 89.547289 19.421692 63.374010 0.000000 79.327349 76.551792 92.155437 19.200055 87.420616 73.380692 131.868057 111.942392 89.853019 125.137951 45.217780 135.988491 104.732086 113.726389 71.573384 102.629738 151.035777 55.194088 11.036899 81.445032 105.490326 38.459761 114.896688 124.024216 115.989580 129.410152 77.870334 110.217253 114.576354 96.164037 87.789382 56.705016 33.955683 44.760620 15.923918 38.852390 31.293814 54.813863 2.940760 0.471483 59.712062 27.377604 53.885229 19.762356 54.862633 46.831822 66.660667 4.812638 1.241870 45.559405 111.718078 84.410644 119.527214 66.059877 105.395815 77.374303 13.327807 108.380366 101.380024 102.602534 114.112012 113.366883 132.515016 119.373204 60.997889 70.163494 68.490245 78.654952 79.056069 99.503857 67.773654 27.508197 76.141285 74.966931 66.251826 70.641833 108.877561 93.138176 73.067963
113.736087 133.570347 142.687923 27.500783 44.723170 66.601285 70.385118 72.491346 100.532555 124.697399 138.092647 25.445060 38.068169 27.941620 43.087868 8.723369 4.601926 34.899388 97.750031 67.996811 67.079285 24.444754 7.615728 21.919983 81.969549 99.569280 115.896464 143.469778 139.725792 147.564215 154.928563 136.034679 110.501427 136.300789 125.697229 58.452567 94.510350 107.015278 93.970604 134.616715 126.081635 145.112423 157.396082 143.897841 121.416132 138.864134 126.668450 56.119837 34.326758 66.679968 17.235677 38.979935 89.507254 70.613253 37.778996 68.830479 107.865565 77.888213 26.995596 43.887836 20.065373 108.471894 25.935687 43.539230 66.306681 87.278687 86.026149 114.129334 106.454037 67.881227 73.689366 118.427063 91.175594 145.510483 56.963596 56.722271 125.136314 85.355032 83.920480 110.048247 97.821430 100.365982 87.127705 117.110745 91.785013 59.169309 74.900586 115.004009 102.194669 111.161501 86.447135 134.272354 131.807670 135.484406 93.710956 92.548411 135.990809 112.481857 89.925503 103.013427 129.325377 126.597163 81.352721 59.373169 102.078971 117.195956 47.046359 60.871369 109.699777 98.951676 110.307764 63.973025 103.224560 105.477220 27.070495 32.810766 65.879864 31.156652 116.277628 75.307375 71.145052 57.587688 118.928490 106.247869 94.189175 79.042246 79.327349 0.000000 105.756197 67.405251 53.934684 30.996957 102.153084 83.155450 74.513275 100.257197 149.296297 85.827767 89.343863 45.641094 134.865122 95.355416 39.579269 110.069916 77.409677 95.638178 104.748129 37.404297 102.604642 108.448676 58.931453 104.607832 93.351924 97.979488 133.300098 148.482600 135.805474 123.962684 10.785524 6.172620 13.040680 8.672537 18.811291 12.876332 39.035954 0.248480 1.587454 54.992335 21.348183 52.243237 14.825491 69.634557 47.077999 74.477461 3.031332 0.526958 18.177386 115.747608 57.345075 125.803477 76.903917 103.949520 40.642896 36.198484 91.354645 75.914726 96.259772 120.485272 114.975631 123.210709 130.787234 62.467030 78.414524 66.188046 117.732618 79.002048 81.380216 75.967754 52.882536 74.802051 91.872824 70.671339 81.028042 84.708427 65.878162 69.939615
107.765375 125.687132 99.243459 10.401279 63.906816 72.910470 78.121079 32.050521 93.266338 111.488050 136.795938 14.594071 36.170442 26.951012 29.756149 4.415134 1.865515 18.222254 50.410036 25.263436 18.063733 5.350416 0.203357 1.007868 7.133149 12.050808 22.396290 50.532342 38.681862 37.243513 50.530416 28.661412 16.342010 25.887947 20.973378 5.419692 18.352744 24.670370 15.780432 47.292240 39.696745 54.532905 69.583864 50.033746 22.919027 44.482146 25.464795 11.056031 1.753994 10.101924 1.987389 7.082921 21.004549 10.581212 4.310467 18.050158 50.605926 32.265367 21.110573 34.241607 21.094503 79.443220 20.089460 38.033509 53.696913 58.684653 94.571296 92.064027 79.159621 42.489265 47.599983 75.841144 50.046454 111.217425 43.516280 43.471703 97.789180 83.346165 65.659248 96.642913 81.499173 88.194908 105.997675 101.457203 129.941976 22.357352 64.117898 80.255600 74.067420 93.977504 68.586793 104.992208 99.140555 104.812395 73.368803 82.124512 104.253321 86.125045 83.092208 78.852889 90.632281 132.663241 70.867569 22.914034 73.595086 83.651774 23.874271 37.734162 74.009129 69.451526 97.156769 42.820202 70.808595 80.645362 70.991105 62.465853 69.137138 83.804084 24.419528 29.430856 21.327440 40.874477 99.094538 75.941682 81.357126 15.626471 76.551792 105.756197 0.000000 72.656715 61.031891 109.097399 17.414820 118.238709 107.093442 80.439521 100.552166 27.150098 106.659523 83.302572 81.089807 78.157475 112.138602 123.967844 65.928032 74.104225 43.105470 116.375359 67.070218 92.106237 122.261294 101.277924 103.846048 70.278794 91.361714 79.040116 55.400035 17.382884 9.707605 5.486388 6.475013 1.642962 8.112676 5.058968 8.359580 0.718449 0.000000 28.121844 9.622876 16.164848 6.056775 18.870659 11.104140 23.330273 2.240100 0.200261 11.877141 68.035942 30.563054 69.021563 19.591203 47.370259 27.849016 4.160936 57.952622 46.034697 64.455989 89.405828 60.181785 92.001685 88.507543 22.505269 64.252515 40.217386 59.282289 37.099738 78.476846 37.273203 7.490827 56.172068 42.769429 48.054307 72.726502 93.798047 87.927013 66.881113
106.618403 128.285273 132.297718 50.060204 35.303787 23.637544 57.531956 46.405427 85.158194 107.870206 133.017523 37.424199 73.034145 59.149287 69.663354 15.034502 4.548365 49.954968 25.732179 30.440224 42.631196 31.438415 9.040289 7.024069 29.737711 41.608499 56.401366 100.852771 90.810813 92.939946 112.143682 72.181044 46.304613 74.191968 67.994884 22.871273 51.292128 57.382670 46.197440 101.766851 88.691173 108.972095 121.459780 92.449261 60.716850 90.473444 73.866489 30.759326 12.485611 34.231541 8.006674 24.766077 57.929072 51.760564 17.112122 48.545097 77.349350 56.050193 70.527140 101.823096 75.250722 148.873473 71.320962 107.218819 121.907538 104.166271 106.888639 142.794567 124.533206 61.444404 76.447599 144.030077 115.063371 148.827366 52.379865 49.917760 139.893747 100.900092 102.381761 140.133089 103.592252 130.564597 97.654273 99.291087 85.267380 100.842093 113.641798 142.512495 122.381171 106.051214 98.724967 117.629727 135.420111 143.458578 117.142763 93.734284 135.341800 102.591672 140.099899 130.936706 146.237375 103.870155 94.663402 97.569633 111.761069 128.958451 70.513168 85.563065 74.898855 90.891685 87.183927 75.186103 72.794487 95.144727 87.941135 82.181721 82.295413 82.502463 31.348188 21.754758 17.049062 62.993681 88.982591 92.287810 92.019946 73.714199 92.155437 67.405251 72.656715 0.000000 82.408372 56.680002 83.160480 59.823814 48.738157 33.451887 23.058773 79.947760 38.640761 18.127770 63.729523 94.476174 72.959887 55.859595 87.594675 88.850146 89.726870 59.356341 89.726550 57.161193 61.991444 21.793874 23.127257 80.794680 57.056922 17.395642 52.366813 86.891419 32.090714 17.760718 19.803996 5.109868 20.482423 18.212086 31.470301 1.619647 0.167763 14.834173 21.611870 39.565628 14.330702 46.850613 40.117040 51.704902 6.702706 0.695397 29.275347 116.280190 82.333828 124.044066 87.803104 114.197365 58.552152 26.940295 113.146688 103.338367 116.858249 140.176276 115.573811 124.700515 133.643159 61.491327 78.715548 71.155428 47.459430 72.852211 78.035461 55.267888 38.959066 74.446365 53.049037 71.114432 68.876216 64.445276 64.698555 72.816684
90.189751 114.796757 117.204962 73.001210 37.567952 65.447403 66.555194 71.484319 92.519660 115.027089 130.652945 52.518156 68.328040 57.549597 63.416660 19.006950 9.912633 33.213884 56.576034 42.090960 40.594730 13.691174 3.894763 13.985352 52.725684 55.917354 77.765848 117.664316 107.559737 112.366279 124.407493 95.849193 65.643434 93.415141 86.214395 32.156099 60.639138 71.328456 55.599340 106.336369 95.358973 121.767385 130.101464 105.342437 77.260703 104.749068 84.232085 32.034702 19.285461 30.059070 12.656951 42.259062 75.685225 56.244984 16.374424 40.218302 76.761614 61.701857 57.740169 78.196136 44.185450 119.825338 61.890807 74.445577 89.496870 92.846110 80.480243 107.200621 95.098104 79.477949 87.104050 126.622099 107.918342 105.174044 79.682824 73.906287 95.304223 97.689612 89.849127 119.752803 113.800179 71.005922 95.376625 133.799519 86.901603 101.915645 116.806524 128.026793 102.135332 134.107427 104.966948 150.968251 96.514080 95.797655 50.106439 116.885595 79.491496 122.197121 126.025382 111.991569 115.476528 131.894732 116.404963 93.844258 128.414742 83.895100 70.823845 90.575376 64.631266 57.487096 89.663001 46.478143 81.788649 71.520229 62.064059 64.035756 41.514711 18.741298 60.790366 52.172832 65.800343 65.338454 113.307813 104.004935 49.022436 55.572967 19.200055 53.934684 61.031891 82.408372 0.000000 38.561831 71.730667 107.760472 56.410666 93.810113 116.997287 61.709728 109.506058 84.454327 117.322426 92.316779 94.681765 125.752733 18.306166 18.585212 90.682623 82.073717 24.433252 90.423455 88.218061 95.641073 106.304989 65.580078 93.653652 98.445454 96.662806 85.767339 27.571984 15.901139 20.835760 8.741604 25.274294 16.606284 48.767028 1.427278 1.154117 24.407273 9.250420 21.566009 8.403439 33.351990 21.611153 43.748875 1.903160 0.314151 31.672220 99.964928 65.255448 104.647279 85.143572 100.099030 59.783268 30.958651 95.732371 91.614462 86.902352 95.225515 115.127086 104.568381 100.125152 37.033474 52.337555 55.307259 66.373786 85.247975 84.805619 45.141334 34.977060 56.725560 63.022864 49.976814 59.560445 92.570093 63.710931 47.808067
88.732005 99.219205 110.997860 66.904236 42.156083 60.067592 67.331804 77.284337 100.405381 125.676687 141.639271 52.596491 70.446969 51.586001 73.182515 28.770221 12.346588 44.024041 83.895295 59.977779 67.256608 29.833677 14.398966 28.607736 86.357242 91.642691 109.924933 137.764398 134.002462 143.599943 150.964759 133.996665 108.027726 125.736998 120.032291 55.127164 90.395953 99.272355 90.328939 128.103349 123.077337 141.012519 151.234909 139.051388 115.943415 131.451633 118.726678 53.850257 41.998496 64.585599 23.265421 61.382351 97.088936 81.574363 35.147507 61.459803 101.343592 72.787938 57.183488 73.334409 35.145054 140.185480 57.818946 87.913832 95.048895 110.112146 79.492345 142.523896 117.768522 81.693730 92.508810 147.888814 130.463702 149.493089 85.251430 85.976566 134.387592 83.062076 113.995894 106.153761 85.728212 99.345706 75.498453 97.204403 58.558751 101.009613 135.282056 151.045770 129.374133 96.096349 83.502262 121.687411 135.681915 139.097062 84.052706 80.197587 118.941888 94.543240 150.830911 143.073436 143.739585 92.873693 82.681122 109.355490 106.928281 122.126129 81.933577 114.489675 103.772190 76.285376 127.178682 51.516903 92.184810 100.982823 84.472424 84.249563 96.102802 19.181255 118.019272 83.283248 72.671136 86.492294 138.187152 127.445976 112.260686 105.126788 87.420616 30.996957 109.097399 56.680002 38.561831 0.000000 116.339514 76.300695 18.983209 97.446582 156.503811 111.612706 78.189235 63.428915 144.532200 120.343506 63.011955 98.020819 38.730346 76.980134 120.545117 34.401951 66.375913 58.773176 21.938011 95.712531 80.442055 82.270847 139.637585 147.848948 139.184326 124.857461 23.145403 10.302115 19.122524 13.778804 24.920861 15.575757 53.082188 1.459742 0.632686 43.875325 14.068774 35.002976 9.007379 62.255310 33.390867 65.121985 2.861229 0.482907 37.407397 109.816178 86.404841 129.664990 97.495501 108.067021 58.057696 57.988161 102.405476 101.897328 105.530376 116.184711 102.486880 104.844227 114.062227 60.551051 79.419740 65.463624 109.874005 73.946761 78.706721 65.292866 55.548273 75.051052 88.081746 73.468391 80.536440 69.109377 64.407619 73.432631
120.352748 138.348692 115.560206 13.001245 87.206406 91.558256 97.292036 28.211991 113.307183 125.896679 152.927994 20.752383 47.739100 37.749489 43.436168 6.741989 3.118681 19.871124 56.847015 35.327841 24.401376 7.004011 0.813124 1.224445 7.229912 10.460743 20.311570 48.112343 35.901129 37.370853 48.592795 25.309339 14.441545 24.915621 21.678614 7.544616 20.570089 26.441865 18.445919 46.829901 39.274487 59.786056 69.512841 46.142520 23.274880 40.376828 25.230790 10.234865 2.243160 9.317659 1.647814 10.512182 30.039258 15.488833 2.645563 21.453327 57.187484 28.330093 31.771696 46.772973 26.511867 100.372981 30.246271 48.812429 69.890648 74.949337 112.892612 108.398162 96.308467 44.417149 57.756266 97.754993 68.449804 118.707889 51.226559 48.263462 107.679238 104.123907 79.701725 114.185526 98.961513 101.445041 125.114671 109.594331 139.998742 24.410151 82.228533 101.156005 91.032381 108.636074 92.561612 97.862827 110.746488 113.857090 84.888992 99.936678 109.097576 87.549968 99.168266 94.393521 106.943389 144.023402 90.194328 25.047683 69.003335 96.098885 36.341972 52.786200 83.777205 70.459068 100.953050 43.510929 76.743753 82.047325 75.769362 59.867656 55.287084 98.240045 54.936252 51.635764 62.231624 66.514544 92.616713 70.406708 66.210884 32.692958 73.380692 102.153084 17.414820 83.160480 71.730667 116.339514 0.000000 121.412778 118.377716 79.247619 108.566017 26.068066 113.072455 85.707155 85.442785 38.047438 103.688997 134.154858 72.443943 74.384122 22.649364 119.857890 66.438523 90.705780 135.832592 108.870781 110.845592 73.700028 99.167217 98.200468 70.506217 21.577413 16.408150 11.110610 12.008911 2.429730 13.196305 8.579282 13.588303 0.000000 0.000000 36.491665 10.401466 21.533700 6.486580 20.624030 15.771121 31.396437 2.236083 0.329117 19.455575 86.197779 48.111451 85.478228 28.240365 63.141980 39.334594 1.775846 77.945223 68.534523 79.686595 107.459049 69.100306 108.807800 103.132814 32.900927 83.047945 48.795281 74.404997 50.163353 86.298842 45.625374 8.375274 70.301719 54.584364 60.308315 77.413992 104.883972 104.826471 82.625564
100.216973 115.491598 120.910326 48.110966 46.040458 65.284884 73.451780 48.265009 111.815989 136.591074 157.426881 14.452293 19.272512 10.914745 29.020565 11.014301 6.235828 17.618611 102.919056 57.422727 54.618281 23.594263 9.902573 5.570373 17.148190 21.089425 31.152019 61.731372 58.943941 59.776242 63.324522 41.015051 22.538485 40.012912 37.559097 18.843864 42.318621 38.235140 23.545188 64.414181 53.750255 75.579545 84.590972 53.795571 28.701113 55.821038 43.639073 22.513821 10.920169 22.587549 4.106033 18.563901 31.076690 56.651282 12.150299 36.466554 72.477811 55.992838 15.294686 17.433816 6.222993 75.575317 16.811430 33.929044 25.424945 100.887250 129.876994 91.203226 87.666427 43.979580 57.112516 117.374012 80.979713 124.856540 28.268163 32.536499 127.776236 116.832331 63.807940 119.603342 102.872931 145.148678 114.591980 91.827130 85.525641 102.911190 45.388611 107.704751 85.269696 99.044558 103.882449 102.940260 105.596921 131.195895 143.543576 101.719436 162.028199 90.154454 63.398253 83.057049 128.474419 97.670138 103.848043 109.817991 106.535431 132.394843 26.124590 44.721935 124.928056 106.496963 144.931409 68.251459 115.133174 114.814444 106.286947 106.814732 118.463433 113.564070 129.786509 101.939719 85.006709 114.342722 140.837233 132.833492 137.420851 111.877236 131.868057 83.155450 118.238709 59.823814 107.760472 76.300695 121.412778 0.000000 53.344569 75.527639 163.158799 118.813494 28.916550 60.244031 147.366458 126.237945 31.546613 32.130298 107.217009 126.269022 125.044279 32.914450 120.209509 60.935721 32.818765 65.111790 61.820424 108.011242 152.068952 163.014039 146.380803 134.980549 2.530080 1.318939 2.413694 2.151531 4.291562 2.463414 10.312544 0.375239 0.000000 68.846880 21.380407 29.594921 4.183895 31.402948 20.805593 37.386060 2.902584 0.000000 29.560122 108.585074 82.014196 55.052679 101.209460 119.366319 14.685278 37.976923 96.814779 58.787188 93.921691 132.074964 114.608914 121.578751 119.178162 48.430346 94.402981 76.150249 117.643900 83.525242 88.968872 51.388541 45.754899 89.516391 94.682595 88.883521 97.161583 72.786365 80.743373 97.818442
79.205981 90.023700 98.919073 70.576337 36.891083 53.340372 59.960689 45.753506 96.029373 121.410284 142.641521 46.371879 57.999285 45.144499 71.391582 30.669942 15.251802 42.850179 63.671373 45.952685 53.458313 26.285241 15.905796 12.659469 43.413685 51.076626 62.165989 102.498791 93.039267 101.944497 111.054170 81.528590 56.934514 82.747899 74.810153 30.658788 58.153503 61.132492 42.147873 96.402888 86.767052 111.308170 120.447886 85.512058 59.789083 97.482025 74.069283 34.421041 23.368062 39.685480 13.426442 44.208350 65.647401 77.759556 21.230272 38.270039 72.299507 58.116172 41.076165 56.038226 22.348090 135.635621 39.936828 92.437095 81.356377 123.089874 85.137126 140.540610 119.782164 64.717537 86.892333 158.601910 129.206527 151.555370 55.741108 64.826211 142.917322 103.118774 98.921294 104.154651 80.292356 106.181592 81.766753 75.521881 50.028966 88.340379 114.174426 154.484259 122.828103 83.961653 96.469519 90.453200 134.998998 139.302057 87.281918 84.497324 126.611893 64.096698 138.981830 136.845766 155.578339 76.853799 90.980240 100.957065 95.284935 132.091239 60.742412 90.182028 65.544787 43.329162 126.201341 32.193668 87.222162 68.279829 85.831050 108.926156 114.089889 48.697372 112.122399 85.438103 63.306199 92.181257 144.434886 137.981719 136.151772 86.041448 111.942392 74.513275 107.093442 48.738157 56.410666 18.983209 118.377716 53.344569 0.000000 61.150833 147.351292 111.717220 54.737779 61.896458 148.883684 132.207723 64.854079 67.468259 44.784881 94.029603 125.636424 41.292453 79.470959 21.750548 17.645341 70.433080 64.130980 89.243774 118.947444 118.591360 138.548939 121.201868 11.368067 5.028358 7.409525 7.458036 10.958930 8.275374 32.611289 1.113833 0.123675 29.514287 8.808272 15.911306 4.429658 29.079213 14.463565 36.258241 9.509243 0.236640 52.324045 110.322901 96.192201 108.167304 104.851364 111.201504 36.059788 60.994988 108.855180 97.938108 109.580706 119.692246 99.888301 102.010305 113.143897 49.059602 79.001983 66.966534 89.144542 72.993036 77.957098 34.676113 48.825176 77.084825 74.828273 76.087384 83.206765 61.999620 65.647875 78.230421
67.199569 111.657287 95.003918 51.606274 34.625929 33.231376 53.725589 16.728163 62.514715 81.594781 105.799374 19.922978 20.536666 13.766992 20.675778 8.897426 7.099426 26.345182 53.817374 47.540281 41.964069 26.104647 19.167345 9.458892 20.439462 23.299292 30.633915 45.765547 42.851796 48.240466 55.705596 36.490963 21.684783 37.263633 32.850692 14.925428 30.381358 30.517834 22.657219 43.704208 42.118155 55.240663 56.336765 41.119528 26.249774 45.453030 38.396727 14.475865 9.009473 10.376604 7.979159 10.431894 11.673326 29.966077 9.648747 16.740904 17.635384 35.987787 19.522218 24.812951 17.534057 42.738338 17.318524 34.164037 30.927409 30.859697 87.100358 36.327773 26.036246 4.894368 10.566820 48.001995 23.843335 63.572437 4.566141 4.518104 45.500470 56.150718 14.566681 99.289491 94.256771 111.569596 80.086599 101.765530 99.591409 58.790491 34.470255 31.967775 22.482613 104.826935 34.775478 100.863225 66.881377 64.673583 132.649235 67.976749 140.979280 75.689028 29.560241 25.713617 51.852278 112.144051 52.808370 102.146147 102.625534 114.456036 20.740192 8.350159 72.591282 76.219368 100.654481 62.417313 76.216571 74.683815 46.372732 89.933110 75.354862 105.772608 97.230476 72.293908 44.291364 59.179119 114.013297 117.066788 109.457486 37.794687 89.853019 100.257197 80.439521 33.451887 93.810113 97.446582 79.247619 75.527639 61.150833 0.000000 43.897347 61.821935 75.402521 94.394041 103.304079 100.062334 101.543225 22.096778 98.224154 84.299734 89.697894 95.375733 97.613226 14.559420 59.192626 20.621031 51.011698 90.501703 71.452100 50.810956 102.353183 87.683397 13.791308 2.825075 5.812754 5.282905 9.053134 7.351186 13.113499 2.941030 0.263731 32.139879 23.764933 30.138088 4.334561 21.395599 19.127188 18.253415 12.346725 0.951964 18.782087 53.373111 31.391107 33.609227 44.033890 72.443951 13.106735 11.991884 39.487224 29.796721 33.983856 95.174720 79.678601 89.056655 65.081316 49.209775 71.567435 57.632752 44.447704 69.659492 77.246624 32.886324 26.414587 63.977491 49.473572 50.364850 84.852974 62.571528 79.838305 69.004952
126.617125 149.997482 114.778246 18.596266 117.395523 43.025070 94.648852 40.311481 102.970570 101.161603 159.623346 27.034941 55.596314 46.891618 50.973408 7.202690 3.604422 18.719178 24.685703 44.620755 53.481084 36.389496 19.306372 1.521327 10.716882 14.918436 18.221239 42.219637 33.560613 36.820832 44.531185 25.289460 14.313613 22.988314 22.588465 7.987589 24.082525 29.283000 19.357305 52.347583 45.983011 65.184093 70.816195 47.519646 24.420576 44.878305 32.754010 15.165346 2.123802 20.013677 5.717916 8.914518 30.419787 6.943771 9.396760 36.856190 68.381639 36.752985 52.863858 80.669619 64.963347 127.482460 48.882901 85.954132 107.465909 51.257637 127.455682 120.854891 91.821738 22.579379 34.099199 102.803410 72.003022 145.585758 26.107727 25.587427 119.824709 98.223842 77.087032 125.864263 79.175760 117.485062 134.556867 86.971505 155.924238 32.956773 74.789523 101.431399 90.381419 82.897372 69.827416 62.104482 134.136113 134.798122 95.915508 88.810772 136.443233 60.151675 98.414360 99.338606 114.133582 140.678880 76.486503 14.315835 48.692974 121.666658 49.337395 37.387173 69.690848 100.970183 97.400470 90.577937 77.535669 110.694720 128.410631 136.014582 129.053917 142.715620 94.369833 103.511704 93.820152 129.248396 31.881223 88.132109 114.279821 106.867812 125.137951 149.296297 100.552166 23.058773 116.997287 156.503811 108.566017 163.158799 147.351292 43.897347 0.000000 117.451923 164.356578 151.249097 20.035025 106.313453 152.433089 154.806466 99.623692 107.292670 94.234725 162.420283 102.677700 69.870158 171.943267 35.530047 148.219187 93.246170 15.120415 13.843760 57.849060 87.653668 20.025492 11.660093 15.089178 3.841499 12.049457 9.152550 17.534992 0.492042 0.205466 15.482700 23.935347 36.377824 12.771459 43.201366 33.192627 45.182342 7.273835 1.266534 12.265348 72.336380 41.285614 98.234936 19.644919 51.636157 39.302958 2.792439 73.820604 74.005022 80.789704 123.032024 52.466723 106.089098 115.365329 52.434339 110.061448 70.523899 71.080974 58.367925 93.875935 69.504611 10.223558 87.940445 67.686843 83.554931 84.634141 101.658766 133.113193 110.339489
111.963472 131.704095 117.819242 13.958034 81.376000 85.831898 90.282851 32.523751 105.876602 127.519464 149.341816 23.756505 45.421540 38.646355 39.417834 7.744934 2.702762 18.803324 55.227896 33.709656 29.494354 8.769526 1.621435 1.416879 10.453298 18.378689 28.004122 67.240122 53.149520 55.718675 72.333758 39.334308 23.207385 37.818186 32.312933 9.810448 28.407068 34.322835 28.068080 68.614673 57.975418 78.729363 86.196679 65.588146 37.135272 57.329991 41.779355 16.821959 2.703817 15.502681 2.397268 11.175829 30.276856 12.343301 6.086612 26.236822 71.332098 35.293771 38.199523 54.653841 33.237386 102.449809 34.949845 52.047231 70.488904 72.818897 110.612995 105.983553 92.049165 46.572957 62.406811 98.306237 74.646926 110.470283 49.604442 46.777182 105.257657 103.816178 79.456875 111.723370 92.677437 96.139013 120.983680 89.036849 132.600058 27.196947 82.245886 97.437940 84.643425 93.114214 90.371482 66.821094 105.446061 106.355247 77.681112 90.824298 97.720890 66.383385 101.537063 91.583633 103.339673 131.180452 88.700878 25.179684 61.363881 89.289722 38.582794 52.077082 75.155669 65.331921 74.383537 39.476708 72.169889 71.731954 65.443564 46.367678 34.848683 86.023692 67.955170 50.769277 58.755828 61.610390 97.509383 66.923629 33.484234 27.175880 45.217780 85.827767 27.150098 79.947760 61.709728 111.612706 26.068066 118.813494 111.717220 61.821935 117.451923 0.000000 111.868665 80.593150 105.976580 31.849122 95.107916 133.062901 64.207463 60.983033 43.702207 109.258417 61.873574 63.818251 130.924401 89.108449 103.973466 71.647108 101.371836 104.368210 86.897851 70.331472 18.303571 11.931149 13.676629 4.420406 12.323840 8.683894 15.943496 1.601056 0.000000 32.137556 14.621485 31.515456 8.653968 31.792302 22.740239 37.569875 1.898427 0.451975 15.509579 81.746152 39.450246 87.188564 26.459771 59.845439 38.145770 4.869483 78.485561 64.178030 80.319370 98.916351 64.590007 114.181906 102.016621 33.346922 77.081849 52.171744 69.878748 43.336804 85.928981 49.266637 10.995026 70.403192 56.485781 58.388560 68.038212 94.295154 99.397426 76.013228
104.924810 121.794955 123.792243 36.533233 45.870714 62.254540 71.738192 42.770697 109.581611 131.234547 157.025428 10.064184 17.004443 11.580171 20.846341 5.560234 2.807685 15.370445 108.385179 55.065022 49.929841 22.537522 9.492498 3.269391 11.363763 18.172737 23.216463 53.276949 47.458952 50.833687 55.541725 36.878992 13.576949 29.869886 31.756432 16.517911 31.465736 36.607861 21.532470 55.752353 45.485035 74.166376 79.190217 44.508217 24.380060 54.704536 40.845548 23.042840 7.022342 19.950563 3.125780 13.100838 23.104076 52.175853 10.137679 33.988430 68.508256 53.201393 8.647612 14.346633 4.073843 58.880464 10.580243 28.357423 26.010706 85.653647 126.696329 91.771415 80.464813 35.102598 47.772272 99.599865 58.619485 130.055128 26.926350 26.045445 123.423687 106.294778 59.085161 119.040595 105.932531 144.903873 115.385024 96.093923 91.249407 97.317316 33.316054 88.304392 77.413898 102.689845 98.488325 108.129473 104.819605 125.355389 138.580284 100.870482 163.245770 96.065064 51.008232 66.743282 115.669295 102.972724 98.608210 103.223156 109.078780 118.980358 19.177101 30.756045 132.752591 113.423719 155.093616 75.737416 115.550166 120.047056 111.449204 109.789605 118.650401 114.175954 113.549988 89.150903 82.481058 107.145003 142.842924 131.925516 140.237643 107.376096 135.988491 89.343863 106.659523 38.640761 109.506058 78.189235 113.072455 28.916550 54.737779 75.402521 164.356578 111.868665 0.000000 36.454569 145.341967 125.328659 38.033670 27.194727 109.261185 128.666834 119.017331 63.190343 123.880464 64.451641 60.511875 41.310540 16.284472 116.653419 155.425448 164.239389 138.833638 125.231603 4.156972 2.111607 0.724648 1.908485 1.654797 1.583865 7.537402 0.000000 0.240322 74.493373 20.571151 26.118638 3.546245 23.976570 15.792827 33.279358 1.233004 0.313294 19.909150 101.598803 69.529138 48.577947 88.571490 110.931416 11.148896 29.416937 91.692724 46.213091 85.069611 131.969543 112.949520 118.475356 113.771754 50.056612 95.038378 76.511912 118.819858 81.296057 87.578988 51.634357 46.413454 89.738685 93.244684 90.024960 98.330612 70.708618 83.122054 101.486568
110.033193 126.058453 127.062124 30.442395 45.054699 68.288996 71.503790 48.917190 105.012858 127.739400 141.535570 16.920540 37.862437 24.945563 36.190833 6.914724 2.316099 28.136655 116.356020 67.402088 62.430427 18.455583 3.104902 4.778255 30.557121 43.723300 57.380643 106.092812 92.104391 95.138627 106.520283 72.321554 51.414582 76.257099 68.013588 27.378685 58.524171 69.086397 48.767902 103.090589 91.577300 114.751647 125.579213 93.278407 66.767191 96.148594 73.764112 27.298176 10.470192 32.983229 7.233426 20.892232 47.082923 51.237244 14.496088 45.018789 93.039025 60.462899 19.647286 28.608187 13.234224 98.934380 21.469160 43.350148 56.867556 87.031113 93.080679 112.901643 101.958479 65.857975 75.127153 119.526034 81.884480 148.725759 49.195534 53.944381 132.647052 89.902448 84.628734 112.121359 99.718576 118.775758 93.864478 106.346931 90.857094 56.467306 65.603083 109.894844 100.572586 107.291197 91.987126 129.099053 132.880389 143.695460 111.699972 91.310931 147.607675 112.444013 82.281516 94.702237 129.304468 115.614855 87.232000 66.583818 103.364231 122.267505 33.867490 57.652444 137.246393 125.573551 130.783482 86.602644 122.867421 129.546241 28.257068 69.762534 83.150331 76.479209 101.708824 51.144281 15.010093 22.425314 124.094442 110.375329 108.618269 65.930564 104.732086 45.641094 83.302572 18.127770 84.454327 63.428915 85.707155 60.244031 61.896458 94.394041 151.249097 80.593150 36.454569 0.000000 129.950864 98.103694 36.348185 89.317509 87.693426 116.846842 94.543341 63.801215 110.123656 104.249496 73.670375 91.811941 19.425665 112.835559 143.632934 154.757151 126.556605 107.812472 8.559742 5.011434 6.291663 2.224300 7.866532 4.159376 21.643149 0.000000 0.690800 87.186712 27.785816 44.785018 9.403749 48.912544 33.268427 58.800200 4.452566 0.630142 12.009462 107.872751 60.547513 92.298458 77.450554 100.310693 27.796311 32.585485 92.008996 67.810550 94.549230 123.470396 104.553803 115.861722 120.477123 39.303522 83.529134 69.555370 123.798128 82.544228 88.790144 77.817751 35.426949 83.649517 100.013460 78.866780 93.918781 87.237362 69.020308 78.832661
157.007285 168.487577 150.491797 21.529923 123.777018 87.183543 118.166643 62.599246 132.945778 149.313658 173.507105 27.618715 59.377020 47.850633 57.661245 9.336388 3.371108 45.816765 40.710158 52.678880 60.820348 29.131339 4.585705 2.126796 17.697995 20.878235 37.532995 78.554459 64.573798 61.532773 73.102279 42.793615 28.953682 43.351930 43.458501 13.441469 40.322461 46.166105 34.435635 89.323552 65.780441 97.972104 105.929783 76.901624 44.164824 74.866410 50.728428 20.881346 4.642483 26.881684 4.429599 13.839329 44.653172 17.393959 9.117801 50.096000 96.614559 62.018381 55.104438 85.960720 66.267656 136.563329 52.084908 88.902694 116.131015 73.536107 134.745013 133.019428 110.835552 40.021737 57.531431 121.788251 86.568889 149.502397 38.001496 41.005874 125.742753 116.240049 89.689991 141.683683 121.671010 129.183788 144.322118 142.730040 166.508458 41.721749 95.309220 119.448772 106.523207 131.958077 102.795400 136.893632 136.336499 137.698831 108.119503 119.302349 137.232727 112.106607 120.909576 115.537169 133.808188 179.501228 105.393499 36.239749 98.934333 126.185402 57.043106 51.326257 71.990532 95.449779 85.521195 84.928548 78.083718 102.855411 116.732205 129.315706 124.552075 141.540841 70.822118 100.617128 106.916154 115.116689 21.147735 36.002601 100.464556 107.951554 113.726389 134.865122 81.089807 63.729523 117.322426 144.532200 85.442785 147.366458 148.883684 103.304079 20.035025 105.976580 145.341967 129.950864 0.000000 84.827381 133.588428 162.318416 99.917860 97.727792 70.011271 146.402477 98.134798 134.199730 162.947593 98.415089 147.009536 90.396723 32.009249 16.938189 24.426652 55.729611 22.164206 13.703374 17.692249 4.410409 15.965264 11.743210 21.843001 0.843568 0.000000 42.657912 36.243258 56.144262 14.830250 55.469443 49.575532 67.861305 10.492312 0.230699 17.693675 102.387099 54.360402 115.097845 41.879794 80.564466 47.057071 5.133193 92.254528 90.064616 101.643664 139.665899 91.548082 140.774031 132.753552 48.543802 117.221541 81.938303 84.358899 85.146843 126.859439 77.669761 18.442397 102.552033 79.582565 90.746410 97.893001 140.377376 131.092064 111.327676
147.254297 156.278812 158.950381 23.355446 102.957165 95.776948 100.251749 54.673912 115.607396 135.972081 158.141164 31.365901 63.619001 49.512668 58.201787 11.230398 3.139076 40.220618 82.187416 60.184254 54.327765 20.875124 2.050755 4.897730 33.226156 43.149692 64.936870 110.702490 104.487517 101.956768 122.056255 76.147201 50.624584 77.031797 69.290430 25.186990 60.528175 68.609591 54.600965 108.898885 95.080699 120.019698 134.886371 107.519872 72.439521 100.917599 79.077507 31.711099 8.866541 32.538651 3.777943 22.451779 58.255516 25.117571 13.339589 50.710930 95.511819 63.368875 56.701055 86.774798 57.968301 123.434081 55.475267 80.143535 98.872780 84.756714 126.754093 123.736698 104.967711 46.699402 67.923765 117.370912 94.649039 123.314627 39.804136 38.778875 120.011847 121.049348 88.560069 133.969946 120.600030 118.826832 135.676847 122.394294 148.950780 39.676238 103.056819 116.970875 103.915944 125.033434 110.742045 103.544777 112.773675 121.750008 91.126663 115.251999 110.740968 93.173912 124.407820 110.418006 121.373424 161.262185 104.766058 38.624245 87.374946 99.527394 57.412779 63.126015 96.709924 104.544844 46.651162 81.322431 86.369277 74.725995 82.371576 83.945735 72.121761 105.689555 75.812039 79.658693 92.833605 84.065639 67.960896 25.747898 35.129308 67.595947 71.573384 95.355416 78.157475 94.476174 92.316779 120.343506 38.047438 126.237945 132.207723 100.062334 106.313453 31.849122 125.328659 98.103694 84.827381 0.000000 102.957780 149.109561 74.060254 61.449676 21.927012 113.885825 68.793776 92.600677 141.526824 123.254991 125.933089 67.116004 92.290571 101.455733 79.805508 66.648879 28.290131 14.891622 25.594120 6.110530 21.961325 15.913542 28.518027 1.335201 0.194254 63.778415 30.536480 59.953451 20.529500 56.448030 50.628883 67.684013 3.205386 0.434746 22.046378 99.987150 59.858778 114.431337 44.089522 88.422042 52.525742 6.415477 97.643376 86.904031 100.321144 119.933697 101.961459 141.255887 130.357531 53.213293 105.084782 76.891371 78.930380 87.281972 113.237731 68.711885 24.999763 87.873206 71.063308 78.930387 77.110332 123.846767 112.291092 90.199555
107.688131 122.025898 125.829808 19.108302 46.929445 77.968276 81.759821 49.009269 117.173905 138.988660 156.166725 19.349460 28.730535 19.209615 24.634071 8.084850 2.237182 24.926856 125.003011 89.094548 71.022300 21.860527 4.924141 4.337982 28.071972 31.521599 49.009630 96.542172 79.550821 78.001368 96.819944 59.832977 42.029327 68.023576 60.936942 27.577041 57.805433 60.812973 38.929606 101.089420 91.826809 112.884784 119.327328 85.399126 49.516913 89.285795 70.448093 27.685701 10.009109 33.359988 5.796176 18.803954 40.443475 46.986465 12.410027 49.118086 100.592738 64.300043 21.925363 28.529175 14.990979 101.307954 18.611426 41.310415 61.369365 89.164705 96.302696 110.770217 95.836385 57.177543 64.831090 111.868671 86.398597 149.821880 46.730775 47.647494 133.315789 85.957033 82.540313 108.338089 97.528477 121.006267 89.700616 104.014497 90.219005 57.419012 65.342199 110.902776 99.570726 103.549163 86.870315 129.314520 136.631648 143.967825 118.131772 86.707275 151.399430 111.689918 83.021255 95.477387 128.966608 112.290187 81.829540 71.101238 104.407680 126.608810 33.250999 58.846760 138.604330 139.542348 125.956449 105.988737 129.418089 131.431699 62.687627 71.754311 85.458497 84.183545 128.440192 103.780588 86.823319 87.722859 122.846971 112.386603 109.207717 92.825872 102.629738 39.579269 112.138602 72.959887 94.681765 63.011955 103.688997 31.546613 64.854079 101.543225 152.433089 95.107916 38.033670 36.348185 133.588428 102.957780 0.000000 80.057771 99.951568 119.074293 106.198473 33.053662 116.954711 106.944244 71.308543 112.502348 59.938491 113.532631 140.355518 156.722582 136.405006 126.831870 3.686189 2.658493 4.069317 1.226370 5.260100 3.290823 17.829252 0.000000 0.159860 100.344715 41.629305 63.427986 12.954598 54.706037 44.695002 60.900725 5.204452 0.330259 14.035299 102.871496 59.640130 83.488733 77.337946 99.210024 19.550934 28.672675 89.298557 60.200299 90.052254 126.473973 103.805935 113.228135 119.894286 39.364704 90.632263 73.159555 129.361722 80.900856 88.744367 84.890886 35.769115 87.377017 107.790662 85.045229 96.228570 80.927072 74.625707 88.249478
98.676750 123.496860 135.083052 93.140767 46.918563 56.929109 70.106819 59.595419 108.580361 129.192485 157.668215 17.759473 25.427926 14.068964 24.859714 12.264480 5.396418 17.059014 84.691427 49.631587 53.740982 29.725594 15.381394 4.863656 14.426110 20.225417 31.573804 57.730042 53.221409 54.835712 61.202876 35.814586 20.873410 40.108158 41.959197 20.474354 41.019108 37.325791 20.928649 56.613170 53.382771 74.816368 77.767181 49.761119 28.611392 60.449358 47.873507 29.518793 10.424947 25.348480 5.149442 20.097110 29.136753 65.393163 15.235544 35.606242 69.410965 61.231727 13.344230 13.050870 6.603981 49.833414 15.182981 39.634373 14.981039 91.123784 145.527260 70.922832 76.980585 33.856583 42.734058 95.178994 53.223086 99.503735 15.667176 23.243374 110.385050 124.678470 44.638895 134.242725 119.734542 163.721866 134.132851 104.436383 102.836550 100.464838 40.154529 82.090221 58.554776 107.947952 107.842006 101.618360 90.501971 111.113940 160.442422 124.397191 177.233938 88.635525 45.818958 63.041899 108.767351 106.616529 122.217757 112.783082 105.531987 144.653233 20.447596 24.586567 107.218389 87.470442 157.843681 61.621934 97.510623 97.432720 115.858995 127.621616 135.584333 131.832685 129.301142 103.996897 82.215814 122.192438 161.663439 153.782137 160.671821 109.906252 151.035777 110.069916 123.967844 55.859595 125.752733 98.020819 134.154858 32.130298 67.468259 22.096778 154.806466 133.062901 27.194727 89.317509 162.318416 149.109561 80.057771 0.000000 121.134310 124.350367 141.315240 74.566977 131.206053 26.765723 31.735538 27.318596 23.326583 113.024072 154.587414 128.718289 154.019091 141.463581 14.857961 3.972686 0.610376 0.894963 3.195101 1.411908 10.396676 1.345295 0.000000 59.454788 27.243221 23.804558 2.112065 23.535264 13.748885 31.175673 17.294909 0.000000 42.805141 112.055098 83.461378 43.908659 109.770442 128.080226 12.059912 43.355253 98.448324 49.163363 86.520817 142.097326 128.697235 134.570079 118.979533 71.971427 97.844376 85.124995 105.319961 89.721305 93.154020 40.221900 56.115338 97.490594 88.892285 95.017250 104.988366 78.437186 91.914400 108.987984
73.203938 103.167288 103.885593 84.252937 65.773506 86.947904 84.717772 85.806084 97.345909 116.970495 140.464348 46.159849 58.126921 52.205308 57.398200 19.483737 9.036230 29.668258 46.649635 40.641065 37.139772 18.670895 6.044107 7.581165 29.784497 35.736413 42.417953 81.871907 74.243591 71.667684 83.661505 57.464523 41.221082 55.797369 49.531559 16.263142 35.365431 39.611059 31.807795 70.942895 58.653481 88.661287 91.549276 71.752272 44.286144 69.806680 46.858292 20.238639 9.112206 23.793537 6.993763 34.467667 57.193272 37.477045 11.190059 31.473244 66.063543 49.944149 70.282258 85.319099 68.405382 94.849190 70.030575 66.151777 80.024752 76.297592 68.025679 87.517184 75.730884 57.834521 72.506892 97.913478 83.745770 77.474701 54.835341 49.794763 78.762424 92.489631 71.356411 104.354067 110.977644 51.955862 93.030240 127.555237 66.026336 122.110977 106.701987 101.886461 82.333305 131.096353 97.726311 147.434011 66.183307 74.332734 16.903466 111.064204 47.943720 112.936322 113.151738 94.145840 91.050419 129.648288 105.286311 101.939150 132.067436 52.726524 65.945828 72.184909 66.679757 69.784041 74.421941 56.672673 41.745919 73.957694 62.657355 70.371294 63.624980 33.337125 71.253358 69.934350 56.466111 71.222813 88.819339 83.578356 63.450425 56.713912 55.194088 77.409677 65.928032 87.594675 18.306166 38.730346 72.443943 107.217009 44.784881 98.224154 99.623692 64.207463 109.261185 87.693426 99.917860 74.060254 99.951568 121.134310 0.000000 34.901258 70.717148 98.263000 18.289367 81.084031 94.600212 98.792980 98.759098 19.380410 68.168738 90.281720 84.450085 69.710516 44.587699 27.486967 36.013349 12.770753 30.984963 25.506205 46.120337 3.106005 1.315743 39.713110 23.118679 35.760391 13.664755 35.566378 28.874910 38.264064 11.855499 0.692739 36.952512 80.997317 53.981603 84.753905 65.239901 81.601324 55.934351 18.869011 79.901512 76.038008 67.356921 78.302439 106.850871 94.267365 81.738413 39.937914 74.513960 48.559683 64.598704 76.301362 87.992835 47.062974 26.854837 63.922419 58.719458 56.205539 53.375946 99.745072 81.815387 67.958008
124.297862 136.191701 137.469021 82.175608 86.447097 86.713356 89.245498 66.560832 110.744976 124.519199 146.447647 71.775125 92.654519 82.962119 87.625822 33.781115 12.349605 44.885955 61.867620 51.825793 52.903650 24.026980 5.976824 7.845902 40.742930 48.141302 61.620958 105.618271 93.243675 93.386338 109.353499 75.422827 52.841005 67.900314 61.254812 19.122811 42.166208 53.645011 47.418611 92.832317 77.480702 100.178711 111.107585 88.972052 58.106884 84.645124 61.581107 22.333604 9.236997 30.769615 7.456059 47.857073 86.183510 36.174852 10.146391 42.238826 83.943122 44.130248 110.534638 122.694341 101.729463 121.909662 110.355057 97.424196 109.003546 108.476756 115.535541 121.365030 111.073710 76.459699 106.462618 127.798332 119.131815 107.543928 74.946181 71.630561 108.915306 138.786988 104.111287 136.786142 138.040245 89.074177 134.898379 120.498865 129.838482 94.223061 146.691945 137.297975 112.423007 143.919059 137.785624 112.518039 97.626464 104.064306 67.066919 120.949877 85.444649 129.752787 149.549550 129.805116 119.483265 149.388791 137.530276 89.805187 100.695521 85.968796 102.917576 105.743894 60.858281 70.323640 36.421765 46.344432 24.168256 17.502034 83.805322 100.495463 87.150038 69.961463 72.138212 75.407996 65.386947 91.527167 68.971507 67.046125 16.948314 71.387510 11.036899 95.638178 74.104225 88.850146 18.585212 76.980134 74.384122 126.269022 94.029603 84.299734 107.292670 60.983033 128.666834 116.846842 97.727792 61.449676 119.074293 124.350367 34.901258 0.000000 74.637152 106.181580 13.363986 103.630590 113.624888 89.207108 104.099354 21.051571 75.704083 99.551377 82.765422 75.675969 72.305890 43.876883 63.025578 20.209377 52.426060 46.109598 64.364615 6.192088 0.683055 58.191884 30.784561 56.911370 19.286973 52.332190 46.024187 53.584141 5.181625 1.318348 59.544511 108.017226 91.433435 121.047911 78.746439 114.466145 89.242637 10.910132 113.831713 113.599163 103.974884 110.543835 120.712583 132.976288 116.794361 53.748291 75.754636 62.449175 70.901263 66.321859 89.937465 62.788856 11.819360 71.856421 67.059219 61.198160 61.135112 101.134594 98.683955 72.131110
131.977590 145.437281 127.659805 16.532773 103.590537 95.127086 100.481577 35.736980 113.441748 126.345753 152.365653 22.500878 50.039565 39.914723 48.735931 9.426424 3.201835 24.565687 77.998644 50.063865 38.576187 14.586120 1.209596 2.539232 11.617890 16.203075 25.240249 60.134446 47.349267 45.891567 59.634136 36.948512 20.346413 29.459071 30.624357 10.140548 26.704607 30.199467 21.425089 61.508671 50.045439 70.663087 79.664871 54.193599 32.732302 49.769766 37.343582 14.430576 3.592170 16.773611 2.400894 12.993307 37.284785 14.052490 4.515105 29.972597 68.673137 39.533577 40.636177 59.120614 37.374613 102.936866 35.703178 54.855386 74.441559 66.614304 117.358855 107.393951 91.598679 37.447992 50.572012 99.300749 68.063358 115.748688 35.176898 34.825885 107.998043 102.819377 75.955356 113.852969 104.651051 105.469048 127.966028 116.204148 143.733690 26.501471 85.952593 99.429514 82.563016 110.065208 94.531188 105.974090 106.550602 111.675702 82.884158 104.913988 107.515828 89.026737 101.802072 96.613840 100.998417 153.370436 94.268433 32.747555 78.796816 93.832485 41.042176 50.307802 102.449161 101.298417 90.198308 74.948006 92.771622 97.448831 85.484049 95.012528 86.273009 117.636386 61.419695 66.160414 79.593113 80.781427 62.338582 30.297865 70.107922 65.377432 81.445032 104.748129 43.105470 89.726870 90.682623 120.545117 22.649364 125.044279 125.636424 89.697894 94.234725 43.702207 119.017331 94.543341 70.011271 21.927012 106.198473 141.315240 70.717148 74.637152 0.000000 122.236475 67.167580 92.172463 140.724637 113.051847 118.348193 74.546250 88.238469 95.684510 60.576134 24.037625 23.829486 12.219573 18.578406 3.503742 16.913361 12.063639 23.134062 1.065396 0.000000 58.997016 23.604746 40.428014 10.719046 35.414489 30.436741 42.337286 3.175148 0.361389 16.299249 86.993680 48.516939 90.711470 34.348639 75.612817 40.806368 4.135449 78.570358 73.119848 84.424983 108.754762 83.728078 119.494814 109.411525 34.167225 96.811598 53.445298 74.249222 55.582659 98.582644 52.634561 12.651838 71.686267 60.478384 65.221870 79.920440 112.873942 112.348518 88.368599
101.776750 113.614323 122.790961 34.047190 46.265511 62.359516 69.250069 50.324196 104.056634 129.847463 149.197021 22.202001 31.833101 16.043611 33.934958 9.565812 5.024140 23.703277 103.478090 64.591106 63.432556 25.211860 9.456955 10.825410 40.206909 52.185049 66.412687 104.673811 99.669189 99.633957 115.125282 84.309245 60.605658 86.411585 79.680117 33.979333 66.863031 69.926852 52.416840 105.211445 98.027704 121.099568 129.797104 101.997630 70.143693 105.763416 86.613488 35.062189 19.783500 39.167861 7.680392 25.340359 51.553807 61.327412 24.069277 48.476442 94.148727 62.905515 25.546219 34.295651 12.839862 105.869970 23.938183 50.182131 58.327195 102.933124 105.668931 111.485155 105.229947 59.013427 72.197684 129.231481 96.862114 146.053414 44.799711 49.799974 140.095182 96.810802 83.249556 111.065775 94.873931 126.691493 94.386990 94.204735 81.460129 83.610263 71.537866 123.508109 103.602714 98.835819 92.344656 121.903036 133.538594 141.605603 124.923493 87.869972 147.531032 108.337418 94.115510 101.755361 134.490660 100.963460 88.568028 92.465381 107.854436 135.523248 40.906423 69.843885 121.881507 102.108721 124.791071 67.994705 113.028167 116.439600 88.139526 84.928363 98.606628 86.869874 124.597688 96.319380 82.395719 110.880660 132.931709 122.901834 115.337457 109.895877 105.490326 37.404297 116.375359 59.356341 82.073717 34.401951 119.857890 32.914450 41.292453 95.375733 162.420283 109.258417 63.190343 63.801215 146.402477 113.885825 33.053662 74.566977 98.263000 106.181580 122.236475 0.000000 104.833659 95.658355 29.718018 88.797698 73.906435 103.874887 144.598665 159.180323 144.768764 133.817243 7.445148 2.780564 5.691714 3.801794 9.623285 5.976383 19.791903 0.000000 0.486441 61.454688 20.284869 42.564099 8.426392 46.215659 31.370379 56.626500 2.832437 0.530920 20.264085 107.480588 77.959202 91.232163 93.361856 111.220873 22.124440 39.410846 95.628153 70.368981 97.827635 127.124196 107.401389 114.188230 118.967861 44.762680 86.782967 72.297094 121.619842 78.602682 84.187607 67.930346 49.355650 83.051602 99.872468 83.062754 89.427958 69.002775 71.041740 86.140391
111.964372 122.247913 124.577571 88.391831 88.323027 88.199379 90.228130 83.038941 109.621443 126.134798 149.203099 63.196757 82.052551 73.843742 80.370530 30.393142 13.439707 33.848087 52.053076 45.014235 44.539328 16.575896 4.933180 7.346670 32.659743 37.835000 52.024566 92.629005 78.997724 84.488174 97.818278 63.947211 40.475639 55.662729 46.753067 12.780644 35.476913 38.751695 31.771854 78.210908 62.782844 86.779710 98.540086 74.262897 44.386130 69.083990 46.553110 16.516995 7.764398 20.939080 5.619913 47.279219 80.607125 42.570673 5.405600 29.489181 72.520764 45.313570 99.641292 115.764004 92.824648 113.082405 102.689615 79.972406 96.832489 108.159124 104.031232 106.032781 97.665233 83.751789 113.792351 119.305587 111.497891 95.031565 81.816705 79.701273 96.169040 133.688201 94.711244 124.637650 142.226604 77.911519 127.379283 141.159156 112.194213 120.842496 136.449900 126.831469 100.897441 156.184241 138.211480 156.470939 84.248314 91.616471 48.382712 132.245469 67.152805 134.703743 137.357131 117.011473 107.154901 149.319244 138.297929 105.945272 136.276731 63.303944 91.431348 102.272166 73.281754 82.684737 77.901093 57.644216 29.165654 55.025009 78.085525 97.009194 84.501904 61.041940 68.002325 68.821899 64.517103 85.685293 90.029020 81.029167 50.689606 66.520994 38.459761 102.604642 67.070218 89.726550 24.433252 66.375913 66.438523 120.209509 79.470959 97.613226 102.677700 61.873574 123.880464 110.123656 98.134798 68.793776 116.954711 131.206053 18.289367 13.363986 67.167580 104.833659 0.000000 101.514311 109.397912 88.677733 107.588329 14.899904 70.289733 96.250934 82.252543 69.526215 71.713743 39.964055 58.796889 18.376097 51.398389 42.661464 65.932346 5.575881 0.784836 45.647394 18.706317 42.817337 11.635772 38.963364 33.244761 40.908666 4.252841 0.517128 62.221549 98.257836 87.146917 108.232258 86.004816 114.246656 84.034993 14.356225 104.975987 101.030693 91.646642 100.847426 124.639898 122.102800 102.053996 43.681927 76.832414 65.851171 66.511717 76.064582 100.116398 52.861610 18.264958 71.125797 64.585889 59.370906 57.934963 107.365442 99.376855 70.868526
70.519332 100.779284 113.658222 61.124117 33.686150 47.931842 64.993720 20.331328 100.589425 115.885387 147.454565 37.646276 40.621055 28.388655 44.419390 18.951657 10.253453 28.357028 44.338536 32.240288 28.396973 14.926533 7.122849 4.511421 14.546993 13.167439 14.042456 36.374178 30.841849 34.780176 37.282703 21.096901 11.528563 23.608908 21.029625 10.241229 20.544067 16.988759 8.973839 30.352995 29.086276 42.043350 44.020169 22.679258 11.393388 28.537836 20.228111 15.830585 7.306642 11.841787 4.026665 24.706187 29.052417 65.176859 7.402275 18.011095 35.083359 48.999205 28.023705 33.301663 20.978412 80.036369 29.550241 81.314826 46.763649 95.272146 135.467354 91.938235 82.706548 27.684927 36.917021 114.000705 66.250321 115.536719 13.826638 13.791111 111.340678 126.792905 45.253113 114.964942 99.898323 138.579594 124.396848 84.438684 68.563235 70.962931 62.305106 93.115122 51.344901 89.744555 105.876690 84.318941 120.113953 127.974377 128.592179 118.463820 152.278916 57.360494 71.004426 79.156702 121.835502 83.427650 118.575669 93.882703 89.674941 148.336431 44.119758 26.534466 40.977046 26.875853 66.209424 24.416035 81.346183 30.799150 43.299255 95.221495 82.419354 101.445096 111.663564 82.508950 48.390060 57.753921 109.517901 111.391838 108.451340 37.239797 114.896688 108.448676 92.106237 57.161193 90.423455 58.773176 90.705780 60.935721 21.750548 14.559420 69.870158 63.818251 64.451641 104.249496 134.199730 92.600677 106.944244 26.765723 81.084031 103.630590 92.172463 95.658355 101.514311 0.000000 16.483764 44.064350 59.330362 99.961465 62.856628 58.643608 120.560059 90.605916 23.324711 8.382658 3.737234 3.011655 5.048338 2.587610 14.655707 6.621121 0.000000 30.408848 14.327957 10.089457 0.249214 10.579402 5.337773 15.467369 17.581850 0.000000 52.014150 112.528611 88.149922 52.804064 106.828437 124.429899 10.748114 45.809954 106.570910 60.341283 95.265923 134.418710 115.915996 121.840479 121.620853 51.612958 87.091710 70.763750 42.509167 81.491090 88.599813 12.793732 37.312693 76.879185 40.164205 60.248353 100.057412 74.574751 89.447390 94.404828
102.626068 116.802213 127.905363 82.501962 52.668949 65.557909 72.623273 77.064736 108.013424 131.174973 152.274804 34.395478 43.289708 26.361888 50.613625 21.010733 11.352808 30.764046 76.839204 48.208980 54.843354 31.238289 17.843729 11.973863 45.205301 51.417997 64.758476 110.288028 103.812836 107.817402 116.311019 86.230676 58.051055 86.191334 82.282903 39.776109 65.211695 70.853849 53.253271 100.373429 94.436776 119.224819 127.054355 99.279827 71.637703 102.967747 87.040071 43.047683 27.159504 46.542777 10.942641 35.876571 61.206637 77.656783 28.487847 48.974704 87.292394 68.465049 29.335873 33.771288 12.729187 104.910607 32.963306 64.849132 46.159040 123.439205 127.682946 118.647083 111.755879 62.781029 80.428684 141.262717 104.795373 143.208759 47.203383 53.167041 141.906715 118.412337 82.703682 127.138097 104.792690 143.386746 108.801245 95.839325 84.171814 110.964737 75.550431 137.109939 107.965860 103.342445 109.485435 106.454014 128.574228 142.298516 146.190454 107.420636 163.458656 90.684950 95.841612 109.259833 148.013390 99.822170 108.311168 118.314857 110.807339 153.042675 47.382275 71.154236 93.644377 69.265608 141.840177 40.733998 99.507326 99.272399 114.633723 117.913660 127.066408 102.343060 125.844887 100.121443 81.383221 113.371860 157.933763 148.473837 139.376389 108.594265 124.024216 58.931453 122.261294 61.991444 88.218061 21.938011 135.832592 32.818765 17.645341 59.192626 171.943267 130.924401 60.511875 73.670375 162.947593 141.526824 71.308543 31.735538 94.600212 113.624888 140.724637 29.718018 109.397912 16.483764 0.000000 66.709736 69.123041 111.152666 151.840327 151.980345 153.795177 138.964729 8.084782 3.445177 6.391021 6.884729 9.136050 6.731731 25.756739 1.315836 0.180407 43.188587 14.614732 25.219732 5.829882 38.415176 23.288046 47.576878 3.477689 0.102036 48.295748 124.849050 100.669414 94.909949 115.673210 130.627258 27.735323 62.870538 118.704976 86.216762 114.024096 140.584568 122.185982 126.319443 127.750822 66.491883 93.432503 81.390124 111.231647 86.919055 92.214761 48.083088 60.850400 90.676179 92.256379 89.984917 98.543969 75.901679 80.452588 95.561120
89.205575 122.780122 85.497283 40.566423 35.934767 32.280106 56.579596 43.190063 79.189137 89.439775 125.981345 2.956119 9.549895 4.592270 7.620245 1.036006 0.561561 8.819845 49.399637 42.877024 28.844322 11.139093 2.552470 0.621591 2.755924 4.738077 8.682559 20.233256 16.069600 16.449895 23.136956 10.740856 4.743260 10.597024 8.695496 5.700847 11.747530 11.478475 6.933820 20.520655 16.034258 27.810634 28.040259 18.399724 6.089743 17.177355 13.813617 10.705677 0.529009 7.578070 0.516687 1.594132 4.298845 11.889829 4.379122 15.862311 35.883714 40.196492 7.549261 16.633958 7.243171 28.106227 4.952055 13.850730 20.171157 18.944850 80.596353 28.059141 15.238392 5.333867 8.032856 28.061747 12.014864 58.926934 5.508765 4.940037 58.349805 51.039398 14.580116 65.860432 72.004172 79.423499 89.453383 98.056728 106.978037 87.907692 12.731672 24.055671 17.430970 99.057641 33.229083 103.116856 50.623659 65.167063 98.876980 59.780231 110.337579 88.101926 13.081797 15.834011 39.189455 114.736720 45.063098 76.873827 96.787581 58.634558 7.099128 6.369900 75.469941 85.472285 113.525364 68.305836 72.913704 85.178531 77.362439 104.319153 104.775790 110.937464 95.195468 73.835797 58.051671 82.520947 120.844904 129.179878 127.407503 73.507030 115.989580 104.607832 101.277924 21.793874 95.641073 95.712531 108.870781 65.111790 70.433080 20.621031 35.530047 89.108449 41.310540 91.811941 98.415089 123.254991 112.502348 27.318596 98.792980 89.207108 113.051847 88.797698 88.677733 44.064350 66.709736 0.000000 17.649325 80.639222 70.860198 39.181169 98.476760 112.169983 2.361428 0.803706 0.475952 0.000000 0.224643 0.240174 1.719346 0.519201 0.000000 31.039474 19.689964 15.978496 0.902219 12.323042 9.005408 13.346254 8.360197 0.000000 4.782439 26.699492 14.584927 18.695644 20.288907 46.184911 2.410485 2.388985 18.926314 11.277889 22.577397 68.157686 56.870612 70.807264 45.936969 43.692565 75.013707 50.921191 55.812130 67.725088 81.723120 24.538376 28.347365 60.022078 44.621875 44.610921 93.280436 66.776130 82.123574 86.855503
105.658064 120.864752 105.904303 22.384967 46.324083 53.029664 66.470684 50.664551 94.346281 106.176917 137.169973 5.393183 8.235714 5.730468 11.075095 1.625686 0.664804 12.313669 59.075533 29.049763 26.995459 11.426327 4.358133 1.585457 7.740396 9.557599 15.823058 41.829165 33.948464 32.859214 42.978446 27.762222 10.928506 21.997832 19.843130 12.149939 23.548923 22.955016 11.816706 38.148935 30.852565 46.462656 52.967952 32.916797 18.861219 37.434591 29.786968 15.545257 4.637222 12.989779 1.614479 7.941379 14.379800 32.495628 7.267566 20.107471 44.993478 46.240810 3.244785 6.692914 2.304256 33.930812 3.189766 13.453752 14.648889 55.758273 104.886899 56.831678 44.000357 23.685785 26.799926 61.986331 34.186228 81.228333 16.050594 15.339058 88.574011 84.156502 36.040642 89.758964 97.353203 113.105513 101.484719 99.531361 98.058928 85.635730 15.362939 49.046611 43.047157 101.397338 76.893415 111.053663 58.413877 94.027469 104.159964 85.634833 127.164289 100.338855 23.560844 38.259841 71.941873 110.565379 77.411833 80.329388 104.487192 71.947734 9.856008 15.463059 78.667710 65.256024 132.639640 38.863270 69.860984 70.836143 95.444201 109.856312 114.250248 115.002788 107.513422 81.233713 65.875789 96.768978 144.221920 135.037511 137.361972 89.234094 129.410152 93.351924 103.846048 23.127257 106.304989 80.442055 110.845592 61.820424 64.130980 51.011698 148.219187 103.973466 16.284472 19.425665 147.009536 125.933089 59.938491 23.326583 98.759098 104.099354 118.348193 73.906435 107.588329 59.330362 69.123041 17.649325 0.000000 80.506181 129.432459 125.502770 136.225278 121.258905 1.232307 0.744887 0.192959 0.400447 0.948620 0.338201 4.430420 0.000000 0.000000 38.996348 11.979144 9.007817 1.659140 15.160702 7.836663 18.807867 4.548670 0.000000 9.440438 67.950357 40.001343 28.939806 54.811243 80.309774 7.053048 15.147765 56.668348 23.896503 54.307785 104.149510 90.200835 99.066921 79.973969 42.942363 85.447647 66.776252 72.882458 77.710049 86.472923 28.183543 39.616978 77.000508 55.348373 68.479583 98.453488 71.809199 85.980793 96.254947
123.867279 127.474963 125.627138 67.623106 104.194360 82.297897 83.070152 78.631410 97.670971 112.096736 134.380452 55.522438 72.796611 61.512773 68.056085 18.090206 9.000029 26.050942 31.506168 23.655419 31.827718 20.251338 7.346444 5.552068 25.933476 36.045803 48.012015 85.559616 73.256932 72.359107 87.515097 57.569787 40.519396 54.646237 50.072349 13.844996 36.083172 44.290829 36.841796 73.386575 68.624184 87.874937 100.332644 75.402191 48.375521 70.396025 50.706316 18.980578 5.033472 24.215368 5.665389 31.180912 65.434108 20.419940 9.037983 35.963755 73.468015 39.553389 93.517035 102.568529 89.038863 98.994123 88.692551 72.627593 89.568564 71.830195 103.424967 112.073558 96.065745 34.393337 55.752531 106.436804 97.700548 90.072674 34.411774 36.498462 107.418546 108.075287 87.853105 127.778230 106.832245 85.925191 113.183747 101.074093 115.839663 92.624172 129.710857 125.839390 97.324880 114.233117 104.435188 115.964184 81.338996 99.590340 48.195767 94.338636 72.110955 113.058241 141.229622 119.009664 106.666719 135.507851 106.740452 71.589850 79.923580 60.148414 88.220962 76.660054 46.651002 62.410840 43.137890 35.004053 16.097507 46.303131 55.263374 77.021825 76.176956 87.766234 66.493047 72.566838 41.942686 61.517834 63.411508 68.457957 41.982449 42.516033 77.870334 97.979488 70.278794 80.794680 65.580078 82.270847 73.700028 108.011242 89.243774 90.501703 93.246170 71.647108 116.653419 112.835559 90.396723 67.116004 113.532631 113.024072 19.380410 21.051571 74.546250 103.874887 14.899904 99.961465 111.152666 80.639222 80.506181 0.000000 44.449036 89.677668 74.419949 69.547106 53.512355 29.670390 41.113841 9.865318 38.230324 27.586875 42.763324 2.065796 0.923938 53.877188 29.377978 49.917751 16.323696 44.648328 39.277127 45.707914 6.389954 0.806902 38.901871 90.896924 73.363327 112.265604 46.986656 89.332969 68.323917 5.135643 98.429429 96.493622 92.876103 86.080743 97.036982 119.850267 108.958630 45.460546 75.526386 55.328508 63.747168 53.467297 83.308833 56.948852 11.041943 64.843996 58.506731 57.033415 37.920531 92.953381 94.852949 67.513878
107.366765 135.407416 100.735745 13.269350 119.841740 57.981941 92.078295 44.843586 54.634251 61.012410 126.030361 20.611232 43.136585 35.414520 38.850979 6.004141 3.636789 10.516562 13.183245 23.880877 31.733558 22.340019 11.683795 1.614655 12.645978 16.002366 27.196368 54.618461 47.474413 43.706052 57.717703 33.960234 21.940755 33.590578 28.064612 7.849667 23.664468 27.085089 19.149722 36.724518 46.120723 65.102505 72.647019 52.074928 31.311792 46.635335 33.538627 12.959481 2.263470 17.935061 5.419686 8.451700 28.342171 6.197212 6.631219 27.506252 67.470429 30.317484 55.597426 79.836588 62.850324 112.221683 48.131218 75.098319 97.305629 40.148468 109.277640 101.598756 69.179840 12.550691 24.594263 91.829551 67.445436 123.609879 13.215980 15.159992 100.717980 80.271703 55.680109 104.926146 53.586258 88.925485 117.319950 66.498926 125.622209 16.455313 68.972120 88.279718 70.218072 64.999734 56.221969 33.275212 113.778422 114.501699 80.243156 67.020242 116.474665 36.214111 90.083500 81.331870 100.158149 111.474631 62.591130 12.402072 36.065645 100.005869 47.979121 27.090902 14.674245 70.840044 69.417208 57.554231 18.302981 82.172518 108.658751 117.172631 104.930756 124.172397 101.433538 98.294624 70.344233 112.928052 20.085181 74.779280 91.020683 80.812532 110.217253 133.300098 91.361714 57.056922 93.653652 139.637585 99.167217 152.068952 118.947444 71.452100 15.120415 101.371836 155.425448 143.632934 32.009249 92.290571 140.355518 154.587414 68.168738 75.704083 88.238469 144.598665 70.289733 62.856628 151.840327 70.860198 129.432459 44.449036 0.000000 42.281035 60.014268 85.087795 14.937177 6.751058 10.007568 1.648627 7.938184 4.884981 12.187285 1.123617 0.000000 27.119267 24.751736 39.557348 10.812753 38.285359 35.523588 41.826948 10.107968 1.923496 9.842447 49.907781 23.483294 84.970471 13.258223 37.090699 25.494024 1.808795 48.542684 56.583818 62.040184 93.920080 37.332041 88.629024 95.848364 38.392910 92.756134 51.470762 62.132152 41.395480 80.041977 60.071284 7.898408 70.349958 57.544847 64.084579 58.270672 86.104546 117.455626 89.911894
98.901077 138.747643 82.701536 8.633303 111.489675 32.951404 99.316642 40.423081 103.928447 112.537146 149.227636 14.661716 43.640544 31.025973 38.162709 4.056103 1.559579 36.450151 32.414785 39.480982 49.647731 24.463524 3.703710 1.688725 6.448941 9.613237 9.455740 25.869649 21.428083 17.159043 22.854449 10.411758 5.745237 11.380076 12.143279 5.395373 16.329518 21.041823 14.001954 46.317522 35.794255 53.823800 51.438434 27.222261 12.409750 25.840658 18.496279 10.787536 0.821885 12.216447 2.751739 5.167838 19.638794 2.253448 3.620784 24.545936 65.515644 20.354696 41.947902 69.972066 51.208468 121.805040 39.816620 74.369164 101.442541 30.657792 102.599881 112.085731 74.212306 12.798761 20.615963 95.111208 58.714216 137.319297 17.180914 17.261601 107.553023 67.772989 62.234814 106.478902 37.066958 95.566414 111.067398 43.953063 123.047984 24.949341 68.377861 90.056040 77.633753 43.472383 37.956509 38.656296 128.942006 125.062439 83.837856 50.755660 130.875260 42.790883 85.512184 86.511463 106.067438 94.832751 44.750101 9.147398 21.147978 111.404729 38.793151 26.177473 81.651971 100.133948 98.182756 86.680057 83.571865 105.015967 119.786610 124.665104 115.570653 123.765175 14.750683 81.384128 68.515413 118.961715 88.336762 94.248506 103.848494 86.205355 114.576354 148.482600 79.040116 17.395642 98.445454 147.848948 98.200468 163.014039 118.591360 50.810956 13.843760 104.368210 164.239389 154.757151 16.938189 101.455733 156.722582 128.718289 90.281720 99.551377 95.684510 159.180323 96.250934 58.643608 151.980345 39.181169 125.502770 89.677668 42.281035 0.000000 20.847288 74.870052 13.708101 7.050124 8.977269 1.346377 9.894987 5.476049 10.771445 0.000000 0.000000 20.149741 23.847457 36.828521 9.229169 41.038168 33.206513 40.129098 9.655960 0.200187 8.871256 54.339204 27.669646 86.132365 9.512744 30.853605 25.751340 0.227138 56.523174 63.622383 72.455547 111.725507 33.204357 77.016978 97.852603 37.562476 90.377176 53.799673 63.628921 35.080683 75.374688 61.155878 3.826846 74.361370 61.422844 64.539191 80.175380 75.606460 124.171634 95.242202
146.385278 161.881090 146.005790 26.543996 109.888143 77.070066 103.791847 55.242477 117.322065 136.709280 160.397387 35.609315 74.324106 62.911555 66.462014 10.261540 4.283194 50.046483 46.944616 48.453281 54.461016 23.558138 3.581252 1.797812 19.282204 21.084480 36.180151 81.600451 63.692151 54.599245 72.248696 47.411068 24.864233 44.159881 39.308669 14.112267 39.288446 42.492155 32.078068 88.616557 74.754423 96.937052 108.051411 78.986995 42.488928 72.431919 49.398192 20.693820 2.879029 25.334811 2.870293 18.198406 47.397298 17.936035 7.425361 45.314871 95.593791 55.059182 70.011611 103.661259 76.047133 145.792363 71.474771 100.856304 124.523886 75.383988 129.206853 134.039489 115.402040 45.508434 60.298431 129.686860 103.965150 139.885204 42.940631 45.619500 124.455897 117.186853 96.857685 143.575667 110.076119 119.046357 139.882354 126.531066 164.340072 43.538132 113.684145 129.516488 113.542474 120.243442 98.031416 125.506733 130.955221 132.070845 101.951334 108.838982 126.277130 114.382082 137.319484 124.690526 132.682176 167.651600 98.154682 37.813142 86.585730 120.269835 67.529543 71.835347 72.242941 88.095837 80.063098 75.633971 69.513932 91.787460 120.354639 127.821711 110.690731 128.718787 18.871417 75.066997 88.195432 115.068828 71.828182 49.688081 85.466294 97.688394 96.164037 135.805474 55.400035 52.366813 96.662806 139.184326 70.506217 146.380803 138.548939 102.353183 57.849060 86.897851 138.833638 126.556605 24.426652 79.805508 136.405006 154.019091 84.450085 82.765422 60.576134 144.768764 82.252543 120.560059 153.795177 98.476760 136.225278 74.419949 60.014268 20.847288 0.000000 31.682050 31.669718 15.647579 25.101520 5.381917 23.607406 11.322387 25.694185 1.470077 0.000000 54.960079 37.843279 60.107025 16.347089 56.215905 50.418350 63.969244 7.756921 0.931721 25.411455 95.944655 59.862751 122.658209 37.566348 82.691567 57.035182 4.795179 96.685051 96.157158 100.417153 134.249862 89.848421 134.005366 128.765731 53.211270 100.018584 67.961447 73.168748 75.359135 111.117708 73.668131 16.238731 84.521383 72.873326 78.688509 81.373814 124.352287 119.744670 92.272829
115.954379 133.752219 97.797102 8.129960 102.168618 88.621288 96.325840 23.888949 105.693533 114.484452 146.165755 13.169559 39.560053 28.130362 36.140138 4.005668 1.389168 22.318565 71.744549 43.757114 28.589701 7.522243 1.082444 1.108558 4.357760 8.298550 12.627574 35.041071 28.117410 24.818442 35.231622 17.736810 9.435114 15.050833 13.581412 3.805619 12.292136 15.905590 11.949330 39.123797 27.797532 45.038158 47.199295 28.964521 15.605751 27.903934 17.480854 8.859988 0.915770 7.148576 1.638966 5.881265 21.406389 7.211926 3.161061 17.047417 51.739256 23.227592 28.241142 47.656919 30.622321 93.529398 27.793165 47.144619 66.159376 43.119195 101.893064 102.788517 77.342465 19.847790 29.856508 81.742012 51.475637 116.889404 27.060535 24.143121 99.980497 80.971930 61.090324 101.063126 70.692606 92.485145 113.603339 93.154720 136.593126 21.953725 64.934733 85.103190 71.355994 87.455053 67.125762 91.231865 104.711322 108.322587 73.440334 78.367100 107.448052 67.683413 86.195300 82.490532 94.248541 137.111938 67.955087 18.079208 63.312290 85.071092 26.899089 32.383649 96.087293 102.431808 87.713398 79.664726 85.447687 94.816766 97.956610 114.143647 101.078633 113.870198 19.860055 63.960353 69.478669 93.435646 64.278932 27.463217 81.867308 72.120130 87.789382 123.962684 17.382884 86.891419 85.767339 124.857461 21.577413 134.980549 121.201868 87.683397 87.653668 70.331472 125.231603 107.812472 55.729611 66.648879 126.831870 141.463581 69.710516 75.675969 24.037625 133.817243 69.526215 90.605916 138.964729 112.169983 121.258905 69.547106 85.087795 74.870052 31.682050 0.000000 13.272525 6.689110 9.395437 1.373017 8.363733 4.105782 12.368880 0.547876 0.194659 55.079883 16.656733 25.502812 5.223757 21.097107 16.878526 26.155618 2.155784 0.097832 10.734727 61.330493 33.531509 75.836632 19.420094 42.074185 27.802917 1.164630 57.848106 56.385062 69.476234 100.749971 49.431197 92.168838 92.969576 21.453398 78.716213 36.823787 71.646605 35.428666 72.346696 42.214348 5.703835 58.115952 53.695387 50.208400 80.429168 87.426047 107.046115 83.295639
50.945365 11.404139 20.774212 23.859421 25.347417 66.403278 41.019922 10.670173 39.527010 46.730188 68.792738 23.712588 15.121535 25.317169 26.996848 18.328006 16.263091 3.183618 14.362363 12.099137 5.766050 2.341374 1.184488 1.443675 7.520830 6.039225 5.511114 12.820021 13.624644 14.127778 13.091378 7.729823 4.006620 9.297946 6.864015 1.258501 2.597413 1.974863 1.943998 5.986925 5.033981 7.158282 7.894865 5.195860 2.684174 7.269426 2.949649 0.330686 2.934942 3.214106 14.975322 15.895866 24.038358 13.839827 0.912600 1.934990 8.993965 1.354673 75.723474 91.751226 72.461119 97.236092 60.939944 55.423934 61.269659 45.098976 32.156599 71.058582 48.852728 14.566554 38.581820 66.812596 84.539683 92.001889 14.931221 16.157953 58.576552 63.406068 46.348414 13.425225 54.555041 15.414345 38.667593 30.604588 27.567206 32.030624 14.659180 42.735838 54.021756 96.751337 85.049099 45.737490 58.805856 57.513230 46.741837 26.237544 52.398809 30.788443 31.817702 56.794566 91.754476 33.759480 78.607180 27.683033 55.919593 60.316077 38.429672 50.325609 12.687682 17.853218 23.336559 13.956498 45.850373 25.214293 2.557659 3.975144 7.985091 17.466276 42.499514 5.842720 2.868920 2.913944 22.308716 16.590998 71.884350 3.188839 56.705016 10.785524 9.707605 32.090714 27.571984 23.145403 16.408150 2.530080 11.368067 13.791308 20.025492 18.303571 4.156972 8.559742 22.164206 28.290131 3.686189 14.857961 44.587699 72.305890 23.829486 7.445148 71.713743 23.324711 8.084782 2.361428 1.232307 53.512355 14.937177 13.708101 31.669718 13.272525 0.000000 5.614884 7.506907 6.291998 9.531896 7.683957 10.346422 3.412360 1.082340 4.516493 2.182278 4.876436 0.839642 5.508375 1.805153 3.599427 0.385788 0.124154 34.567995 34.874296 39.002326 30.338752 29.766693 47.257832 18.939593 6.460123 38.855214 33.659328 39.220591 47.724282 40.501851 54.173177 47.656303 3.253897 10.797984 3.912291 31.785508 1.678563 11.968118 11.817149 0.068352 13.576705 18.283313 10.857739 43.479222 7.955327 18.137815 29.522258
34.162984 9.686327 13.698478 20.304121 14.807974 44.201251 33.087171 8.727594 29.343126 38.077342 59.013358 13.917962 19.418977 18.171306 19.276776 12.261190 11.657280 2.368644 10.237641 6.006660 3.845723 1.340429 0.622234 2.961794 7.551718 6.156214 6.402155 14.337143 12.643189 17.072366 20.072864 11.672528 7.062057 14.522441 13.802995 1.942462 2.851611 3.275278 2.313668 8.986785 8.150224 13.937020 15.960553 10.402995 4.845156 11.180629 9.051553 1.132830 4.182683 3.420263 15.453440 13.513147 20.256662 13.865076 0.725123 1.031586 9.371079 2.124449 55.927337 64.986320 50.288618 73.579085 46.242778 34.065618 35.747428 25.372313 20.140373 34.874459 22.263825 6.724776 17.332010 59.243146 57.189013 58.358901 6.960289 8.496390 31.188813 28.971679 19.976306 19.020431 19.291346 5.998391 17.565671 10.766421 10.480793 25.203592 25.232056 38.523562 30.517757 41.231797 41.968246 21.268128 34.798292 36.671350 26.055477 10.294427 29.166964 14.070435 32.756619 36.481806 61.692580 13.406155 39.336069 18.919691 26.658118 34.352717 30.624732 19.800733 7.356573 11.285642 14.653206 7.376859 24.454657 14.253617 1.375009 2.388341 4.050257 10.848457 23.059094 1.477573 0.917379 0.846796 15.277583 8.399498 44.049156 1.880860 33.955683 6.172620 5.486388 17.760718 15.901139 10.302115 11.110610 1.318939 5.028358 2.825075 11.660093 11.931149 2.111607 5.011434 13.703374 14.891622 2.658493 3.972686 27.486967 43.876883 12.219573 2.780564 39.964055 8.382658 3.445177 0.803706 0.744887 29.670390 6.751058 7.050124 15.647579 6.689110 5.614884 0.000000 4.506693 5.526820 6.476677 4.603376 6.672893 2.640849 1.089568 2.775861 1.870749 4.509840 0.393906 3.239884 1.494509 1.301920 0.194776 0.000000 25.801251 25.543221 27.585895 24.551855 20.287699 36.066093 12.536069 8.720452 26.688530 25.992129 24.734071 42.651766 26.422159 37.324542 32.241314 2.411005 8.031523 3.283277 19.989868 0.896383 8.726788 6.195352 0.287235 6.614797 12.279415 4.939362 27.999699 5.509328 15.000707 19.320915
43.534697 11.725445 15.893797 19.825238 39.327432 70.183370 66.754680 10.770488 34.458711 57.641248 82.446323 23.377641 24.714196 21.413653 22.264437 16.382642 18.201471 1.958211 11.224178 9.456200 6.890510 2.409345 0.459556 12.980089 29.075420 29.513418 32.072399 52.351996 54.317205 59.671042 66.916892 46.452880 29.692366 49.676671 49.332357 8.657135 19.790342 20.099297 16.567362 44.928688 41.096775 56.100598 65.705995 42.033894 26.620167 45.477912 33.634810 3.872153 13.016231 12.955954 18.910506 22.318903 24.738942 21.132385 2.639327 2.522054 21.585045 7.435535 65.180163 78.203843 62.957323 85.221589 50.531930 40.008538 57.729506 35.342779 48.336850 42.558013 25.374862 8.355457 18.389172 74.828872 67.773474 78.874675 10.282027 10.224502 48.499141 43.360701 25.868805 34.370810 20.345273 8.318034 25.271235 11.462905 12.039220 24.466526 31.975531 54.686957 45.550571 40.935226 36.750336 16.434783 48.346389 48.557614 30.108393 16.160985 43.008736 6.825243 49.356225 46.655050 78.183993 18.783462 39.287464 15.070417 19.261862 48.372873 33.959603 19.687088 8.228230 13.007261 21.515638 7.284070 36.853762 16.488145 2.384295 7.846275 5.517383 24.277406 28.058663 3.327144 1.153442 2.320824 19.899152 13.881465 60.402650 2.713665 44.760620 13.040680 6.475013 19.803996 20.835760 19.122524 12.008911 2.413694 7.409525 5.812754 15.089178 13.676629 0.724648 6.291663 17.692249 25.594120 4.069317 0.610376 36.013349 63.025578 18.578406 5.691714 58.796889 3.737234 6.391021 0.475952 0.192959 41.113841 10.007568 8.977269 25.101520 9.395437 7.506907 4.506693 0.000000 7.918628 6.918789 5.929722 11.994352 2.380469 1.448283 2.042504 2.999780 6.309040 0.206893 5.945082 4.184473 7.639962 0.059454 0.000000 42.375340 41.233728 45.303547 18.541917 40.666200 47.159747 21.957033 18.870761 43.867665 26.198163 39.848746 39.292392 38.901402 50.022071 40.729180 3.892171 26.924713 4.733796 38.900945 4.183614 26.061512 9.222198 0.880452 11.746404 17.923401 8.293476 43.000860 22.438595 46.739418 45.604545
27.750667 26.176364 25.793683 11.752492 29.929088 38.639741 51.042464 4.400917 30.956318 54.179521 73.655360 12.693543 13.658168 14.464040 24.913355 16.927214 10.418724 0.393709 2.101565 1.758232 2.357649 0.898765 0.373649 14.642914 27.867847 24.617048 30.621551 44.071506 45.903726 53.730961 57.595172 41.246061 32.304226 46.643364 47.773919 9.501879 19.991067 18.887197 14.045162 38.993488 34.763263 50.616267 53.716366 35.201535 20.538496 39.682862 31.954146 5.328395 12.445552 11.739937 11.805841 11.388245 13.361057 14.235575 2.351345 3.083587 14.228330 6.189909 24.817522 38.057128 25.998249 46.880319 15.963417 10.923624 20.120714 27.222302 40.802674 14.669536 12.106739 3.968606 9.653115 35.833473 25.702369 37.602407 5.770548 4.308214 22.636760 30.610769 7.323225 20.448269 7.481883 6.146946 22.030352 6.820236 8.460223 10.415280 19.040886 15.888780 14.605110 11.359712 10.952708 7.092390 16.898630 17.029715 11.225474 7.617768 14.208085 4.249668 16.412840 12.342800 38.489731 15.661339 13.258106 3.529737 7.932502 16.562805 10.381106 4.356233 2.018851 2.319400 5.564518 1.737082 8.183262 2.252176 0.830814 6.903047 3.197815 20.472118 7.347911 1.617658 0.517295 2.802787 4.620507 3.245889 26.826466 0.825728 15.923918 8.672537 1.642962 5.109868 8.741604 13.778804 2.429730 2.151531 7.458036 5.282905 3.841499 4.420406 1.908485 2.224300 4.410409 6.110530 1.226370 0.894963 12.770753 20.209377 3.503742 3.801794 18.376097 3.011655 6.884729 0.000000 0.400447 9.865318 1.648627 1.346377 5.381917 1.373017 6.291998 5.526820 7.918628 0.000000 6.481794 5.716902 8.419840 1.549859 0.107746 0.363809 0.616529 1.183115 0.415638 3.261358 1.636683 3.488953 0.000000 0.000000 22.325664 26.526932 27.816823 18.277470 22.302559 30.663686 12.359077 11.925645 27.503994 23.767015 25.997797 40.745356 20.374233 32.679568 35.227992 3.796420 19.250982 1.750762 16.183731 3.860782 15.608866 3.677891 0.542179 4.728500 6.075826 3.486482 14.903590 22.913204 36.584783 29.722790
39.380576 19.806473 24.456100 16.634762 53.491315 76.067686 75.920973 10.993222 33.808914 61.056308 84.519926 22.201402 25.407695 21.824783 27.976413 18.799549 16.255277 2.403699 9.615726 7.574655 6.369498 1.722088 0.932809 20.958762 42.040113 38.589355 45.401657 63.872472 65.205964 73.001868 81.336929 61.779666 49.378805 63.747972 65.712454 14.440759 32.584229 29.894494 25.969659 58.492809 55.830824 77.401004 82.078842 59.568373 37.472182 58.593012 50.127507 8.099008 18.099745 19.504669 18.230662 16.572434 19.471911 20.827188 4.848818 7.051215 26.922361 14.443104 55.209657 68.685016 52.038808 80.995401 44.203709 32.177932 48.133668 52.162951 66.327117 40.052078 28.737032 13.773480 28.033611 75.290270 59.964232 71.865207 18.536540 18.321423 55.894807 55.683659 25.510769 39.871379 26.134140 19.383141 40.984968 17.515493 16.865191 19.836920 39.032238 52.026485 45.019053 36.955869 34.552920 16.753872 44.090457 46.950171 29.179510 21.293666 35.756995 5.485786 50.616505 43.979238 72.915389 27.932262 39.131040 12.774947 18.821038 44.653808 28.053449 17.544606 6.605014 10.150672 21.027980 8.918660 31.791609 15.715814 2.986461 13.185647 9.582544 33.970815 26.658834 4.822917 2.952331 6.224073 17.454819 13.765679 56.827712 4.381266 38.852390 18.811291 8.112676 20.482423 25.274294 24.920861 13.196305 4.291562 10.958930 9.053134 12.049457 12.323840 1.654797 7.866532 15.965264 21.961325 5.260100 3.195101 30.984963 52.426060 16.913361 9.623285 51.398389 5.048338 9.136050 0.224643 0.948620 38.230324 7.938184 9.894987 23.607406 8.363733 9.531896 6.476677 6.918789 6.481794 0.000000 5.949260 8.170728 2.216497 1.107980 2.400122 1.299118 5.440116 0.997278 8.136045 3.549952 12.570927 0.173183 0.231544 32.221040 37.420086 38.597918 20.518970 33.796125 40.653903 20.046022 18.587681 40.270682 29.065008 36.721909 45.477466 28.953572 45.825966 43.180546 5.999272 33.148074 5.245632 38.672603 8.627099 28.706251 13.933443 2.997164 14.254662 17.732309 10.139051 44.299776 35.622801 59.882283 53.910098
40.988689 19.024266 25.541244 16.742089 39.663945 60.908894 70.167809 6.862226 33.105299 56.996334 80.610989 19.676179 22.003031 20.892911 22.141592 17.443822 18.445969 2.628747 6.299650 3.948069 5.104914 1.487876 0.703821 16.816730 33.750018 31.179154 37.718191 56.919473 60.418704 65.157370 69.440097 51.132516 37.879196 55.121771 55.303484 11.885743 23.377323 22.197860 18.850664 47.924210 42.631589 63.701228 72.348792 47.072881 30.602762 49.297012 39.523486 4.513152 15.023215 14.863718 14.557071 17.689445 20.145758 19.358387 2.878117 4.231080 23.299197 12.091164 55.662351 70.346280 50.801258 78.644281 39.730192 29.942067 42.260296 35.791229 50.583793 32.679550 22.287056 6.290695 15.627161 66.716140 54.006569 66.003876 7.136840 8.143359 37.416563 39.810370 17.116375 33.971143 12.192462 6.791162 23.025969 10.034929 9.107625 16.595586 30.382399 40.251807 33.715528 25.408343 26.057314 8.549475 35.117702 36.375480 23.636796 10.758247 29.193566 4.176779 41.356839 27.453048 64.230798 17.752631 24.364312 9.488654 13.500856 34.112380 24.212311 11.836601 4.557478 7.509347 15.847759 4.921743 23.575153 12.677648 2.451136 9.684197 5.404633 28.535402 21.872477 3.455918 2.148416 2.390960 10.793468 8.250182 50.146367 1.658618 31.293814 12.876332 5.058968 18.212086 16.606284 15.575757 8.579282 2.463414 8.275374 7.351186 9.152550 8.683894 1.583865 4.159376 11.743210 15.913542 3.290823 1.411908 25.506205 46.109598 12.063639 5.976383 42.661464 2.587610 6.731731 0.240174 0.338201 27.586875 4.884981 5.476049 11.322387 4.105782 7.683957 4.603376 5.929722 5.716902 5.949260 0.000000 7.359864 2.173441 2.067610 1.691626 0.609029 3.763146 0.430775 4.721690 5.259730 7.657881 0.000000 0.132645 35.574543 37.037554 39.025026 19.828156 35.617690 41.809855 22.088242 19.521378 40.925244 27.255513 36.806424 40.570465 31.481998 45.498079 42.703161 3.325884 28.621039 4.935181 30.935771 4.594405 22.943025 9.771404 2.404753 8.372033 11.264413 4.517448 35.018413 27.392185 48.409685 43.892748
39.577885 25.506760 26.603213 13.287982 70.417180 91.169033 88.672358 11.050638 28.122742 55.134713 79.083695 19.656922 22.265158 24.929187 25.562261 24.977921 22.237066 6.181120 12.360158 11.730004 13.223328 3.988553 3.152718 22.871509 45.513305 43.049418 55.051369 72.461145 73.442517 83.159415 89.711297 76.154568 58.819977 73.173101 72.209209 15.043953 35.824816 41.909668 38.397243 72.122065 64.851198 87.283203 96.527247 74.060584 52.686569 75.851376 58.714482 11.271179 18.879254 19.204723 19.330854 13.650368 13.885975 22.323565 7.350481 14.194832 28.669173 19.841493 67.885557 82.557937 64.678458 94.928273 54.006075 41.832698 57.707806 73.939132 84.590788 59.796539 42.313719 29.261447 52.023234 91.386605 78.612541 91.596554 32.778415 30.400886 79.307554 76.710602 36.818842 43.599162 40.880406 38.392142 69.054911 34.068104 38.806807 18.424284 39.751766 71.962234 66.750321 59.058404 59.896058 35.421428 54.416913 63.821538 41.795293 47.126406 53.355483 16.421803 59.541932 56.276192 97.103669 55.516976 64.027700 23.377662 38.723941 51.024508 37.875781 24.537019 10.175494 16.428940 29.085395 10.516337 41.657540 22.333524 11.064260 25.031529 15.074705 68.194074 35.693741 5.392714 4.222171 11.779170 27.137908 20.513583 75.663380 3.762441 54.813863 39.035954 8.359580 31.470301 48.767028 53.082188 13.588303 10.312544 32.611289 13.113499 17.534992 15.943496 7.537402 21.643149 21.843001 28.518027 17.829252 10.396676 46.120337 64.364615 23.134062 19.791903 65.932346 14.655707 25.756739 1.719346 4.430420 42.763324 12.187285 10.771445 25.694185 12.368880 10.346422 6.672893 11.994352 8.419840 8.170728 7.359864 0.000000 2.817091 2.694052 2.118031 2.376256 6.885954 0.906630 12.842287 7.830932 18.679012 0.000000 0.255240 32.058645 43.240429 43.922676 26.716256 38.716628 42.414080 29.448032 18.629659 48.313505 36.756406 47.187955 51.607674 28.685112 50.476138 46.350607 11.229639 47.334817 9.302093 51.896666 13.065714 35.526223 22.724939 2.961537 21.752992 29.432755 16.656250 57.559953 46.515383 76.045515 66.925220
14.463866 6.756842 6.069992 12.356472 3.006654 3.889418 1.529663 1.702362 4.268499 2.101261 3.728984 2.470616 6.779816 3.126470 5.172179 2.221054 1.426498 0.340568 0.498041 0.196618 0.452487 0.107345 0.000000 0.000000 0.000000 0.139462 0.000000 0.577871 0.213043 0.137940 0.263148 0.000000 0.114378 0.237431 0.079101 0.000000 0.000000 0.000000 0.000000 0.112496 0.000000 0.000000 0.126288 0.000000 0.000000 0.000000 0.000000 0.000000 0.219795 0.030907 0.615332 3.132872 5.596715 1.958638 0.000000 0.000000 0.334963 0.000000 12.525946 11.551322 7.532478 14.507149 11.964036 5.601505 3.997163 2.892964 4.748134 3.927515 3.504941 1.428583 2.087588 15.609723 7.952048 10.132874 1.116223 0.460086 4.450473 3.938811 2.569301 5.611167 2.690254 0.360081 1.441881 1.061322 6.268852 9.686954 8.201530 9.918525 3.809077 5.487868 4.071594 8.650016 4.318377 4.836030 9.351270 0.072824 6.068787 13.421064 9.469417 5.463321 10.106560 1.228862 2.487760 5.478297 5.631826 5.228133 8.283459 2.171360 0.413218 0.805591 0.432453 0.917337 3.719428 0.401107 0.147700 0.187460 0.502120 0.844670 2.616155 0.196774 0.000000 0.278092 1.350611 0.000000 4.448079 0.000000 2.940760 0.248480 0.718449 1.619647 1.427278 1.459742 0.000000 0.375239 1.113833 2.941030 0.492042 1.601056 0.000000 0.000000 0.843568 1.335201 0.000000 1.345295 3.106005 6.192088 1.065396 0.000000 5.575881 6.621121 1.315836 0.519201 0.000000 2.065796 1.123617 0.000000 1.470077 0.547876 3.412360 2.640849 2.380469 1.549859 2.216497 2.173441 2.817091 0.000000 0.419528 0.000000 0.000000 0.215101 0.000000 0.000000 0.201245 0.000000 0.193840 0.000000 2.381018 2.896613 0.952385 5.983969 0.642758 5.705444 1.477969 0.169853 1.370552 5.146355 1.393006 11.386632 4.224542 4.471473 2.612360 0.159071 0.230027 0.202788 1.746906 0.000000 0.359313 0.525074 0.000000 0.000000 0.593545 0.192684 2.906685 0.000000 0.386535 0.875442
3.558576 6.782277 6.629057 0.603545 1.822022 1.636087 3.914955 0.087072 6.252712 8.383883 10.902223 3.332649 2.615065 2.060934 3.757398 4.072331 3.880509 0.079576 0.129169 0.075979 0.000000 0.061404 0.256536 0.320500 1.551144 0.789155 0.905641 2.654692 1.737573 2.717100 4.444354 3.258862 1.230592 2.054845 1.957667 0.133692 0.342284 0.812060 0.406909 1.435759 1.357594 2.434140 2.868275 2.276875 1.081663 1.830442 1.293334 0.328503 0.112890 0.404699 0.109944 1.063923 2.740818 1.403468 0.059843 0.203965 0.948176 0.478315 1.744758 3.324871 1.716889 3.890963 1.453523 1.181570 1.619096 2.983051 3.911066 0.886170 1.195356 0.793370 1.335505 2.726748 2.161517 2.960678 0.730673 0.338121 2.718469 2.097227 0.864324 1.331436 0.582701 0.617435 1.416772 0.374664 0.304706 0.861253 1.218676 0.844551 0.807323 0.500186 0.889291 0.188602 1.255268 1.040969 1.123107 0.441741 0.407063 0.000000 0.393041 0.447313 1.873262 0.667493 0.170352 0.192815 0.859431 1.337441 2.186343 0.335904 0.000000 0.000000 0.348831 0.000000 0.160519 0.207795 0.289331 0.169968 0.162350 1.057077 0.375315 0.181083 0.000000 0.000000 0.200331 0.000000 0.858338 0.000000 0.471483 1.587454 0.000000 0.167763 1.154117 0.632686 0.000000 0.000000 0.123675 0.263731 0.205466 0.000000 0.240322 0.690800 0.000000 0.194254 0.159860 0.000000 1.315743 0.683055 0.000000 0.486441 0.784836 0.000000 0.180407 0.000000 0.000000 0.923938 0.000000 0.000000 0.000000 0.194659 1.082340 1.089568 1.448283 0.107746 1.107980 2.067610 2.694052 0.419528 0.000000 0.000000 0.114077 0.000000 0.000000 0.000000 0.000000 0.427296 0.000000 0.000000 0.799110 2.346563 0.384471 6.563985 0.481268 1.861571 2.462700 0.180922 2.075842 6.241063 2.165537 8.192136 2.021690 4.461909 4.298018 0.000000 0.873878 0.000000 0.571419 0.051797 0.734105 0.140236 0.000000 0.561069 0.587544 0.172551 1.002746 0.585410 1.474623 1.222616
31.274746 59.943668 27.167059 9.822788 46.471794 12.011003 22.325129 25.083075 33.066764 46.814289 72.090633 4.193499 15.520904 7.976980 10.089059 2.043633 0.325299 16.296911 13.956342 22.717770 27.112318 19.107764 14.232947 0.370148 2.437897 3.808671 3.796993 11.414674 9.681395 10.605825 14.061007 6.763196 4.680711 7.197120 6.395147 2.698348 6.213639 7.608200 4.691795 14.208239 11.902290 20.069833 20.554287 11.835497 6.100905 11.920423 8.886512 3.512173 0.323716 5.601132 4.930194 1.232593 9.727945 2.011630 6.376302 12.326724 24.412084 12.577859 15.188767 25.720499 17.827727 37.374821 8.561905 24.351825 30.967072 5.004107 25.291307 28.509273 11.576591 1.826800 2.715212 30.869342 12.882109 50.707204 3.293360 4.343127 35.418592 9.981234 11.939859 29.894017 3.058665 17.472504 24.495833 5.640774 25.108418 19.118127 21.881526 25.008113 18.878882 8.224683 6.301852 25.175358 49.841998 48.892637 22.525326 6.673761 51.321066 22.461696 20.270512 18.572969 32.307554 19.544855 5.573348 4.129334 7.599510 33.141271 10.832117 5.498433 60.686469 77.329199 85.548052 62.330959 59.139271 74.367283 29.000902 32.190836 29.317061 33.748483 64.276081 22.968973 12.627566 26.539088 66.659700 80.592704 81.757428 14.646357 59.712062 54.992335 28.121844 14.834173 24.407273 43.875325 36.491665 68.846880 29.514287 32.139879 15.482700 32.137556 74.493373 87.186712 42.657912 63.778415 100.344715 59.454788 39.713110 58.191884 58.997016 61.454688 45.647394 30.408848 43.188587 31.039474 38.996348 53.877188 27.119267 20.149741 54.960079 55.079883 4.516493 2.775861 2.042504 0.363809 2.400122 1.691626 2.118031 0.000000 0.000000 0.000000 5.403452 7.464188 2.266967 10.043061 8.108773 10.116571 3.959549 1.091493 2.938788 10.836707 3.828483 28.560042 1.156908 10.500102 5.910432 0.570043 10.228047 19.173104 16.156086 40.186058 7.114659 18.359520 26.425157 32.275605 32.652403 32.818210 28.441898 25.897013 42.557663 22.554012 5.538061 34.470323 29.401675 27.318146 44.599977 35.649386 46.685076 36.538580
14.453663 41.971994 24.861960 6.734729 31.702230 9.332770 12.724789 20.810854 23.467603 34.431062 53.481431 1.100083 9.299730 3.398474 5.448959 1.208294 0.275138 9.323333 17.429856 18.177500 18.927503 12.431166 9.962782 1.013687 2.310149 3.860746 6.742864 12.567076 12.068363 12.722360 16.782789 9.233237 6.247827 10.521779 10.487900 3.897962 7.077144 7.613616 4.596718 14.031755 13.623045 21.983201 22.276194 15.927375 7.869989 14.933307 12.090052 4.166575 1.117472 4.717366 4.072688 2.272505 7.602456 2.237723 5.725807 9.797444 19.809822 12.494559 5.224059 13.404758 12.286290 22.545933 5.323958 11.830020 18.886168 2.832409 10.261147 12.625935 4.661087 1.467586 1.638269 18.821939 6.630276 33.765690 1.739505 0.994579 16.597091 4.073249 6.558003 16.363983 0.840493 8.490505 9.553910 1.275721 5.466672 5.816780 15.845680 14.491515 10.639982 1.949710 1.898245 5.920107 29.643807 26.932313 12.354882 0.976870 25.974712 7.865824 13.223697 11.866108 20.165912 3.999027 1.309494 3.089536 2.679720 19.854382 4.760040 2.461733 45.422828 49.302357 57.381230 38.313950 37.517680 46.522623 8.238980 14.952402 15.519781 22.779682 29.760143 7.743689 3.921934 8.685904 52.377932 43.431749 49.833870 3.888508 27.377604 21.348183 9.622876 21.611870 9.250420 14.068774 10.401466 21.380407 8.808272 23.764933 23.935347 14.621485 20.571151 27.785816 36.243258 30.536480 41.629305 27.243221 23.118679 30.784561 23.604746 20.284869 18.706317 14.327957 14.614732 19.689964 11.979144 29.377978 24.751736 23.847457 37.843279 16.656733 2.182278 1.870749 2.999780 0.616529 1.299118 0.609029 2.376256 0.000000 0.114077 5.403452 0.000000 4.428218 1.745063 5.446882 4.204860 5.938500 2.902937 0.955703 1.307091 6.844032 2.528717 18.368016 0.277445 7.958012 2.529365 0.296332 3.954332 10.295216 7.283518 25.878429 6.032947 14.464584 14.703742 23.150924 22.132844 22.004330 20.412640 15.142717 29.741220 15.111115 5.879227 21.236333 21.742388 14.470570 34.514726 23.489996 29.697722 22.829833
40.368392 83.893452 72.865688 8.567514 44.775268 12.321037 15.067514 20.087781 35.646237 55.566387 78.918520 4.068734 16.034103 9.204571 10.113673 1.130827 0.140259 19.956581 24.407029 27.153434 24.958557 19.142948 17.975141 4.046934 21.591262 25.079041 35.598494 59.853393 52.598828 61.379189 69.227637 46.631885 27.075235 48.011599 38.552078 16.221705 30.975638 32.959079 28.426199 50.047247 51.834900 65.285503 70.368310 55.403693 35.883706 55.366177 43.821945 12.261570 4.076429 20.454296 7.762618 6.122886 21.417568 8.814197 10.824791 24.557506 27.647191 21.216780 12.469895 26.401626 18.987823 43.867546 9.452521 18.694538 37.457198 9.733773 26.685900 34.526993 20.155940 2.030869 3.175861 41.786286 13.015383 62.962189 2.016437 1.310157 31.672066 12.786709 13.291794 39.849913 1.935125 16.660819 15.027518 2.644253 14.858160 9.634831 31.113244 37.210494 20.241511 2.221605 5.310863 1.674927 56.726174 49.793296 22.318219 5.093191 56.424230 2.688683 28.929497 23.838905 41.759275 5.385065 4.020754 1.992310 2.088330 40.838552 11.805205 6.103793 59.510214 66.133798 76.268776 54.884061 54.474394 67.616621 18.007980 37.288684 30.425380 59.307682 55.630520 14.765412 6.099150 16.017957 72.149934 70.259256 76.665291 9.414685 53.885229 52.243237 16.164848 39.565628 21.566009 35.002976 21.533700 29.594921 15.911306 30.138088 36.377824 31.515456 26.118638 44.785018 56.144262 59.953451 63.427986 23.804558 35.760391 56.911370 40.428014 42.564099 42.817337 10.089457 25.219732 15.978496 9.007817 49.917751 39.557348 36.828521 60.107025 25.502812 4.876436 4.509840 6.309040 1.183115 5.440116 3.763146 6.885954 0.215101 0.000000 7.464188 4.428218 0.000000 2.962074 9.786659 6.551240 16.775439 3.614064 0.741645 4.180673 27.364275 5.846401 52.576098 4.316326 26.821297 10.480157 1.149507 15.905112 26.938017 19.165454 53.377480 16.837700 47.497439 49.216967 46.291438 39.557190 48.129481 19.248117 42.238100 49.268658 25.505009 13.421450 44.268985 26.392697 37.941905 39.626492 40.117621 51.385349 35.205663
9.007148 28.852848 25.256300 0.910848 22.714977 16.417467 11.304222 8.002875 18.508707 31.031583 44.747780 0.631004 3.632879 1.595668 2.391147 0.179021 0.180589 5.967463 6.180930 7.000432 7.625706 3.395146 1.856975 1.030542 5.510391 5.359906 9.139159 14.979187 15.285476 19.278732 21.499157 11.553179 6.790244 11.899385 9.311171 4.962966 9.772344 11.341192 6.785331 17.819873 16.852456 24.503264 25.457124 15.114498 10.042830 16.541408 13.015436 3.755450 1.348669 5.271659 0.594325 1.974665 4.951914 2.653913 2.652418 5.770013 12.025229 8.588521 3.057961 5.098635 3.185016 12.104568 1.239967 3.908124 8.691389 1.679928 7.474699 7.594257 4.242384 0.377802 0.589628 11.156891 2.954537 22.034690 0.164376 0.332753 9.998709 4.425989 4.331541 8.772537 1.164016 3.945437 4.469223 0.393014 3.140741 1.559999 8.374306 9.914628 6.094581 0.562335 2.101499 0.578039 18.684427 16.133992 6.523235 0.934886 17.523847 0.655576 8.377521 7.309434 11.839192 2.342210 1.896123 0.245364 0.433222 8.833443 3.523228 1.420501 18.396003 24.103150 32.124147 15.849057 20.404925 25.355056 6.093506 13.663130 13.264162 22.973799 15.400597 5.556194 3.134000 6.403255 26.300260 21.809562 30.936535 4.019227 19.762356 14.825491 6.056775 14.330702 8.403439 9.007379 6.486580 4.183895 4.429658 4.334561 12.771459 8.653968 3.546245 9.403749 14.830250 20.529500 12.954598 2.112065 13.664755 19.286973 10.719046 8.426392 11.635772 0.249214 5.829882 0.902219 1.659140 16.323696 10.812753 9.229169 16.347089 5.223757 0.839642 0.393906 0.206893 0.415638 0.997278 0.430775 0.906630 0.000000 0.000000 2.266967 1.745063 2.962074 0.000000 3.994183 2.587889 6.365626 0.350193 0.133843 0.558604 5.387152 0.734306 14.494101 0.768052 5.551274 1.435263 0.413795 3.435536 5.145761 3.596378 14.087549 3.712522 13.281506 15.148457 9.134854 15.642456 5.522246 10.957606 6.446134 18.255559 9.478888 2.612231 10.102971 12.900247 8.252356 20.470686 14.727025 21.025076 16.353103
53.104554 93.028417 87.720865 7.878578 39.666477 23.659028 21.437970 18.810484 34.576677 62.932898 85.920176 4.127869 13.892270 10.693491 11.781730 2.361061 0.835163 18.111980 29.277968 27.170570 30.480564 20.893814 17.899182 11.411968 35.180471 38.258742 47.770076 74.253468 73.513790 80.094231 89.370557 66.203168 42.235617 64.574406 60.960360 30.830187 43.086213 45.732071 37.884628 65.043252 62.636295 79.231624 85.235864 69.489348 52.265704 70.462867 63.552537 17.210897 11.879360 22.735999 9.916119 12.840133 30.399283 20.020377 15.366965 15.431948 18.521804 19.789648 11.898158 22.744189 19.772542 42.622060 7.694337 17.879095 32.664721 14.290099 42.231283 31.478324 19.567493 3.036888 5.721008 33.823106 13.876445 56.375629 2.469454 2.253038 32.301262 23.012306 15.522027 37.188856 6.121585 20.111095 27.441030 7.073258 26.034752 8.468459 28.703602 31.162019 18.373389 8.588141 7.115525 5.044260 51.762203 45.293759 21.800294 6.733103 50.069473 4.180605 25.869620 19.536286 37.572989 19.446083 6.626451 1.719963 1.729454 35.400636 8.632549 7.565037 53.880699 57.971521 70.828901 46.614571 48.846620 61.709979 21.629757 52.729109 43.469710 81.364201 49.498789 17.877928 12.049901 29.944051 66.115629 64.435939 72.510582 15.787859 54.862633 69.634557 18.870659 46.850613 33.351990 62.255310 20.624030 31.402948 29.079213 21.395599 43.201366 31.792302 23.976570 48.912544 55.469443 56.448030 54.706037 23.535264 35.566378 52.332190 35.414489 46.215659 38.963364 10.579402 38.415176 12.323042 15.160702 44.648328 38.285359 41.038168 56.215905 21.097107 5.508375 3.239884 5.945082 3.261358 8.136045 4.721690 12.842287 0.000000 0.000000 10.043061 5.446882 9.786659 3.994183 0.000000 6.770928 9.149581 3.088959 0.990372 7.991146 39.290359 5.991894 55.336246 7.975944 31.239898 12.702233 3.972596 19.830015 26.743981 23.932869 55.816980 35.560146 66.103482 58.506060 34.298409 36.996189 43.228685 20.295103 36.432562 39.249754 24.923009 17.732569 40.892512 29.133102 34.073145 44.857448 28.637296 44.842327 40.679958
35.226803 77.547566 72.793253 5.321743 42.912904 18.591479 20.209928 18.794462 32.058335 55.461634 80.055743 4.091591 9.516856 6.286349 8.745424 2.419163 0.579982 17.484022 24.201074 25.807409 25.354801 19.690863 19.375756 5.812392 23.378019 24.927336 32.576819 58.313455 54.480821 61.620985 69.358377 46.278538 27.831598 48.159079 41.835954 20.943607 33.041585 33.838542 27.176408 52.679671 53.377366 68.491232 74.230543 57.406387 37.021221 56.903110 47.419591 13.936033 5.665755 17.656943 5.898224 8.002196 23.228229 13.011140 12.336724 18.668768 20.288198 19.161589 8.181634 18.113087 8.894038 30.140508 5.638247 11.865482 23.600668 7.665486 23.443280 20.392255 10.860752 0.948886 1.940865 27.107010 9.526176 51.484342 1.137818 1.257999 24.338274 10.953998 6.795328 25.077982 3.867475 10.397540 14.462533 2.195406 13.887115 7.983736 18.389741 23.053996 15.668845 1.841461 3.215223 0.811557 41.169031 38.509781 14.993421 3.495192 41.753364 2.140263 17.521101 14.724170 30.520822 8.745130 2.135433 1.049186 1.780553 26.674926 8.354465 3.596618 53.271291 57.893973 70.186174 46.286792 50.436041 63.528176 15.019541 38.789461 25.435598 58.531968 42.666341 11.876465 8.391407 15.055453 65.287414 58.562018 71.022746 9.970092 46.831822 47.077999 11.104140 40.117040 21.611153 33.390867 15.771121 20.805593 14.463565 19.127188 33.192627 22.740239 15.792827 33.268427 49.575532 50.628883 44.695002 13.748885 28.874910 46.024187 30.436741 31.370379 33.244761 5.337773 23.288046 9.005408 7.836663 39.277127 35.523588 33.206513 50.418350 16.878526 1.805153 1.494509 4.184473 1.636683 3.549952 5.259730 7.830932 0.201245 0.000000 8.108773 4.204860 6.551240 2.587889 6.770928 0.000000 8.251198 2.854355 1.653983 4.449981 26.108748 3.704496 39.758283 3.385398 24.591554 6.862104 1.921700 11.705104 20.674234 14.751451 45.006332 20.059460 48.261762 47.142700 37.918405 37.119754 42.236747 20.568594 36.949609 43.011791 25.730401 16.009759 41.706896 27.445476 36.402602 40.537839 31.438951 47.266469 38.933563
62.132546 94.977099 86.015247 8.704699 37.946981 28.010275 27.414749 15.895094 24.090800 55.081400 80.275647 8.418199 14.138120 8.948130 13.616766 4.900673 1.978440 17.565816 24.095131 27.175367 28.101106 25.377907 24.120491 11.404806 39.242275 43.117227 49.760452 75.151555 73.052714 81.504117 90.764133 69.070085 50.619434 68.373606 61.801158 29.039693 45.415860 46.463048 40.229899 67.069554 66.110638 81.087527 91.000471 75.230353 54.783265 73.160297 63.747561 17.493773 13.189530 16.624387 10.825170 17.068806 26.785384 20.913632 14.541853 11.035282 13.382404 18.876425 10.693379 21.000837 14.733690 42.851867 7.920534 14.636244 26.393555 19.999309 59.172705 26.450443 21.603189 3.215825 9.662520 35.159901 14.995315 54.284965 2.099619 2.848328 32.851138 32.710592 11.800726 30.292225 11.440930 27.778917 45.668512 9.691231 41.430112 12.347067 20.511944 27.340233 19.673759 10.330744 16.951668 8.434987 48.821356 46.218126 23.430301 12.498788 49.594513 7.011560 21.722433 15.028896 37.248057 25.486977 13.095019 2.076945 6.226256 31.242732 12.547627 5.329854 56.575536 64.221248 80.711504 48.769380 54.616647 68.312328 34.989731 66.092748 51.245984 82.181981 59.680956 25.333067 22.970665 41.470372 82.305256 74.859919 85.865695 21.963850 66.660667 74.477461 23.330273 51.704902 43.748875 65.121985 31.396437 37.386060 36.258241 18.253415 45.182342 37.569875 33.279358 58.800200 67.861305 67.684013 60.900725 31.175673 38.264064 53.584141 42.337286 56.626500 40.908666 15.467369 47.576878 13.346254 18.807867 45.707914 41.826948 40.129098 63.969244 26.155618 3.599427 1.301920 7.639962 3.488953 12.570927 7.657881 18.679012 0.000000 0.427296 10.116571 5.938500 16.775439 6.365626 9.149581 8.251198 0.000000 3.012468 1.612482 9.887552 43.334680 7.410221 55.191976 9.294536 32.607682 13.147510 4.602473 21.888186 31.330708 29.143545 55.669361 35.976972 67.270208 63.684760 31.703975 40.731130 45.594987 25.969267 37.071620 39.871178 29.911522 16.173722 47.244509 35.708932 42.105158 50.129255 26.504522 49.434249 44.772201
7.380322 4.606330 0.960295 3.809393 16.366742 7.682377 9.039675 13.314044 4.947900 5.310612 8.682721 0.000000 1.355684 0.165372 0.364125 0.109925 0.000000 2.604814 8.861427 4.512151 3.708546 3.320205 1.767515 0.000000 0.106117 0.000000 0.107710 0.000000 0.576938 0.118772 0.138487 0.141530 0.101902 0.519133 0.331296 0.159103 0.075998 0.000000 0.185557 0.184929 0.446507 0.771552 0.559273 0.769530 0.314733 0.525232 0.124918 0.722737 0.000000 0.330471 0.314297 0.000000 0.830229 0.124411 1.219991 3.063656 7.413107 2.764516 0.404552 0.404123 1.680915 2.504741 0.348091 1.035343 1.760539 0.000000 1.239251 0.958463 0.312082 0.000000 0.210056 2.095445 0.385072 4.136652 0.413749 0.199421 1.439169 0.510702 0.496696 1.086607 0.000000 0.364496 0.677766 0.479910 3.209568 9.952438 1.802656 2.934015 0.903476 0.583760 0.139027 8.409061 3.599766 2.262489 2.602367 0.638151 3.427839 11.699162 0.466126 1.409471 2.352127 1.996799 0.360785 0.338325 1.427850 1.309942 0.445929 0.288967 14.332387 13.721313 14.049816 6.814612 9.842868 9.704915 1.298981 3.157471 3.338414 4.289682 6.199809 3.675528 1.797969 0.997626 15.166183 7.700565 9.818724 1.427467 4.812638 3.031332 2.240100 6.702706 1.903160 2.861229 2.236083 2.902584 9.509243 12.346725 7.273835 1.898427 1.233004 4.452566 10.492312 3.205386 5.204452 17.294909 11.855499 5.181625 3.175148 2.832437 4.252841 17.581850 3.477689 8.360197 4.548670 6.389954 10.107968 9.655960 7.756921 2.155784 0.385788 0.194776 0.059454 0.000000 0.173183 0.000000 0.000000 0.193840 0.000000 3.959549 2.902937 3.614064 0.350193 3.088959 2.854355 3.012468 0.000000 0.466141 0.111107 0.307765 0.226730 1.264787 0.000000 1.087142 0.000000 0.000000 0.000000 1.303151 0.000000 3.048844 0.543055 0.717181 2.500751 2.761944 3.753613 2.013900 6.863581 1.383535 6.552098 1.753108 0.558456 2.030859 4.838005 0.622085 10.900814 6.246835 4.663142 3.107888
0.627323 2.514952 3.222336 0.337268 1.365628 2.925253 3.960601 0.545312 3.730645 4.828489 7.817501 0.000000 0.206687 0.089846 0.000000 0.000000 0.000000 2.270898 2.380416 1.774418 2.534505 3.235029 3.287261 0.000000 0.143191 0.598632 0.571572 1.366327 1.048044 1.501432 1.765833 1.735476 0.911928 1.365196 1.345974 0.328952 0.614901 0.512616 0.291552 1.030726 1.062391 2.092042 2.929454 2.969094 0.986569 1.942134 0.995996 0.359044 0.261868 1.063895 0.000000 0.420039 0.977336 0.930141 0.318609 0.888400 2.371143 0.990826 0.000000 0.370380 0.200536 0.214429 0.104230 0.108264 0.394125 0.171031 0.577605 0.333777 0.144332 0.000000 0.137110 0.387274 0.000000 1.058177 0.000000 0.000000 0.391920 0.000000 0.343735 0.394767 0.000000 0.153864 0.370188 0.000000 0.366960 0.034765 0.897478 0.453927 0.000000 0.000000 0.000000 0.000000 0.361587 0.510054 0.675562 0.367035 0.622781 0.000000 0.423733 0.612331 0.370717 0.132013 0.000000 0.000000 0.000000 0.143142 0.110588 0.000000 0.847176 1.011939 1.918239 0.442773 2.323408 1.115696 0.088706 1.378929 1.436207 2.358966 0.707550 0.274294 0.136232 0.215505 1.057277 0.451174 2.009290 0.090439 1.241870 0.526958 0.200261 0.695397 0.314151 0.482907 0.329117 0.000000 0.236640 0.951964 1.266534 0.451975 0.313294 0.630142 0.230699 0.434746 0.330259 0.000000 0.692739 1.318348 0.361389 0.530920 0.517128 0.000000 0.102036 0.000000 0.000000 0.806902 1.923496 0.200187 0.931721 0.097832 0.124154 0.000000 0.000000 0.000000 0.231544 0.132645 0.255240 0.000000 0.000000 1.091493 0.955703 0.741645 0.133843 0.990372 1.653983 1.612482 0.466141 0.000000 0.132738 0.562076 0.000000 0.711479 0.000000 0.320194 0.123635 0.000000 0.000000 0.000000 0.377518 0.809062 0.000000 0.645200 0.684305 0.487853 1.386613 0.342972 4.553974 0.313886 1.361506 1.638192 0.106141 1.351186 4.291124 0.570891 4.939335 1.293730 2.075087 3.066563
20.089509 48.532804 31.428295 19.263462 56.952830 74.091348 65.615488 8.273573 40.821005 78.490311 96.307335 21.850288 58.468261 55.138562 51.840012 50.404027 30.943387 4.713647 8.914115 8.827777 10.328396 4.377118 2.791899 22.821893 39.874676 31.980227 38.521187 56.521105 60.203159 70.052795 77.366863 51.252846 41.656066 66.402771 68.547844 13.733852 27.606316 20.484981 16.037127 44.895686 42.636311 59.749334 68.030187 44.005200 22.019577 49.131291 40.020495 7.744771 21.827129 18.775818 15.310505 19.266652 23.359425 21.292808 5.665443 9.470167 26.363300 9.592867 53.181326 65.723583 46.974512 89.353064 44.606581 38.961695 53.866983 49.892976 70.308844 47.583134 35.656836 7.119762 24.079665 78.942434 59.401083 85.376531 14.656812 13.543352 65.687078 55.488782 37.368366 64.205873 33.733865 22.087683 52.007260 36.948616 43.572309 40.673907 63.478234 62.105217 52.758270 56.713107 31.042173 66.208037 52.919433 56.978316 37.453619 27.119286 52.153747 35.420046 63.126176 47.232077 80.910463 66.556368 31.934869 39.026128 59.250826 53.401416 32.631485 24.276178 8.631504 9.206847 18.053176 7.446636 30.721671 14.397158 3.214385 9.907694 11.309637 31.165673 34.286551 5.062520 1.688916 4.858418 17.050576 16.184175 62.441171 3.948150 45.559405 18.177386 11.877141 29.275347 31.672220 37.407397 19.455575 29.560122 52.324045 18.782087 12.265348 15.509579 19.909150 12.009462 17.693675 22.046378 14.035299 42.805141 36.952512 59.544511 16.299249 20.264085 62.221549 52.014150 48.295748 4.782439 9.440438 38.901871 9.842447 8.871256 25.411455 10.734727 34.567995 25.801251 42.375340 22.325664 32.221040 35.574543 32.058645 2.381018 0.799110 2.938788 1.307091 4.180673 0.558604 7.991146 4.449981 9.887552 0.111107 0.132738 0.000000 36.056903 16.016630 57.668397 23.476195 14.001241 14.335270 17.325150 24.180533 49.652400 32.087028 31.145283 14.485995 38.263613 54.175181 6.387691 28.016390 8.798616 34.441446 8.478468 17.158657 11.266693 2.724468 11.097300 16.559738 7.829238 40.781118 25.926695 52.938001 50.513543
42.247339 50.106505 45.266136 31.313173 108.966785 124.691765 106.529185 31.390912 33.639627 52.976659 73.669265 39.519471 62.868247 56.321242 55.255695 48.065816 22.903691 16.986839 34.837623 34.060090 32.657733 6.063713 1.209869 32.136124 46.909004 52.434265 74.212791 78.093186 79.185063 82.475072 87.152742 81.531053 77.594501 68.603328 69.158490 36.839940 58.080593 69.913896 76.640185 102.208772 100.110428 113.761499 121.199466 119.221657 101.565989 97.080824 83.906039 30.365485 24.748691 27.485988 26.336929 32.200120 31.356927 28.913137 21.255187 36.980638 61.814868 46.758410 77.162665 93.087960 67.962204 98.430211 69.999401 61.360078 79.445301 74.956967 80.038079 66.457902 58.868754 65.854910 72.598807 108.868613 100.282120 78.550740 69.199140 63.692939 74.042428 80.998825 59.365423 88.429531 76.536676 70.284386 87.189969 92.803808 83.376055 64.449361 100.275291 111.534119 82.968411 95.825707 84.181912 98.762728 78.875627 74.924735 74.700829 89.078992 75.753902 87.654683 110.879290 93.445989 89.288397 95.381016 92.842600 80.019197 93.312544 80.314225 61.276284 80.085164 35.649376 39.354449 94.263373 28.200019 80.931775 59.112013 66.245925 101.206490 86.349868 115.286823 100.134334 63.077799 49.656047 75.882468 100.740736 100.718251 126.483792 49.692120 111.718078 115.747608 68.035942 116.280190 99.964928 109.816178 86.197779 108.585074 110.322901 53.373111 72.336380 81.746152 101.598803 107.872751 102.387099 99.987150 102.871496 112.055098 80.997317 108.017226 86.993680 107.480588 98.257836 112.528611 124.849050 26.699492 67.950357 90.896924 49.907781 54.339204 95.944655 61.330493 34.874296 25.543221 41.233728 26.526932 37.420086 37.037554 43.240429 2.896613 2.346563 10.836707 6.844032 27.364275 5.387152 39.290359 26.108748 43.334680 0.307765 0.562076 36.056903 0.000000 46.396682 33.044662 36.835717 37.082686 28.640527 26.714117 46.463957 36.387111 52.387606 49.879007 30.940851 38.116094 40.749395 28.308979 61.368886 34.542289 76.027263 54.699819 59.751894 45.256374 23.276564 53.208672 48.835947 62.043949 86.758176 81.693884 78.940317 70.425750
32.657398 53.880008 43.002051 34.984046 78.943227 109.924487 85.698645 13.359668 61.777316 89.850256 110.040393 22.916001 50.597940 45.297618 38.225297 40.811171 21.556355 4.256227 17.634869 13.707438 11.587966 2.739886 0.570328 14.039366 29.198754 22.406810 24.568255 40.053052 45.416324 50.824117 50.912534 32.078347 25.082761 45.989723 42.089084 5.640694 12.388889 12.563199 8.605570 27.168187 23.301578 35.984590 39.848945 21.074284 12.381451 26.924318 20.078286 5.163901 24.436438 17.173556 23.285562 33.212011 40.390070 32.737083 3.860071 5.888274 29.459517 8.748417 67.261336 77.407562 58.030551 88.513381 55.488841 51.565003 65.302771 64.640730 69.900693 62.338156 52.799671 31.376738 55.897430 93.713737 79.846712 81.706352 42.754025 36.066446 75.234679 70.178911 55.182115 77.236428 65.925660 62.506793 74.508158 75.639519 72.870477 52.963283 75.032098 86.111787 70.247513 81.785583 70.574118 86.108418 71.741675 75.692566 53.390057 74.252338 78.257470 62.572404 86.785282 70.407934 82.294906 84.002536 73.521455 62.071077 81.614886 69.245272 44.349746 51.450902 17.107055 18.411738 46.872774 16.166083 57.963517 32.082087 16.967824 25.520588 28.569494 68.635779 70.486286 20.248031 10.881757 18.329888 49.065242 43.018986 101.879023 14.630976 84.410644 57.345075 30.563054 82.333828 65.255448 86.404841 48.111451 82.014196 96.192201 31.391107 41.285614 39.450246 69.529138 60.547513 54.360402 59.858778 59.640130 83.461378 53.981603 91.433435 48.516939 77.959202 87.146917 88.149922 100.669414 14.584927 40.001343 73.363327 23.483294 27.669646 59.862751 33.531509 39.002326 27.585895 45.303547 27.816823 38.597918 39.025026 43.922676 0.952385 0.384471 3.828483 2.528717 5.846401 0.734306 5.991894 3.704496 7.410221 0.226730 0.000000 16.016630 46.396682 0.000000 52.936348 31.282316 18.091275 18.446602 18.238575 24.265956 46.487683 29.246154 22.982862 27.812919 33.712987 51.140649 11.867698 41.127100 15.725121 44.957863 15.119467 30.225888 18.203265 1.495748 23.473030 24.171838 22.354355 63.694703 46.322890 71.409665 59.117570
59.167593 20.615920 44.769115 44.471029 114.618289 132.222039 112.429007 39.290365 24.716431 47.070311 71.344050 22.748455 27.937316 26.624310 22.834803 11.781396 10.635326 35.852597 67.054893 63.927827 58.173408 18.542038 5.189397 36.505662 52.777342 48.558491 66.399921 73.985216 80.603472 88.995759 90.631032 85.836576 80.770240 80.385995 72.896931 40.154956 64.205674 71.725781 75.796241 95.576404 96.790355 107.914837 114.860130 108.743069 98.738510 99.536151 85.398936 34.158253 41.897118 47.605620 37.717030 36.632841 41.309453 46.953104 21.940985 47.595855 79.652291 52.968512 78.746932 86.010183 81.574041 82.284532 70.674510 74.326694 80.468338 85.033408 86.569295 67.161416 42.567606 57.719882 94.120083 81.427574 75.684795 80.547982 65.003911 63.322124 81.444450 114.711239 65.123185 40.506669 101.780995 70.992703 115.919334 114.706031 103.892185 49.451783 61.797608 93.170645 82.274746 138.179965 120.831485 101.530062 80.955731 83.932407 69.685043 115.749741 78.824138 59.719995 76.718247 81.489336 81.183824 118.453000 131.936788 67.223050 110.325829 74.930790 53.716228 79.691823 77.861924 77.787219 120.892787 75.362788 113.186925 100.217993 44.457860 105.510314 86.012913 140.859485 121.949891 68.195761 31.700975 58.496382 117.004274 106.315243 134.605128 43.729454 119.527214 125.803477 69.021563 124.044066 104.647279 129.664990 85.478228 55.052679 108.167304 33.609227 98.234936 87.188564 48.577947 92.298458 115.097845 114.431337 83.488733 43.908659 84.753905 121.047911 90.711470 91.232163 108.232258 52.804064 94.909949 18.695644 28.939806 112.265604 84.970471 86.132365 122.658209 75.836632 30.338752 24.551855 18.541917 18.277470 20.518970 19.828156 26.716256 5.983969 6.563985 28.560042 18.368016 52.576098 14.494101 55.336246 39.758283 55.191976 1.264787 0.711479 57.668397 33.044662 52.936348 0.000000 44.408386 46.643906 13.543165 38.285666 31.268327 16.529141 27.248117 28.571601 55.144852 44.698549 26.562335 39.891771 70.632781 46.153926 95.217215 47.168457 60.812156 69.190812 18.667233 69.868306 75.920828 75.116097 96.442672 87.477017 92.517863 82.196320
39.416775 45.841600 38.125073 32.534262 110.165978 120.771524 102.921319 6.819718 42.283607 62.961023 83.720032 19.443980 51.677795 45.867081 45.370557 39.641805 16.848449 3.368507 8.971385 8.429637 8.868485 1.120182 0.352546 24.313186 39.817558 43.544592 53.800424 65.460569 65.423444 70.384118 77.690210 64.818080 57.616902 62.290229 66.556063 13.704304 36.016822 34.405887 29.524577 66.891434 60.863251 81.694026 86.133784 64.419149 36.561301 62.969870 44.320945 8.429201 19.743801 19.572502 17.175527 28.158464 29.913335 28.650079 5.570897 7.955794 29.214211 20.398351 58.352031 74.388013 48.981254 97.129141 45.896739 38.702161 57.605958 82.233458 85.561402 67.287296 59.624256 37.666648 67.556515 101.976783 80.517531 101.034679 37.013031 32.674633 98.623768 78.596260 51.978109 81.011655 69.060072 91.348790 82.005645 82.544606 77.492388 64.898805 68.566490 85.536716 79.704613 83.879142 80.263263 93.026945 66.994780 88.251636 80.891463 79.740530 102.684882 75.081259 68.477075 62.769691 104.433162 88.730389 78.769108 72.081041 85.476038 74.686390 32.404954 34.162437 7.692302 10.600930 29.233823 7.019280 34.218025 15.717997 18.337949 27.816897 22.130590 86.929357 46.470234 12.642580 12.359261 18.362072 34.822988 33.038997 80.518979 7.826384 66.059877 76.903917 19.591203 87.803104 85.143572 97.495501 28.240365 101.209460 104.851364 44.033890 19.644919 26.459771 88.571490 77.450554 41.879794 44.089522 77.337946 109.770442 65.239901 78.746439 34.348639 93.361856 86.004816 106.828437 115.673210 20.288907 54.811243 46.986656 13.258223 9.512744 37.566348 19.420094 29.766693 20.287699 40.666200 22.302559 33.796125 35.617690 38.716628 0.642758 0.481268 1.156908 0.277445 4.316326 0.768052 7.975944 3.385398 9.294536 0.000000 0.000000 23.476195 36.835717 31.282316 44.408386 0.000000 37.261085 20.271278 15.460164 38.262018 37.492674 47.494639 40.679071 31.375442 40.943475 47.459180 6.207363 56.071504 13.173983 39.933588 25.851473 51.893461 17.817018 5.530313 27.350493 22.672455 19.625763 75.814229 71.653356 91.229319 65.276974
40.339210 49.113337 39.699940 32.765605 71.001889 109.122257 84.553967 30.485158 39.265201 61.569312 85.103049 43.525754 61.195921 56.394760 49.546618 51.804017 36.990940 14.820394 31.624141 37.535673 38.440483 18.208788 7.377651 28.953810 46.386067 51.622560 71.465173 80.451476 80.769185 82.657526 90.245916 80.077877 73.870117 70.874137 73.429429 35.400667 53.161715 60.360124 62.721082 96.313762 92.459843 113.347882 120.656362 108.163356 86.759664 92.253883 80.240129 25.154997 27.878480 28.088728 26.113171 32.344121 31.492614 30.909632 19.226318 28.764472 45.041419 42.882723 86.505930 97.365269 78.296901 110.931693 72.992638 68.073113 85.212481 83.169402 86.971267 92.060339 76.900240 59.727851 75.617754 121.642531 109.539128 107.130858 67.240428 58.770788 101.325705 81.651777 77.375998 88.822811 73.721890 96.724880 86.741788 88.135059 82.477045 72.109407 87.969979 119.549345 101.199998 89.667673 86.531709 97.594361 94.611615 103.129032 90.843804 85.350445 113.005433 93.663245 106.311908 99.137498 110.237658 93.843519 87.914991 81.927155 90.969254 98.816858 60.602712 68.477131 26.807447 33.751586 76.297271 23.602790 71.760613 46.687605 45.926543 74.045711 55.622019 106.699628 91.263190 38.642902 31.577250 46.742976 80.914045 77.512063 125.326192 26.755783 105.395815 103.949520 47.370259 114.197365 100.099030 108.067021 63.141980 119.366319 111.201504 72.443951 51.636157 59.845439 110.931416 100.310693 80.564466 88.422042 99.210024 128.080226 81.601324 114.466145 75.612817 111.220873 114.246656 124.429899 130.627258 46.184911 80.309774 89.332969 37.090699 30.853605 82.691567 42.074185 47.257832 36.066093 47.159747 30.663686 40.653903 41.809855 42.414080 5.705444 1.861571 10.500102 7.958012 26.821297 5.551274 31.239898 24.591554 32.607682 1.087142 0.320194 14.001241 37.082686 18.091275 46.643906 37.261085 0.000000 35.310933 29.555404 31.881973 38.808183 46.618049 28.121167 28.182319 41.330767 46.293763 21.714343 65.531735 30.608038 70.178485 48.795537 35.080311 36.697470 18.990035 50.341390 45.476046 50.682620 75.625066 68.014146 85.057615 70.511817
50.354615 28.310465 48.386564 23.794457 68.052510 95.931431 78.482376 8.837323 20.687345 45.078519 76.447101 16.750981 32.133066 25.094078 23.115399 7.444718 2.443489 5.975093 23.572161 18.640050 14.047339 2.426758 0.869484 15.084564 26.831621 25.556181 34.499361 54.080537 53.265139 55.273816 65.894593 49.931197 37.433367 48.813875 47.374829 14.498087 29.276875 32.197737 25.575149 49.007701 45.916015 64.527505 68.272747 51.463329 32.375266 53.348100 39.560275 5.152046 11.972531 18.093151 7.555118 32.175128 41.267327 25.669498 3.240725 10.468691 35.394976 15.181315 67.512859 80.024167 65.803057 84.909404 57.940476 53.674706 68.884346 65.776916 76.370464 58.568228 40.804873 28.171862 48.470055 83.914673 75.404670 80.795849 33.557978 29.092138 72.756636 82.195891 48.413509 51.258394 47.422289 39.970463 70.075085 38.232810 43.382930 28.452851 65.217560 82.435276 68.026030 65.356041 64.154574 32.086667 67.298814 69.880963 44.525472 46.353196 60.438205 14.040509 79.329429 66.134904 79.522137 55.569022 72.373087 25.608134 42.418650 63.424664 40.559305 39.265119 18.935489 26.900543 49.833608 24.904140 60.849732 37.071637 10.896095 23.898304 26.821757 60.810150 66.173432 15.874499 8.354461 15.217391 42.095795 37.344490 98.561730 16.679872 77.374303 40.642896 27.849016 58.552152 59.783268 58.057696 39.334594 14.685278 36.059788 13.106735 39.302958 38.145770 11.148896 27.796311 47.057071 52.525742 19.550934 12.059912 55.934351 89.242637 40.806368 22.124440 84.034993 10.748114 27.735323 2.410485 7.053048 68.323917 25.494024 25.751340 57.035182 27.802917 18.939593 12.536069 21.957033 12.359077 20.046022 22.088242 29.448032 1.477969 2.462700 5.910432 2.529365 10.480157 1.435263 12.702233 6.862104 13.147510 0.000000 0.123635 14.335270 28.640527 18.446602 13.543165 20.271278 35.310933 0.000000 10.167867 26.310353 17.878229 29.745360 33.717883 44.757484 43.199832 24.872488 6.249194 40.782910 8.810514 60.701655 15.051839 31.284452 30.872725 2.770467 30.437333 37.415279 27.565408 64.129434 36.978603 59.873016 55.613502
34.130980 37.503238 31.691035 17.034253 65.420884 57.218296 65.725011 3.408793 32.513296 54.410155 71.036073 6.201001 11.358597 10.917259 16.197949 10.007952 4.204650 0.814414 0.881101 1.856551 2.386887 1.224888 0.069053 21.805698 34.981790 34.809759 45.137370 55.438335 57.819196 63.095105 66.214018 57.771428 47.933335 55.945913 58.800669 13.007235 26.352910 29.543883 24.171406 49.856735 42.563294 65.393528 72.206781 56.568895 36.196155 55.058629 39.054147 5.439382 11.928451 13.280087 10.489605 13.921868 16.933826 16.486746 4.629821 6.416016 22.271896 15.772770 8.727131 16.746011 6.631805 34.237070 4.816104 4.750645 8.490233 51.546885 70.323001 15.222574 21.234883 11.226863 32.887935 29.766451 18.883064 39.709763 10.855311 8.009026 43.828889 60.726544 10.942724 29.781694 42.454990 35.068152 60.469122 46.637378 49.324450 25.783621 12.792197 17.532539 17.790029 52.045399 34.391254 57.284775 11.861046 22.601470 28.704420 44.017057 26.850478 28.881141 10.827321 10.844419 48.005943 66.539232 36.706835 33.974971 55.580408 16.527354 4.167803 3.745594 1.765997 2.172265 5.642292 0.763607 3.341120 2.374309 5.076927 10.181285 5.425000 49.279570 6.347606 1.374421 4.750139 6.224269 7.107127 6.176695 15.374737 2.158410 13.327807 36.198484 4.160936 26.940295 30.958651 57.988161 1.775846 37.976923 60.994988 11.991884 2.792439 4.869483 29.416937 32.585485 5.133193 6.415477 28.672675 43.355253 18.869011 10.910132 4.135449 39.410846 14.356225 45.809954 62.870538 2.388985 15.147765 5.135643 1.808795 0.227138 4.795179 1.164630 6.460123 8.720452 18.870761 11.925645 18.587681 19.521378 18.629659 0.169853 0.180922 0.570043 0.296332 1.149507 0.413795 3.972596 1.921700 4.602473 0.000000 0.000000 17.325150 26.714117 18.238575 38.285666 15.460164 29.555404 10.167867 0.000000 22.824771 22.476854 23.912744 45.976656 21.603016 32.824296 43.254512 3.002586 32.827670 1.570601 21.004702 8.325260 27.407902 6.142499 5.154481 6.211245 6.398374 4.332004 19.836663 34.750489 52.157253 42.993641
42.426696 53.418045 53.502773 43.781430 107.286045 128.381782 111.531507 12.075917 38.665687 63.080628 94.205795 34.231189 48.992837 42.992843 36.454532 36.215907 17.403593 9.440178 31.968420 30.563934 24.615621 5.084766 1.121115 24.186231 37.632303 35.796206 50.461745 67.838500 65.812151 72.715572 82.434407 63.604741 53.355357 60.498243 68.206905 20.913539 36.044318 38.926010 32.660317 68.109697 60.087548 86.069943 92.936799 65.737244 42.280314 67.723597 50.361220 10.784578 28.697349 29.215882 24.088942 44.214817 51.810472 41.041379 6.621426 17.390757 48.055798 19.301678 80.246272 90.578719 75.102014 91.381801 73.427786 67.830524 79.071475 71.271517 75.236284 72.485951 62.660996 58.191709 70.583799 99.043677 90.065101 83.648002 63.406554 58.145245 77.840057 78.267084 62.801050 75.025337 74.021473 69.240102 83.987921 89.521739 81.546339 63.784363 88.786373 106.269334 82.695717 93.318777 83.903004 100.201198 81.194096 81.475974 72.917534 85.569197 82.161123 75.729072 100.754429 87.238963 85.747076 93.789826 89.426074 79.010326 93.487368 77.174610 59.588232 70.297486 41.699011 41.154295 86.094937 35.782825 88.233959 65.958183 39.201127 52.113777 61.122391 96.676314 103.235369 41.491199 28.181550 45.467036 85.234221 80.398041 128.466749 33.161399 108.380366 91.354645 57.952622 113.146688 95.732371 102.405476 77.945223 96.814779 108.855180 39.487224 73.820604 78.485561 91.692724 92.008996 92.254528 97.643376 89.298557 98.448324 79.901512 113.831713 78.570358 95.628153 104.975987 106.570910 118.704976 18.926314 56.668348 98.429429 48.542684 56.523174 96.685051 57.848106 38.855214 26.688530 43.867665 27.503994 40.270682 40.925244 48.313505 1.370552 2.075842 10.228047 3.954332 15.905112 3.435536 19.830015 11.705104 21.888186 0.000000 0.000000 24.180533 46.463957 24.265956 31.268327 38.262018 31.881973 26.310353 22.824771 0.000000 29.903379 45.907506 29.534642 38.952254 43.842986 44.510791 12.880045 57.841374 22.139128 70.290324 33.174293 52.583843 36.183690 5.021310 48.391848 46.747515 51.245907 87.157154 72.474362 87.616769 66.381246
58.371038 30.742083 59.592267 51.236897 93.456267 118.162057 106.876911 16.445223 27.580777 55.350963 92.341704 21.700657 28.623629 26.139805 22.794176 14.259264 12.301167 17.572656 44.607316 44.091224 33.201503 10.253747 2.888231 21.002179 32.354178 30.849865 43.113308 66.203828 67.905668 71.587778 78.595240 59.043693 49.451624 58.924118 59.175093 20.571402 33.651545 37.513058 33.281309 66.300517 61.215752 76.841955 82.985679 65.790744 40.675881 61.267714 48.250751 10.810640 25.305036 29.922980 23.512219 44.946193 51.687957 43.570630 7.339313 21.327358 56.490378 18.888335 79.296815 87.309443 79.556417 84.467974 70.129671 69.307021 75.598939 85.687998 86.368814 77.549564 65.260531 41.738707 80.155420 84.501952 79.563495 82.962923 54.067948 50.111081 86.773123 97.374707 64.580765 46.509103 84.572620 73.151622 97.739478 98.379548 92.169224 53.474130 60.968650 89.396206 81.909603 118.398522 102.564101 90.310053 78.465716 85.670981 65.588694 96.816785 81.248579 46.746986 76.707503 82.536278 83.316488 105.836981 111.013649 62.266606 97.776223 71.860281 56.477967 64.942428 52.290494 55.119270 95.096854 53.455726 98.408816 75.089527 24.229985 39.767901 45.701520 97.322529 102.856219 31.406912 15.452952 26.653050 84.900629 75.033903 121.165125 20.240064 101.380024 75.914726 46.034697 103.338367 91.614462 101.897328 68.534523 58.787188 97.938108 29.796721 74.005022 64.178030 46.213091 67.810550 90.064616 86.904031 60.200299 49.163363 76.038008 113.599163 73.119848 70.368981 101.030693 60.341283 86.216762 11.277889 23.896503 96.493622 56.583818 63.622383 96.157158 56.385062 33.659328 25.992129 26.198163 23.767015 29.065008 27.255513 36.756406 5.146355 6.241063 19.173104 10.295216 26.938017 5.145761 26.743981 20.674234 31.330708 1.303151 0.000000 49.652400 36.387111 46.487683 16.529141 37.492674 38.808183 17.878229 22.476854 29.903379 0.000000 34.963969 25.147338 53.043879 48.747681 31.312086 20.142223 46.147588 29.458909 74.772455 27.518635 41.484739 46.272322 5.878429 48.181874 53.575059 50.070174 79.208993 56.950462 69.966385 60.651476
41.432054 51.947270 55.657061 50.175235 113.610870 131.608785 125.436753 14.109176 48.557400 71.610080 98.485173 35.434766 44.982092 39.045057 31.352276 30.976226 11.473378 15.727806 42.050174 37.983310 31.577886 6.612027 0.981531 28.195784 47.460331 45.961690 58.714931 80.058117 76.231723 83.163788 93.079579 79.476807 63.913521 75.418666 74.686144 21.607074 45.569167 50.951128 40.834760 81.119686 75.304795 94.694591 106.447844 81.022675 48.560809 80.288929 60.593397 10.783646 29.810895 30.460064 23.443884 47.758936 56.448929 45.884335 6.935715 15.420264 55.919882 22.445425 74.455769 85.510099 71.940596 83.011739 70.838398 65.691666 73.465655 67.996511 71.845294 56.905415 53.843470 57.203595 68.965798 88.728099 80.337542 69.360384 59.937988 53.367911 66.485064 77.727415 52.637346 74.338950 76.309779 61.733295 84.792813 94.928303 84.572468 62.434355 90.457341 93.230008 68.557074 99.022297 82.960594 102.341321 70.262051 66.994693 53.762102 88.652090 64.185038 78.868964 96.520230 75.733468 71.048724 98.002892 91.864404 73.731710 98.925919 65.469821 60.769080 66.056643 50.852049 52.930414 97.751734 43.519154 95.488909 75.744026 51.151724 67.216589 68.685050 97.439875 104.082925 57.887523 36.144165 57.598299 99.002089 93.376419 118.762281 43.634680 102.602534 96.259772 64.455989 116.858249 86.902352 105.530376 79.686595 93.921691 109.580706 33.983856 80.789704 80.319370 85.069611 94.549230 101.643664 100.321144 90.052254 86.520817 67.356921 103.974884 84.424983 97.827635 91.646642 95.265923 114.024096 22.577397 54.307785 92.876103 62.040184 72.455547 100.417153 69.476234 39.220591 24.734071 39.848746 25.997797 36.721909 36.806424 47.187955 1.393006 2.165537 16.156086 7.283518 19.165454 3.596378 23.932869 14.751451 29.143545 0.000000 0.377518 32.087028 52.387606 29.246154 27.248117 47.494639 46.618049 29.745360 23.912744 45.907506 34.963969 0.000000 35.137390 47.919842 45.579172 44.738237 16.252184 74.836015 29.394199 84.768526 33.596995 63.859102 51.908691 5.126124 62.418775 61.732001 56.413237 97.139777 78.302003 104.415657 86.940715
46.993190 45.177407 54.802416 50.841253 115.099873 139.791701 131.570573 44.216082 49.965638 78.400954 110.176416 34.043420 36.097723 25.958219 17.763271 25.718432 21.403332 42.146096 64.055145 58.823768 54.974200 27.062144 8.227418 35.593115 51.666776 51.881993 73.390841 99.525527 93.838712 96.724784 108.531953 96.076227 80.876973 88.287725 89.694286 32.263981 54.069749 60.910788 57.002047 105.173239 99.548440 116.087507 132.513814 109.733905 83.152316 102.130999 85.542251 30.067139 44.365328 46.823252 46.452499 50.345118 55.282003 51.242326 17.620054 42.234831 79.549980 52.270284 80.946418 87.598116 81.847841 78.612309 61.414846 39.590051 70.210933 78.423251 81.129348 72.185859 70.124360 74.559753 78.514581 85.795391 82.761799 73.917683 72.439272 67.836124 81.823674 84.825344 65.938736 62.301698 80.607462 80.434290 90.041377 95.900312 87.873700 85.998501 74.821480 92.647759 77.510231 99.751565 92.995703 108.815929 68.995920 80.458284 60.883789 91.317302 74.190560 111.724912 89.193405 82.600383 78.681066 100.222876 97.294937 91.097344 102.127739 48.471282 59.631189 81.389515 82.171570 78.865052 118.851217 75.786498 80.039600 101.932071 77.701004 98.592051 90.624042 109.268157 127.326533 98.536005 59.131759 83.342679 126.906268 123.996412 120.966741 64.179312 114.112012 120.485272 89.405828 140.176276 95.225515 116.184711 107.459049 132.074964 119.692246 95.174720 123.032024 98.916351 131.969543 123.470396 139.665899 119.933697 126.473973 142.097326 78.302439 110.543835 108.754762 127.124196 100.847426 134.418710 140.584568 68.157686 104.149510 86.080743 93.920080 111.725507 134.249862 100.749971 47.724282 42.651766 39.292392 40.745356 45.477466 40.570465 51.607674 11.386632 8.192136 40.186058 25.878429 53.377480 14.087549 55.816980 45.006332 55.669361 3.048844 0.809062 31.145283 49.879007 22.982862 28.571601 40.679071 28.121167 33.717883 45.976656 29.534642 25.147338 35.137390 0.000000 42.026298 44.027216 44.014645 42.424216 83.702436 64.929495 96.664793 74.915700 64.719724 70.864832 20.696123 80.511641 79.853242 87.444386 74.458862 102.808842 112.118854 89.709740
27.730537 32.045765 24.254151 17.872656 113.569586 128.475506 104.560365 34.478495 36.602269 65.016093 81.610927 48.171502 68.932258 64.340424 59.240653 58.642675 41.379272 13.311153 21.979072 28.246756 32.399151 9.664994 4.954289 41.408965 58.219504 67.353242 84.922800 88.866626 89.325063 92.179360 99.023989 92.934312 88.022985 77.946463 79.766526 38.970442 65.266541 78.592399 80.746185 101.164034 94.705204 106.075000 115.798381 116.535703 104.319970 93.730556 84.447184 31.242383 20.138039 23.392416 14.688373 18.006349 18.364231 18.360445 24.324556 34.260315 50.479438 51.873768 88.833692 104.357019 80.764734 119.169570 75.658124 70.908477 88.963505 90.930128 91.857889 99.681559 80.965184 61.438915 82.047444 130.139415 114.877771 112.824742 70.839578 66.247652 105.361745 80.444627 84.067202 89.249064 59.837568 100.438693 79.424157 72.640981 67.848222 57.558320 95.207057 129.699365 107.040274 73.463908 87.841875 82.447120 100.779351 109.788130 104.554463 71.783191 118.050356 84.220145 115.176661 108.330728 116.735139 78.235342 77.651260 66.590290 75.647311 109.664576 63.403765 80.180374 24.990215 24.965600 75.595624 20.008971 72.166042 42.899156 46.644455 98.089383 68.977973 116.745452 98.096262 49.130746 38.644640 54.634293 93.835382 93.792952 133.202221 26.768577 113.366883 114.975631 60.181785 115.573811 115.127086 102.486880 69.100306 114.608914 99.888301 79.678601 52.466723 64.590007 112.949520 104.553803 91.548082 101.961459 103.805935 128.697235 106.850871 120.712583 83.728078 107.401389 124.639898 115.915996 122.185982 56.870612 90.200835 97.036982 37.332041 33.204357 89.848421 49.431197 40.501851 26.422159 38.901402 20.374233 28.953572 31.481998 28.685112 4.224542 2.021690 7.114659 6.032947 16.837700 3.712522 35.560146 20.059460 35.976972 0.543055 0.000000 14.485995 30.940851 27.812919 55.144852 31.375442 28.182319 44.757484 21.603016 38.952254 53.043879 47.919842 42.026298 0.000000 28.402118 46.028540 22.403145 82.106135 41.701374 83.810412 66.131390 65.199824 42.252699 26.453157 67.352288 51.133809 58.909470 104.397913 85.004171 84.564593 91.322524
33.922199 43.588982 41.432032 37.541243 109.522690 125.916821 104.115296 58.770430 39.748722 58.585643 75.974338 55.428410 62.911245 57.194866 49.609333 53.227256 39.362923 32.716626 58.404819 57.562792 64.511819 19.244936 5.653766 45.800266 58.808071 63.910035 83.530469 85.073136 87.532968 92.991035 94.906667 90.308864 87.869868 76.857436 76.350293 49.477699 71.473860 81.968563 92.299139 102.259828 98.778970 109.421969 114.949773 113.938318 110.160664 94.020952 84.867971 47.931799 30.614275 36.784881 32.385021 37.020878 37.737786 31.845728 42.807886 59.011822 73.289720 59.264256 98.069936 107.693890 88.008083 111.490653 90.403203 89.252922 95.972831 69.200237 73.907138 89.715381 64.180599 60.827914 62.564486 121.160868 111.503106 98.725168 67.549177 65.468442 87.511125 68.436208 76.827536 85.911757 62.165257 73.522700 73.103784 80.027193 69.783222 76.155781 108.211666 126.986059 97.809947 81.716787 70.027733 94.422209 100.775377 96.490464 89.595895 74.408130 100.543416 96.790358 126.825672 111.687455 104.774713 83.551834 76.413449 80.723338 87.178594 101.183292 84.235140 104.515448 61.396617 62.945888 135.106613 48.777930 111.782858 90.234960 84.111316 135.758247 123.734369 111.992205 131.782752 97.073703 74.664292 102.774448 142.700973 142.853613 151.387231 72.452404 132.515016 123.210709 92.001685 124.700515 104.568381 104.844227 108.807800 121.578751 102.010305 89.056655 106.089098 114.181906 118.475356 115.861722 140.774031 141.255887 113.228135 134.570079 94.267365 132.976288 119.494814 114.188230 122.102800 121.840479 126.319443 70.807264 99.066921 119.850267 88.629024 77.016978 134.005366 92.168838 54.173177 37.324542 50.022071 32.679568 45.825966 45.498079 50.476138 4.471473 4.461909 18.359520 14.464584 47.497439 13.281506 66.103482 48.261762 67.270208 0.717181 0.645200 38.263613 38.116094 33.712987 44.698549 40.943475 41.330767 43.199832 32.824296 43.842986 48.747681 45.579172 44.027216 28.402118 0.000000 41.802209 53.999509 74.472646 69.088755 99.181237 86.450175 81.556819 63.111340 40.459238 85.818542 70.705128 93.275465 111.818530 83.962014 76.688661 86.765381
33.367971 49.561362 55.484366 51.045021 106.586762 126.187511 114.145527 51.653836 36.021103 56.571111 81.026847 40.240530 51.859774 45.719812 38.084893 41.918576 23.209693 35.534837 68.347145 65.478282 65.050589 19.094432 3.513364 41.573219 54.227305 56.729558 78.172758 86.265994 88.254323 92.050495 97.214955 92.753731 88.639691 81.268713 79.251838 48.893430 68.164453 73.306142 83.381153 108.019660 107.268436 118.480103 124.854916 123.293345 116.082739 105.601781 95.188156 49.119157 39.376197 47.997631 39.286356 47.098339 49.220913 46.252874 36.028343 55.636745 87.238300 68.307224 86.398438 91.834767 80.665696 86.965760 80.526950 79.485887 80.120434 62.228159 66.209856 64.364243 49.404016 60.898582 61.399761 96.452548 87.167554 76.664505 58.858945 53.590354 69.689211 72.974298 60.384349 76.108754 73.581965 53.661887 81.828242 95.153309 81.517395 73.856552 100.847774 105.362047 78.073590 96.712278 78.535196 110.369344 79.140755 73.900660 68.956014 88.659644 71.645582 105.593515 107.649152 88.924174 81.867261 96.589565 90.677447 95.040578 101.915454 74.073491 70.458529 85.386296 77.346972 75.829993 130.586814 67.856762 112.644161 101.898253 83.610918 130.160051 111.747001 118.512209 124.578101 93.475031 64.387409 102.958226 135.034332 130.400661 133.999553 71.606794 119.373204 130.787234 88.507543 133.643159 100.125152 114.062227 103.132814 119.178162 113.143897 65.081316 115.365329 102.016621 113.771754 120.477123 132.753552 130.357531 119.894286 118.979533 81.738413 116.794361 109.411525 118.967861 102.053996 121.620853 127.750822 45.936969 79.973969 108.958630 95.848364 97.852603 128.765731 92.969576 47.656303 32.241314 40.729180 35.227992 43.180546 42.703161 46.350607 2.612360 4.298018 26.425157 14.703742 49.216967 15.148457 58.506060 47.142700 63.684760 2.500751 0.684305 54.175181 40.749395 51.140649 26.562335 47.459180 46.293763 24.872488 43.254512 44.510791 31.312086 44.738237 44.014645 46.028540 41.802209 0.000000 50.790576 66.578494 64.034071 87.424486 63.172319 63.995828 61.389805 33.678037 68.212024 64.390044 79.716174 91.512644 91.953094 86.605329 73.982232
39.877176 79.146580 69.998665 8.851702 22.754810 51.022487 29.373148 17.864399 41.356543 80.496182 96.844730 4.341740 14.297236 11.509865 15.860371 6.428184 3.748310 28.311264 57.424572 59.496655 54.468481 51.660715 38.150234 8.368851 27.003038 22.145759 27.876537 53.758851 52.942659 59.368537 63.579313 38.426541 23.470064 47.423326 45.967140 29.216298 43.458464 36.763942 27.639621 54.374074 57.041885 76.088530 79.406015 53.955786 33.493184 62.757201 59.620257 20.516357 12.246272 21.732920 8.450532 10.839697 26.366255 15.342281 14.118057 20.810865 23.438600 19.984428 7.223482 14.531303 10.714342 28.804550 8.229179 14.537570 21.704596 9.099225 33.144345 31.367068 16.246772 2.070560 3.526569 27.278954 8.459559 54.242251 2.977603 2.786756 33.550704 17.639391 14.599904 27.475896 14.743678 23.764128 28.708149 28.131466 48.149787 16.184746 17.657129 26.268524 19.853212 26.068384 7.263490 48.355732 49.248324 46.081784 22.544441 10.827226 50.235328 42.564778 22.783373 20.840312 37.649049 60.711188 9.159549 6.040901 20.049526 30.249716 9.634993 7.116797 50.557475 50.032648 74.212770 38.721605 50.671335 56.118539 14.016328 46.800292 37.450326 73.840328 46.357569 16.474039 9.126753 18.862654 64.565040 57.644889 81.807045 14.615671 60.997889 62.467030 22.505269 61.491327 37.033474 60.551051 32.900927 48.430346 49.059602 49.209775 52.434339 33.346922 50.056612 39.303522 48.543802 53.213293 39.364704 71.971427 39.937914 53.748291 34.167225 44.762680 43.681927 51.612958 66.491883 43.692565 42.942363 45.460546 38.392910 37.562476 53.211270 21.453398 3.253897 2.411005 3.892171 3.796420 5.999272 3.325884 11.229639 0.159071 0.000000 32.275605 23.150924 46.291438 9.134854 34.298409 37.918405 31.703975 2.761944 0.487853 6.387691 28.308979 11.867698 39.891771 6.207363 21.714343 6.249194 3.002586 12.880045 20.142223 16.252184 42.424216 22.403145 53.999509 50.790576 0.000000 35.625854 16.002778 57.250472 18.234467 15.526739 31.207486 14.332858 24.263376 52.364992 26.405108 36.729711 14.751868 39.567060 55.347501
109.405497 113.023585 100.243412 32.169214 35.970286 53.454083 46.659220 35.673071 31.993281 53.426537 74.589279 24.252847 39.341704 34.561770 42.051944 8.489156 4.010964 32.935246 53.327462 49.851614 49.228553 42.332686 22.139455 33.137686 59.941564 68.587912 93.325377 106.463726 108.706566 112.385299 117.915163 111.213721 101.627617 93.315882 85.880498 34.401732 46.364741 52.090105 64.753114 80.265927 75.296009 84.185566 90.163670 89.195870 85.336516 73.954325 69.529786 26.023439 36.175810 36.590012 29.832747 50.938945 64.391370 61.218950 26.489394 37.673546 37.121307 29.063917 38.078950 63.322894 32.130351 112.080646 26.918067 42.104154 64.132383 96.877813 108.937914 87.221572 84.530847 43.634913 66.470094 106.113915 71.778780 121.058308 37.922298 34.100063 108.422736 108.095884 61.056927 107.330367 103.152086 103.674802 104.758700 105.944561 105.430545 54.005253 65.968341 87.964759 79.060492 106.936659 90.219015 116.529034 94.217961 106.843780 84.621349 96.025803 109.498634 103.516360 74.879334 70.829799 112.344747 126.035888 85.463292 41.588726 96.815739 86.389426 38.337700 35.892901 73.332343 69.933884 98.193294 55.889895 69.364608 82.013301 73.402367 73.596595 62.917765 73.649994 71.406876 63.956044 68.046236 72.971871 115.421366 111.253689 84.697570 64.579530 70.163494 78.414524 64.252515 78.715548 52.337555 79.419740 83.047945 94.402981 79.001983 71.567435 110.061448 77.081849 95.038378 83.529134 117.221541 105.084782 90.632263 97.844376 74.513960 75.754636 96.811598 86.782967 76.832414 87.091710 93.432503 75.013707 85.447647 75.526386 92.756134 90.377176 100.018584 78.716213 10.797984 8.031523 26.924713 19.250982 33.148074 28.621039 47.334817 0.230027 0.873878 32.652403 22.132844 39.557190 15.642456 36.996189 37.119754 40.731130 3.753613 1.386613 28.016390 61.368886 41.127100 70.632781 56.071504 65.531735 40.782910 32.827670 57.841374 46.147588 74.836015 83.702436 82.106135 74.472646 66.578494 35.625854 0.000000 43.598759 29.422390 36.204865 36.952477 23.815400 23.865178 42.135211 35.209194 45.665393 48.033462 31.237865 35.500531 32.945078
64.770843 106.954149 84.130113 12.795870 31.115157 57.252231 45.191746 31.167928 58.485852 85.036257 106.044639 4.972802 18.167753 14.069240 13.193807 2.522772 1.019768 21.769579 50.870301 50.190264 41.901357 40.465411 26.976854 4.483709 15.614371 14.380277 15.948077 32.051806 35.739694 40.401854 41.151400 22.111061 10.387529 27.480907 24.788542 21.152846 34.807697 24.987339 16.673601 37.336737 43.138388 58.448724 59.327859 33.864053 18.648582 46.365617 41.910200 24.844841 5.283211 22.399324 6.145144 7.839476 26.953234 10.174672 18.756796 31.388891 41.600216 28.951508 11.746895 22.083702 12.576788 49.269087 10.560052 20.816506 32.896692 22.438284 70.401956 48.957102 28.610845 8.251385 14.579887 45.558549 19.298656 72.946985 5.614728 7.369019 54.776857 51.727999 29.804334 52.880310 57.545002 60.737972 78.770888 75.241945 91.684811 25.351784 34.038236 44.467971 33.842242 70.694760 39.338321 84.289040 65.040973 65.923585 46.038503 52.502943 78.465744 70.083017 41.885351 39.307820 59.231155 105.203223 43.518473 16.904042 61.012506 53.353952 11.895928 15.612578 54.865745 58.185216 78.567889 43.746101 52.861897 60.008802 37.413534 58.874802 51.758842 63.793415 56.674096 33.276850 24.654717 43.359049 84.647012 76.088480 79.273419 30.950340 68.490245 66.188046 40.217386 71.155428 55.307259 65.463624 48.795281 76.150249 66.966534 57.632752 70.523899 52.171744 76.511912 69.555370 81.938303 76.891371 73.159555 85.124995 48.559683 62.449175 53.445298 72.297094 65.851171 70.763750 81.390124 50.921191 66.776252 55.328508 51.470762 53.799673 67.961447 36.823787 3.912291 3.283277 4.733796 1.750762 5.245632 4.935181 9.302093 0.202788 0.000000 32.818210 22.004330 48.129481 5.522246 43.228685 42.236747 45.594987 2.013900 0.342972 8.798616 34.542289 15.725121 46.153926 13.173983 30.608038 8.810514 1.570601 22.139128 29.458909 29.394199 64.929495 41.701374 69.088755 64.034071 16.002778 43.598759 0.000000 47.855899 19.326070 19.254053 31.391447 13.320582 19.786627 44.495979 22.038098 28.711419 29.035295 32.638093 46.664564
117.094841 125.830379 108.742040 31.585144 53.091403 22.626222 40.039003 47.223216 27.377405 49.147178 75.042486 40.135645 61.050054 54.455629 63.073105 18.601301 9.111208 15.339875 27.224709 23.199763 21.499949 12.872840 8.472577 30.452900 62.887973 67.432370 85.493440 98.171032 102.591125 110.407878 111.898720 103.608202 93.371338 97.938992 85.551373 37.892207 48.598500 48.695135 50.870370 73.536823 74.860913 86.116367 92.239014 89.165784 80.210422 80.624216 70.708121 34.962854 35.715467 36.261938 24.120028 48.573584 70.060659 57.153708 28.760495 34.477272 40.014314 42.105547 65.593678 90.956137 60.823384 123.487028 56.574126 70.014210 89.205132 78.407767 125.392079 100.432733 88.445330 25.482439 44.016061 106.162743 82.692006 120.288609 23.007601 22.002239 99.531297 98.774790 63.690809 110.414886 51.792436 79.362417 104.672834 46.854138 105.573239 36.961093 86.006363 94.257064 79.089794 52.250039 60.733758 33.504775 103.729203 101.117546 69.383910 50.694350 99.070716 32.173527 94.934408 89.637889 108.130973 94.124697 51.685721 26.749140 32.872228 92.035682 61.425959 46.159252 68.255184 75.876232 74.509947 65.302432 59.619797 77.148023 81.406352 97.967142 76.177076 96.507675 69.783310 56.448824 45.328721 85.974268 77.559575 75.061707 78.256683 54.228956 78.654952 117.732618 59.282289 47.459430 66.373786 109.874005 74.404997 117.643900 89.144542 44.447704 71.080974 69.878748 118.819858 123.798128 84.358899 78.930380 129.361722 105.319961 64.598704 70.901263 74.249222 121.619842 66.511717 42.509167 111.231647 55.812130 72.882458 63.747168 62.132152 63.628921 73.168748 71.646605 31.785508 19.989868 38.900945 16.183731 38.672603 30.935771 51.896666 1.746906 0.571419 28.441898 20.412640 19.248117 10.957606 20.295103 20.568594 25.969267 6.863581 4.553974 34.441446 76.027263 44.957863 95.217215 39.933588 70.178485 60.701655 21.004702 70.290324 74.772455 84.768526 96.664793 83.810412 99.181237 87.424486 57.250472 29.422390 47.855899 0.000000 45.968968 48.255508 13.063397 30.863713 31.134756 16.103856 25.920351 27.308003 55.693923 45.938092 22.821169
103.145573 116.455880 99.863165 14.252704 35.977906 50.511119 36.548678 30.625874 41.411895 61.949358 81.921809 5.445006 10.442373 9.086891 7.887230 1.790781 0.787716 15.366251 48.211894 50.183223 45.458716 38.797362 21.800655 13.551064 39.078489 38.935801 45.564017 80.922559 77.462841 81.690544 91.462177 65.112984 43.604954 65.048076 56.822410 28.287607 39.193542 45.116747 44.370574 65.878490 62.816304 75.023718 82.837219 70.565474 55.066521 67.369282 63.649773 19.973574 14.824770 22.199018 10.610358 14.354353 34.327521 23.983818 16.897504 25.621466 30.599805 24.622389 6.822660 14.072172 8.661784 34.535564 4.607203 8.928347 17.741688 27.913533 91.571497 28.004142 22.263118 9.313175 15.145991 36.193764 18.696202 56.029994 3.808901 4.005347 45.025380 72.457295 13.753579 57.899381 81.085663 77.010803 93.933962 99.070371 102.326149 36.808835 23.248034 30.521965 23.178709 97.004778 53.670901 111.837156 48.738127 56.096530 54.921224 74.439481 85.149519 92.767632 20.469939 20.200222 50.777926 121.221986 63.563458 24.923780 84.220110 38.763276 7.378339 6.994571 42.029460 47.356563 84.232957 31.440555 48.850826 53.798504 44.134076 79.759168 62.875604 84.228280 57.089779 36.071179 33.545280 51.074418 96.507291 90.808383 95.368845 22.756803 79.056069 79.002048 37.099738 72.852211 85.247975 73.946761 50.163353 83.525242 72.993036 69.659492 58.367925 43.336804 81.296057 82.544228 85.146843 87.281972 80.900856 89.721305 76.301362 66.321859 55.582659 78.602682 76.064582 81.491090 86.919055 67.725088 77.710049 53.467297 41.395480 35.080683 75.359135 35.428666 1.678563 0.896383 4.183614 3.860782 8.627099 4.594405 13.065714 0.000000 0.051797 25.897013 15.142717 42.238100 6.446134 36.432562 36.949609 37.071620 1.383535 0.313886 8.478468 54.699819 15.119467 47.168457 25.851473 48.795537 15.051839 8.325260 33.174293 27.518635 33.596995 74.915700 66.131390 86.450175 63.172319 18.234467 36.204865 19.326070 45.968968 0.000000 25.540319 25.905895 14.878136 28.443955 37.160192 36.192298 36.141897 25.962427 37.110570 45.137398
73.740688 104.586602 90.743252 31.971223 38.199807 52.469126 36.776559 30.313243 38.495190 60.593843 83.775267 17.951228 37.466140 31.644347 40.490748 18.452856 5.902813 38.307039 60.857032 59.616117 52.246031 51.481678 38.122646 29.129241 51.136590 56.537627 78.343702 103.022726 100.957439 104.188273 116.395378 103.104427 84.495452 87.892588 87.038385 32.181174 44.300580 52.579680 62.321448 79.412823 74.007350 82.452143 90.747698 86.400581 76.620663 72.565373 70.931805 25.862900 30.283944 33.884176 26.343308 36.431700 43.673109 47.800241 24.536235 35.203774 31.952919 30.248570 27.037615 50.248778 27.646576 88.688906 23.611779 30.018485 50.320079 70.454576 106.356797 69.633022 59.342824 24.558152 41.815812 84.980788 55.992322 106.639128 14.697081 13.880793 90.390286 101.355007 39.938680 104.100016 107.026977 110.398550 109.215635 117.594038 110.866676 71.187550 53.183290 70.085904 53.679568 116.694709 80.891612 135.213321 86.714556 89.602205 90.845165 98.398686 121.614473 120.875756 60.606745 52.832036 98.403999 131.107354 85.148791 62.404220 108.880725 83.153059 28.259058 20.860289 74.925851 73.895599 108.160504 60.843171 71.188059 81.273742 70.712100 89.554816 91.545589 85.586773 95.804585 66.966860 56.740748 75.305349 121.006490 120.895450 110.648537 57.398024 99.503857 81.380216 78.476846 78.035461 84.805619 78.706721 86.298842 88.968872 77.957098 77.246624 93.875935 85.928981 87.578988 88.790144 126.859439 113.237731 88.744367 93.154020 87.992835 89.937465 98.582644 84.187607 100.116398 88.599813 92.214761 81.723120 86.472923 83.308833 80.041977 75.374688 111.117708 72.346696 11.968118 8.726788 26.061512 15.608866 28.706251 22.943025 35.526223 0.359313 0.734105 42.557663 29.741220 49.268658 18.255559 39.249754 43.011791 39.871178 6.552098 1.361506 17.158657 59.751894 30.225888 60.812156 51.893461 35.080311 31.284452 27.407902 52.583843 41.484739 63.859102 64.719724 65.199824 81.556819 63.995828 15.526739 36.952477 19.254053 48.255508 25.540319 0.000000 35.482063 27.213836 28.945422 40.868767 44.360954 34.095663 27.200641 39.777478 44.307247
71.850543 98.348525 84.801377 9.732589 44.296356 30.742864 42.035895 30.026073 22.883272 46.317536 77.825544 14.113493 32.421081 22.159566 28.917277 5.251441 2.126518 15.990530 33.793843 29.603801 27.376277 11.082655 2.786551 13.040552 31.464013 34.054369 41.566223 68.434003 60.024748 70.147453 79.686063 62.040637 40.471287 56.187537 48.124261 20.188142 29.403194 30.941176 27.915933 54.289900 53.033349 65.897378 79.728584 56.853661 39.009598 55.468415 48.240638 19.837245 9.318507 27.200484 5.970734 21.899271 41.710382 21.911819 10.065831 31.696160 41.915450 29.689045 28.645177 49.524404 34.934532 77.363680 26.047315 37.836707 57.262124 28.917273 63.062718 64.151436 42.865504 10.230497 15.647409 65.621477 37.514512 87.480587 12.288298 9.697259 63.161440 40.757108 40.935586 70.181548 14.082325 42.289526 47.684518 14.484907 43.446586 19.630794 55.718740 60.328168 45.444843 14.999973 22.854768 9.961794 76.800970 74.647656 43.501489 14.510823 75.456477 7.120593 60.296173 50.156649 70.963398 31.535699 20.090003 11.202872 9.190563 62.810440 24.499074 21.300024 63.221799 68.443083 74.782360 58.180443 57.266447 71.243779 36.608568 51.682371 54.969500 69.423267 62.768524 31.465327 23.039029 38.459936 76.729739 71.927271 76.089122 30.537161 67.773654 75.967754 37.273203 55.267888 45.141334 65.292866 45.625374 51.388541 34.676113 32.886324 69.504611 49.266637 51.634357 77.817751 77.669761 68.711885 84.890886 40.221900 47.062974 62.788856 52.634561 67.930346 52.861610 12.793732 48.083088 24.538376 28.183543 56.948852 60.071284 61.155878 73.668131 42.214348 11.817149 6.195352 9.222198 3.677891 13.933443 9.771404 22.724939 0.525074 0.140236 22.554012 15.111115 25.505009 9.478888 24.923009 25.730401 29.911522 1.753108 1.638192 11.266693 45.256374 18.203265 69.190812 17.817018 36.697470 30.872725 6.142499 36.183690 46.272322 51.908691 70.864832 42.252699 63.111340 61.389805 31.207486 23.815400 31.391447 13.063397 25.905895 35.482063 0.000000 11.385936 27.002275 20.499273 28.029908 33.826217 46.022093 40.474470 20.986049
55.632120 62.429004 58.773154 1.478712 28.745104 34.763757 25.149420 16.075310 29.044138 50.156312 66.478348 1.456101 1.178216 0.738191 0.655486 0.462697 0.180488 4.544547 7.954304 10.452831 12.669780 8.899387 3.824827 6.261852 18.618246 17.196429 25.741524 44.316397 43.801502 45.770161 56.172459 38.375786 24.400386 37.606640 36.726286 21.600789 28.582359 28.179207 24.165646 43.350571 41.023650 54.061624 58.558187 47.039650 35.389078 46.837510 46.757097 9.986054 5.539392 11.609546 3.235696 5.959917 19.006825 14.705183 8.050364 9.159218 15.860414 11.924642 0.610694 1.086764 0.144581 4.141472 0.244432 0.921440 1.151259 11.422032 43.101988 3.406419 3.135107 1.772474 4.487154 6.222081 3.282387 6.537732 0.840163 0.394183 7.248387 31.114123 1.507062 8.535341 24.655081 21.931240 48.099492 39.183283 55.771400 9.744158 1.958301 3.294496 3.827702 39.057205 20.225518 39.257737 6.383144 8.698542 9.422705 27.877078 13.360478 28.966140 1.820028 2.265622 9.250738 68.096329 23.173086 3.505962 28.606969 4.572608 1.351669 0.209964 6.005687 8.577933 26.311871 4.309281 10.253121 15.163458 12.338023 37.364355 19.167034 59.775423 11.560329 7.386371 12.084465 20.407557 28.046923 25.191397 36.212495 5.545297 27.508197 52.882536 7.490827 38.959066 34.977060 55.548273 8.375274 45.754899 48.825176 26.414587 10.223558 10.995026 46.413454 35.426949 18.442397 24.999763 35.769115 56.115338 26.854837 11.819360 12.651838 49.355650 18.264958 37.312693 60.850400 28.347365 39.616978 11.041943 7.898408 3.826846 16.238731 5.703835 0.068352 0.287235 0.880452 0.542179 2.997164 2.404753 2.961537 0.000000 0.000000 5.538061 5.879227 13.421450 2.612231 17.732569 16.009759 16.173722 0.558456 0.106141 2.724468 23.276564 1.495748 18.667233 5.530313 18.990035 2.770467 5.154481 5.021310 5.878429 5.126124 20.696123 26.453157 40.459238 33.678037 14.332858 23.865178 13.320582 30.863713 14.878136 27.213836 11.385936 0.000000 13.987592 18.666456 11.261060 41.593398 17.620098 28.140113 38.369200
97.019991 116.233783 102.057824 18.289091 36.705046 55.658407 54.790558 38.372582 40.158494 65.200242 96.090952 14.542383 37.174505 26.784140 30.129503 4.486831 0.793016 26.385221 46.816521 45.003972 38.135772 36.312506 20.773207 14.305738 36.773009 35.340118 44.367766 71.853933 67.726106 72.524946 77.131355 54.162146 39.934478 56.186641 52.368336 27.426669 38.999085 38.861844 36.470783 64.983087 59.840067 77.210600 83.911409 64.207787 48.244500 65.580909 60.001628 25.948242 11.616701 33.374983 9.489621 19.307336 43.695863 23.707643 20.804979 40.691967 53.875787 35.312186 29.301423 49.119473 35.728902 88.704977 25.869211 44.298453 61.111260 45.795838 92.442037 79.702710 58.097549 21.390123 35.841214 80.953344 48.261852 101.109629 18.931853 15.645945 87.854712 81.480144 52.652339 96.010759 73.638704 87.933079 95.746727 86.138757 105.077876 33.401374 64.723712 74.570822 64.005897 87.531579 68.000019 90.092723 88.613732 91.441733 69.540033 73.744224 99.569239 79.338353 73.353030 66.533465 92.620112 117.274051 65.270286 22.471599 67.333483 78.276034 27.657378 30.559508 68.546336 68.444611 84.680523 57.003843 62.858752 75.042574 64.907933 71.528510 69.411957 72.213814 71.552982 56.088208 47.306012 68.711906 97.561114 88.621523 82.620818 55.085278 76.141285 74.802051 56.172068 74.446365 56.725560 75.051052 70.301719 89.516391 77.084825 63.977491 87.940445 70.403192 89.738685 83.649517 102.552033 87.873206 87.377017 97.490594 63.922419 71.856421 71.686267 83.051602 71.125797 76.879185 90.676179 60.022078 77.000508 64.843996 70.349958 74.361370 84.521383 58.115952 13.576705 6.614797 11.746404 4.728500 14.254662 8.372033 21.752992 0.000000 0.561069 34.470323 21.236333 44.268985 10.102971 40.892512 41.706896 47.244509 2.030859 1.351186 11.097300 53.208672 23.473030 69.868306 27.350493 50.341390 30.437333 6.211245 48.391848 48.181874 62.418775 80.511641 67.352288 85.818542 68.212024 24.263376 42.135211 19.786627 31.134756 28.443955 28.945422 27.002275 13.987592 0.000000 29.955370 35.890257 29.218961 38.985582 41.300116 38.157272
88.560318 108.500605 92.477675 15.137538 54.004107 31.318162 55.860937 49.232811 30.254600 61.907880 98.639453 20.278515 42.594723 35.846051 39.699676 8.832106 4.058743 14.809516 28.953129 25.287695 21.832269 14.298331 9.312584 13.491973 31.072828 32.147880 35.860996 59.618956 59.505135 61.980334 69.539864 46.994135 33.379246 47.926428 45.779563 21.790186 32.646024 31.577967 27.605039 57.458767 51.155798 74.168258 77.170462 56.301172 33.784798 59.218704 48.060047 27.889281 9.000698 31.315312 9.249124 23.144492 47.654446 19.360471 19.577243 40.649323 51.208750 39.891517 42.897943 68.492977 46.085636 93.462043 41.120301 57.172210 71.140639 34.812619 85.302305 81.232999 56.979483 13.555169 24.136619 81.481936 54.590985 96.550676 11.106690 10.193753 75.406753 59.869751 46.819762 90.427231 42.785992 60.071646 85.410281 41.717690 95.006633 30.897644 71.739212 78.739407 60.643101 48.455680 44.197644 41.052625 87.987805 84.070465 57.580321 42.124677 85.815824 35.357933 79.845373 71.274460 83.187231 83.919416 35.780086 19.285199 28.210782 74.793476 38.223797 33.839469 65.031001 72.241449 72.521114 62.112837 57.085783 72.928982 55.008694 74.814899 64.765613 81.756993 74.096131 43.480087 23.670330 58.819896 77.193598 73.011751 74.368818 31.934288 74.966931 91.872824 42.769429 53.049037 63.022864 88.081746 54.584364 94.682595 74.828273 49.473572 67.686843 56.485781 93.244684 100.013460 79.582565 71.063308 107.790662 88.892285 58.719458 67.059219 60.478384 99.872468 64.585889 40.164205 92.256379 44.621875 55.348373 58.506731 57.544847 61.422844 72.873326 53.695387 18.283313 12.279415 17.923401 6.075826 17.732309 11.264413 29.432755 0.593545 0.587544 29.401675 21.742388 26.392697 12.900247 29.133102 27.445476 35.708932 4.838005 4.291124 16.559738 48.835947 24.171838 75.920828 22.672455 45.476046 37.415279 6.398374 46.747515 53.575059 61.732001 79.853242 51.133809 70.705128 64.390044 52.364992 35.209194 44.495979 16.103856 37.160192 40.868767 20.499273 18.666456 29.955370 0.000000 33.274486 23.118593 55.159670 49.680350 30.044169
100.481939 120.170105 107.997261 9.890437 32.811819 52.528722 54.839974 40.656902 48.725089 73.559735 100.554415 11.701972 30.785802 22.027584 26.185589 3.486270 1.218412 18.017562 42.068480 39.975333 31.724768 28.036616 5.333708 9.499232 34.746955 33.938281 38.500871 66.610821 65.585573 69.582424 80.093142 49.421371 33.871253 49.162721 45.678290 27.608573 42.297903 43.379177 36.986006 62.897272 63.490727 79.547344 85.088463 65.203965 41.851225 68.289332 56.397965 23.414363 8.012203 33.163836 6.321854 14.088832 37.713835 17.803436 15.840209 37.452391 54.895056 35.396292 26.091165 43.432368 25.590287 76.943637 22.652512 34.630140 55.793342 46.804401 85.747424 70.990652 54.786250 23.809821 38.760872 72.076726 42.439899 91.301390 17.285216 17.364812 77.398481 73.873151 47.142622 82.755861 67.268734 81.313658 90.472301 70.014560 96.563227 24.697315 56.323077 70.562788 57.496492 72.831090 65.186158 68.798043 81.541965 82.012675 61.185679 59.905708 88.079303 62.388509 69.155379 63.052316 84.781856 109.952571 58.402737 18.649407 53.446719 69.550348 24.037923 29.044581 60.995431 60.315205 76.713145 49.372890 57.178753 65.817463 60.100142 66.594546 59.426936 66.466065 61.455268 51.013296 44.672935 63.417569 89.877653 82.499113 73.561595 45.494072 66.251826 70.671339 48.054307 71.114432 49.976814 73.468391 60.308315 88.883521 76.087384 50.364850 83.554931 58.388560 90.024960 78.866780 90.746410 78.930387 85.045229 95.017250 56.205539 61.198160 65.221870 83.062754 59.370906 60.248353 89.984917 44.610921 68.479583 57.033415 64.084579 64.539191 78.688509 50.208400 10.857739 4.939362 8.293476 3.486482 10.139051 4.517448 16.656250 0.192684 0.172551 27.318146 14.470570 37.941905 8.252356 34.073145 36.402602 42.105158 0.622085 0.570891 7.829238 62.043949 22.354355 75.116097 19.625763 50.682620 27.565408 4.332004 51.245907 50.070174 56.413237 87.444386 58.909470 93.275465 79.716174 26.405108 45.665393 22.038098 25.920351 36.192298 44.360954 28.029908 11.261060 35.890257 33.274486 0.000000 36.465476 47.658520 40.720167 38.160368
106.898368 132.936367 126.872444 46.663945 43.714445 45.410518 56.557285 51.748107 49.974495 80.453869 111.182265 49.735117 69.449677 57.490211 63.521934 23.534157 10.255310 27.144403 36.119327 26.684734 20.508476 25.127435 22.705346 22.705005 51.229878 55.209277 81.249165 112.488462 105.619463 106.128082 123.608959 96.322676 77.691263 95.325382 88.881274 41.785738 56.331127 57.822067 58.455393 96.374427 87.976352 105.749808 114.386711 103.635385 84.465288 96.835119 88.307956 44.481833 29.248695 49.501880 24.717452 47.769744 71.170529 52.408644 40.781498 51.155667 57.267383 51.267118 79.031153 104.809673 79.540301 124.585301 72.404149 78.799202 106.385122 94.763430 109.696995 120.402579 105.580122 54.733928 77.523958 126.375640 108.781727 118.799517 45.741202 45.517873 110.547964 114.441914 90.893763 138.468806 119.165873 107.897366 112.426835 125.192265 116.396092 86.054140 114.005518 128.961871 105.361641 132.172292 109.326066 143.171499 109.820916 112.641678 84.616098 111.061861 104.709399 129.804462 131.910129 118.440382 124.904133 136.501887 105.215395 84.460504 119.293288 92.716700 74.137032 74.720754 56.942110 81.391166 78.177376 63.128306 34.392439 79.356946 77.065981 77.173670 73.734477 75.892444 75.942696 77.606098 68.582889 78.065964 86.557745 83.738095 71.186166 69.924919 70.641833 81.028042 72.726502 68.876216 59.560445 80.536440 77.413992 97.161583 83.206765 84.852974 84.634141 68.038212 98.330612 93.918781 97.893001 77.110332 96.228570 104.988366 53.375946 61.135112 79.920440 89.427958 57.934963 100.057412 98.543969 93.280436 98.453488 37.920531 58.270672 80.175380 81.373814 80.429168 43.479222 27.999699 43.000860 14.903590 44.299776 35.018413 57.559953 2.906685 1.002746 44.599977 34.514726 39.626492 20.470686 44.857448 40.537839 50.129255 10.900814 4.939335 40.781118 86.758176 63.694703 96.442672 75.814229 75.625066 64.129434 19.836663 87.157154 79.208993 97.139777 74.458862 104.397913 111.818530 91.512644 36.729711 48.033462 28.711419 27.308003 36.141897 34.095663 33.826217 41.593398 29.218961 23.118593 36.465476 0.000000 45.369892 44.917165 39.958622
112.296739 120.279841 101.863546 36.561107 25.556848 34.302738 23.442580 17.692194 35.105260 62.323353 81.802807 25.824864 27.945801 22.983048 36.568625 13.933833 5.539327 42.589572 66.582647 66.467524 61.914455 58.239495 43.478891 37.845989 74.262208 79.952427 95.372431 103.049184 101.437800 110.777455 115.022880 110.715205 102.824629 93.275841 89.817117 43.023698 58.904219 66.566955 76.366991 88.740807 83.916920 95.032763 101.727680 100.428820 96.184159 84.188201 80.007148 18.947170 37.541608 30.082139 28.833987 46.072617 50.191972 65.058311 15.980806 25.582565 18.070633 17.578910 17.729243 37.674304 21.794068 95.742964 16.521713 28.099881 43.032158 95.026641 123.691976 73.942604 74.064868 26.119699 45.147002 86.598715 54.082532 109.991562 16.978881 16.457496 97.356808 112.160221 40.670485 109.687704 107.983898 125.397265 110.420704 108.434357 98.683915 75.208642 45.626632 71.081442 59.722645 111.486923 86.963694 128.609377 89.260740 97.610180 110.417912 99.221302 135.245969 112.966868 49.189582 51.693391 106.244726 118.610260 89.029668 75.215269 114.017623 95.451544 29.025578 24.173182 74.272251 76.982364 116.238551 59.715187 78.983038 84.585733 80.067539 103.594298 103.689124 98.101172 103.249823 77.605159 61.520548 87.011699 136.622824 130.336749 118.675870 64.275990 108.877561 84.708427 93.798047 64.445276 92.570093 69.109377 104.883972 72.786365 61.999620 62.571528 101.658766 94.295154 70.708618 87.237362 140.377376 123.846767 80.927072 78.437186 99.745072 101.134594 112.873942 69.002775 107.365442 74.574751 75.901679 66.776130 71.809199 92.953381 86.104546 75.606460 124.352287 87.426047 7.955327 5.509328 22.438595 22.913204 35.622801 27.392185 46.515383 0.000000 0.585410 35.649386 23.489996 40.117621 14.727025 28.637296 31.438951 26.504522 6.246835 1.293730 25.926695 81.693884 46.322890 87.477017 71.653356 68.014146 36.978603 34.750489 72.474362 56.950462 78.302003 102.808842 85.004171 83.962014 91.953094 14.751868 31.237865 29.035295 55.693923 25.962427 27.200641 46.022093 17.620098 38.985582 55.159670 47.658520 45.369892 0.000000 26.522056 46.117904
110.119579 116.814155 100.881186 60.313388 29.783208 47.607784 40.924974 41.058208 39.919094 59.252279 76.342107 44.876489 62.139170 49.012108 64.853013 18.399887 8.664607 49.803204 65.413648 59.026441 53.494981 52.687853 38.416188 50.135428 77.736596 82.696337 101.409259 104.838685 107.227954 111.696542 115.251906 111.041331 106.273604 92.803236 87.348755 45.873924 57.686984 63.838385 76.524031 84.647500 84.006603 92.484470 96.336537 94.927641 93.852660 80.901591 75.997800 29.115084 53.897595 41.654423 49.769462 70.520327 73.050027 73.610537 31.561263 42.123939 40.316171 30.485345 48.957489 84.189040 52.920462 142.805346 39.478046 63.515092 82.503496 127.634814 111.226710 114.311088 116.630263 68.024898 94.174442 138.385554 113.983068 149.372982 51.185702 50.953937 139.026796 117.771409 81.887252 132.203997 110.940744 113.765769 102.519631 114.587144 95.278279 84.063413 88.763126 123.883141 109.789198 116.425459 100.447722 133.579767 123.543613 134.003889 105.533364 103.124467 136.958702 117.079234 100.790667 101.162481 145.085557 121.538329 99.488604 83.006770 114.645387 122.105503 64.083767 62.166470 97.454286 91.404581 114.533703 74.784807 88.438837 101.770738 68.048671 70.720383 79.398819 70.785550 98.369697 66.326044 63.103982 63.484002 125.443294 117.622956 106.691434 75.963532 93.138176 65.878162 87.927013 64.698555 63.710931 64.407619 104.826471 80.743373 65.647875 79.838305 133.113193 99.397426 83.122054 69.020308 131.092064 112.291092 74.625707 91.914400 81.815387 98.683955 112.348518 71.041740 99.376855 89.447390 80.452588 82.123574 85.980793 94.852949 117.455626 124.171634 119.744670 107.046115 18.137815 15.000707 46.739418 36.584783 59.882283 48.409685 76.045515 0.386535 1.474623 46.685076 29.697722 51.385349 21.025076 44.842327 47.266469 49.434249 4.663142 2.075087 52.938001 78.940317 71.409665 92.517863 91.229319 85.057615 59.873016 52.157253 87.616769 69.966385 104.415657 112.118854 84.564593 76.688661 86.605329 39.567060 35.500531 32.638093 45.938092 37.110570 39.777478 40.474470 28.140113 41.300116 49.680350 40.720167 44.917165 26.522056 0.000000 37.396514
110.058557 116.590958 108.933472 47.272673 27.231513 49.309369 55.669600 55.717783 36.185366 55.893590 80.446505 46.010241 69.599007 60.413876 72.023480 20.074683 6.580253 36.591559 47.934535 42.835433 35.721647 34.823049 16.174583 45.122344 67.666668 72.675228 99.053959 108.805428 113.180334 120.903835 124.035525 118.580784 110.754044 103.126947 94.833039 42.056579 52.065016 53.619426 62.685347 82.969199 79.826622 91.199279 96.979134 95.429516 93.294300 82.738958 76.739686 37.369080 55.427502 48.948177 43.666828 68.900016 81.709807 77.476417 36.941699 44.910269 51.797786 44.335349 69.713297 96.006745 65.999748 134.376925 60.119901 74.992463 98.723694 119.881076 112.900153 113.512822 101.664128 54.459631 82.180033 128.841397 103.082646 130.810637 49.969384 44.797089 122.520037 119.365498 84.213065 126.002802 105.932435 102.110440 107.573895 106.896867 104.878397 60.984260 104.529486 116.926315 103.074201 112.142143 96.239291 113.024495 112.212959 119.196325 86.088042 97.930859 112.168205 102.228313 113.774383 105.437039 131.771810 128.410283 97.037482 50.461207 93.272937 101.210014 69.163508 61.249243 79.549261 78.805835 85.203217 66.136541 68.083395 82.590948 63.093798 63.705133 64.434280 66.005803 65.794120 58.283596 65.850871 64.080853 98.854075 91.735028 80.452961 63.239507 73.067963 69.939615 66.881113 72.816684 47.808067 73.432631 82.625564 97.818442 78.230421 69.004952 110.339489 76.013228 101.486568 78.832661 111.327676 90.199555 88.249478 108.987984 67.958008 72.131110 88.368599 86.140391 70.868526 94.404828 95.561120 86.855503 96.254947 67.513878 89.911894 95.242202 92.272829 83.295639 29.522258 19.320915 45.604545 29.722790 53.910098 43.892748 66.925220 0.875442 1.222616 36.538580 22.829833 35.205663 16.353103 40.679958 38.933563 44.772201 3.107888 3.066563 50.513543 70.425750 59.117570 82.196320 65.276974 70.511817 55.613502 42.993641 66.381246 60.651476 86.940715 89.709740 91.322524 86.765381 73.982232 55.347501 32.945078 46.664564 22.821169 45.137398 44.307247 20.986049 38.369200 38.157272 30.044169 38.160368 39.958622 46.117904 37.396514 0.000000
