0.000000 2.092307 1.253905 0.309659 0.388338 0.130661 0.014640 0.009457 0.021261 0.004442 0.052037 0.025258 0.092507 0.000723 0.012261 0.021038 0.041784 0.005644 0.001116 0.000769 0.000054 0.000169 0.000182 0.000296 0.000136 0.000046 0.000031 0.001802 0.007541 0.004254 0.002244 0.002970 0.002521 0.003424 0.003447 0.002182 0.001372 0.004791 0.004603 0.000504 0.001482 0.000916 0.000587 0.001629 0.001214 0.001991 0.002500 0.001354 0.000619 0.002004 0.001633 0.000209 0.006741 0.002169 0.007043 0.010213 0.084818 0.020554 0.000186 0.000105 0.001848 0.000211 0.000878 0.001210 0.000564 0.007644 0.000786 0.000670 0.001583 0.393575 0.501221 0.018325 0.116045 0.029216 0.282125 0.014567 0.010918 0.029127 0.061983 0.051175 0.101071 0.618827 0.029242 0.078725 0.456413 0.134806 0.367126 0.379801 0.237459 0.404993 0.003711 0.012082 0.026161 0.455090 0.386032 0.496935 0.004867 0.022820 0.063362 0.287050 0.012446 0.283893 0.003567 0.008754 0.041092 0.302732 0.427507 0.158816 0.432644 0.006086 0.001047 0.004651 0.000044 0.000036 0.000252 0.000047 0.000463 0.000100 0.001555 0.001482 0.001243 0.016470 0.000798 0.000441 0.000408 0.000825 0.000304 0.000401 0.001605 0.000690 0.003601 0.007460 0.000747 0.004085 0.026305 0.037124 0.000960 0.016034 0.071491 0.025797 0.000098 0.000879 0.008639 0.004612 0.000338 0.000744 0.006425 0.031583 0.050702 0.002470 0.000586 0.011579 0.004774 0.122432 0.025353 0.004652 0.003094 0.001163 0.000086 0.000088 0.000497 0.000260 0.006875 0.003541 0.006715 0.002538 0.006122 0.003863 0.006945 0.000607 0.000011 0.000076 0.000030 0.000065 0.000006 0.000080 0.000043 0.000072 0.000064 0.000001 0.103936 0.251949 0.112272 0.013524 0.100244 0.371881 0.001773 0.005408 0.107410 0.019241 0.101413 0.557854 0.489776 0.967149 0.465646 0.005154 0.002449 0.008287 0.000174 0.001406 0.009486 0.000131 0.000031 0.000001 0.001742 0.000320 0.000682 0.007420 0.004473 0.008228 0.003824
2.092307 0.000000 1.309372 0.439816 0.465949 0.021892 0.016239 0.023224 0.008216 0.009070 0.124142 0.093012 0.266738 0.009411 0.087107 0.030646 0.039326 0.015853 0.002837 0.005488 0.000106 0.000535 0.000422 0.000324 0.000048 0.000006 0.000023 0.001646 0.009706 0.009369 0.007539 0.012532 0.009041 0.009218 0.011556 0.006607 0.003757 0.008637 0.008409 0.000628 0.002397 0.002253 0.001836 0.006136 0.004072 0.006454 0.008463 0.004696 0.002039 0.005602 0.003635 0.000256 0.002807 0.001600 0.019651 0.005377 0.085709 0.012726 0.000181 0.000126 0.004024 0.000228 0.034316 0.037849 0.024747 0.078842 0.025747 0.007610 0.019177 0.533197 0.529922 0.069023 0.447937 0.073770 0.151043 0.044530 0.041912 0.102202 0.063554 0.051300 0.193689 0.390526 0.037428 0.617718 0.373375 0.041553 0.257323 0.103614 0.133767 0.325342 0.123506 0.032059 0.040509 0.090883 0.086042 0.267328 0.022182 0.038225 0.032050 0.120517 0.016649 0.065887 0.048201 0.028846 0.079247 0.235193 0.080531 0.407153 0.260326 0.019292 0.022305 0.007310 0.000230 0.000338 0.000936 0.000381 0.002834 0.000816 0.001082 0.001116 0.000990 0.015619 0.001744 0.000489 0.000334 0.000636 0.000662 0.000759 0.006894 0.000358 0.005557 0.007144 0.000625 0.004025 0.015461 0.037851 0.001161 0.008964 0.049771 0.002528 0.000269 0.001378 0.004912 0.004324 0.000611 0.002064 0.005661 0.010295 0.015526 0.009574 0.001325 0.009259 0.011530 0.031072 0.016037 0.000698 0.001651 0.005175 0.000303 0.000244 0.001066 0.000522 0.267649 0.088503 0.050706 0.001533 0.014074 0.009892 0.022018 0.024525 0.000046 0.000187 0.000145 0.000532 0.000024 0.000212 0.000143 0.000160 0.000004 0.000003 0.012815 0.077171 0.015034 0.168504 0.024574 0.090462 0.005897 0.001946 0.028170 0.077065 0.027981 0.314155 0.156937 0.269733 0.150456 0.000261 0.003065 0.000392 0.000567 0.000618 0.002730 0.000267 0.000032 0.000001 0.000884 0.000760 0.000698 0.004972 0.004033 0.009701 0.006119
1.253905 1.309372 0.000000 0.214386 1.006784 0.014517 0.013649 0.092791 0.018671 0.040768 0.281826 0.240987 0.910666 0.005642 0.013028 0.008807 0.009980 0.001659 0.000413 0.002760 0.000312 0.000433 0.000576 0.000944 0.000107 0.000019 0.000051 0.012974 0.051146 0.037100 0.023717 0.028263 0.018999 0.024096 0.033537 0.024255 0.014347 0.035594 0.050390 0.005422 0.014429 0.012516 0.008449 0.020193 0.013775 0.023113 0.036273 0.022375 0.009820 0.025838 0.024815 0.002059 0.021823 0.015052 0.101796 0.038305 0.247216 0.070438 0.001351 0.000929 0.016205 0.002072 0.001719 0.002988 0.001617 0.011381 0.001278 0.000844 0.003950 0.227803 0.292602 0.007571 0.120879 0.019497 0.092897 0.005782 0.007746 0.029482 0.029902 0.024859 0.079204 0.233684 0.011164 0.018110 0.064552 0.025458 0.156296 0.029785 0.049615 0.012936 0.007352 0.004121 0.014352 0.023857 0.045582 0.028694 0.007603 0.016217 0.016972 0.057301 0.005027 0.005286 0.002637 0.003090 0.018533 0.055599 0.039706 0.026916 0.033469 0.005895 0.003458 0.001628 0.000071 0.000087 0.000457 0.000109 0.000622 0.000269 0.001459 0.002115 0.001350 0.012650 0.000513 0.000504 0.000401 0.000940 0.000245 0.000349 0.001813 0.000319 0.002278 0.006413 0.000293 0.001376 0.013203 0.020750 0.000451 0.002654 0.019184 0.000673 0.000104 0.000616 0.001585 0.002535 0.000188 0.000794 0.003033 0.001589 0.008630 0.002310 0.000402 0.004458 0.003106 0.004226 0.004403 0.000140 0.000634 0.001381 0.000194 0.000066 0.000320 0.000172 0.058223 0.062755 0.092050 0.004339 0.019936 0.013990 0.026722 0.000486 0.000300 0.000340 0.000374 0.002130 0.000092 0.001116 0.000748 0.000946 0.000003 0.000026 0.030593 0.153011 0.019449 0.027067 0.042139 0.180537 0.001626 0.007532 0.028635 0.008882 0.030696 0.115752 0.304246 0.316796 0.202729 0.000914 0.009595 0.000451 0.001100 0.001049 0.005125 0.000624 0.000139 0.000001 0.001328 0.000946 0.000914 0.003377 0.011788 0.023091 0.016128
0.309659 0.439816 0.214386 0.000000 0.176844 0.013996 0.003046 0.008194 0.048579 0.001393 0.001836 0.000601 0.002878 0.000599 0.004415 0.003896 0.013489 0.004378 0.001186 0.000618 0.000204 0.000524 0.000526 0.000734 0.000471 0.000245 0.000111 0.000329 0.000704 0.000269 0.000062 0.000040 0.000044 0.000089 0.000087 0.000075 0.000059 0.000271 0.000550 0.000171 0.000195 0.000064 0.000016 0.000021 0.000019 0.000033 0.000057 0.000032 0.000017 0.000095 0.000169 0.000244 0.006378 0.002054 0.043961 0.010778 0.540872 0.009722 0.000631 0.000100 0.011560 0.000051 0.000271 0.000211 0.000305 0.000334 0.000382 0.000481 0.000164 0.000193 0.000493 0.000154 0.000495 0.000033 0.000082 0.000183 0.000169 0.000343 0.000059 0.000081 0.000383 0.000117 0.000090 0.013331 0.000127 0.003705 0.000184 0.000078 0.034979 0.260883 0.003652 0.000246 0.000103 0.000071 0.000043 0.008054 0.000559 0.000371 0.040146 0.000045 0.006618 0.225915 0.000383 0.000114 0.000124 0.000322 0.000058 0.011133 0.001450 0.006088 0.000364 0.000020 0.000036 0.000029 0.000027 0.000063 0.000531 0.000045 0.000075 0.000046 0.000068 0.000461 0.000048 0.000024 0.000008 0.000024 0.000015 0.000012 0.000124 0.000044 0.000171 0.000114 0.000040 0.000109 0.001003 0.001544 0.000052 0.000121 0.003919 0.004262 0.000017 0.000084 0.000071 0.000060 0.000012 0.000041 0.000050 0.000665 0.001625 0.000165 0.000044 0.000099 0.000395 0.014113 0.000334 0.000309 0.000039 0.000390 0.000030 0.000010 0.000036 0.000018 0.051622 0.043509 0.086775 0.018740 0.067840 0.031496 0.101076 0.029213 0.000012 0.000328 0.000292 0.000942 0.000005 0.000256 0.000162 0.000412 0.000109 0.000004 0.122655 0.012934 0.043142 0.006897 0.006937 0.071259 0.000280 0.001878 0.005100 0.004642 0.003484 0.047293 0.086309 0.014367 0.004198 0.011542 0.000233 0.006229 0.000158 0.001120 0.008447 0.000037 0.000003 0.000000 0.001323 0.000310 0.000063 0.005112 0.001252 0.000383 0.000223
0.388338 0.465949 1.006784 0.176844 0.000000 0.006867 0.005437 0.034662 0.002873 0.051664 0.204321 0.168565 0.491103 0.027163 0.031535 0.046493 0.090569 0.071184 0.016842 0.015390 0.000261 0.000599 0.000691 0.000735 0.000130 0.000037 0.000062 0.020489 0.059398 0.032055 0.014684 0.013564 0.010614 0.016088 0.020380 0.015904 0.010087 0.032483 0.050202 0.010376 0.016292 0.007794 0.003561 0.005988 0.004346 0.008218 0.013561 0.008811 0.004436 0.015321 0.020359 0.004639 0.057497 0.040329 0.046437 0.071448 0.811873 0.068853 0.001656 0.001680 0.023406 0.004440 0.011085 0.019244 0.012865 0.038856 0.006081 0.003891 0.012248 0.087254 0.141395 0.008369 0.043727 0.007956 0.035696 0.009542 0.016056 0.032028 0.015815 0.015318 0.046707 0.076319 0.010069 0.028385 0.016607 0.014033 0.053396 0.010207 0.019946 0.021882 0.006819 0.003147 0.010242 0.009081 0.017566 0.006819 0.012909 0.015626 0.022218 0.017216 0.005169 0.001268 0.003120 0.004648 0.016948 0.017367 0.014022 0.006489 0.010894 0.010635 0.007699 0.001663 0.000134 0.000161 0.000509 0.000234 0.001478 0.000454 0.000842 0.001063 0.000924 0.005485 0.000806 0.000301 0.000224 0.000501 0.000263 0.000319 0.002972 0.000282 0.002990 0.003154 0.000360 0.000779 0.006956 0.007915 0.000585 0.001089 0.007492 0.002201 0.000100 0.000816 0.000736 0.001332 0.000206 0.001045 0.001480 0.000549 0.010194 0.004221 0.000614 0.002006 0.004769 0.001170 0.001881 0.000055 0.000356 0.002857 0.000171 0.000101 0.000522 0.000277 0.059774 0.047316 0.115367 0.031311 0.117625 0.121593 0.240793 0.001750 0.001680 0.000114 0.000151 0.000516 0.000091 0.000993 0.000563 0.001224 0.000008 0.000026 0.105725 0.137079 0.031813 0.459374 0.022220 0.125971 0.031046 0.006213 0.045316 0.156579 0.062198 0.330104 0.213123 0.196458 0.280090 0.004509 0.012989 0.000696 0.001990 0.001235 0.007456 0.001386 0.000215 0.000001 0.002176 0.002322 0.001101 0.005331 0.010932 0.021549 0.018365
0.130661 0.021892 0.014517 0.013996 0.006867 0.000000 1.820451 1.416097 0.267414 0.427390 0.078860 0.043801 0.153641 0.000089 0.000127 0.000117 0.000213 0.000034 0.000011 0.000028 0.000461 0.007378 0.013541 0.029102 0.005484 0.001101 0.000840 0.000291 0.001625 0.001495 0.001835 0.003443 0.002490 0.002553 0.003466 0.001976 0.001087 0.002410 0.002818 0.005470 0.015043 0.007505 0.002415 0.003888 0.003369 0.005735 0.006454 0.003441 0.001768 0.007104 0.006241 0.010083 0.000539 0.003240 0.000595 0.000161 0.002400 0.000375 0.005306 0.006539 0.068183 0.028753 0.000030 0.000050 0.000036 0.000223 0.000027 0.000104 0.000108 0.001672 0.022731 0.000426 0.000824 0.000340 0.001036 0.000275 0.000219 0.000951 0.000304 0.000305 0.002529 0.008158 0.000461 0.001758 0.008160 0.011896 0.030903 0.024685 0.072528 0.026301 0.000084 0.000226 0.000430 0.014297 0.003790 0.056813 0.000828 0.001963 0.013256 0.008629 0.003252 0.080901 0.000085 0.000225 0.000634 0.045550 0.006603 0.003719 0.012148 0.001219 0.000099 0.000075 0.000779 0.000422 0.006839 0.000328 0.001399 0.001055 0.308629 0.206773 0.070193 0.305980 0.039393 0.060699 0.034940 0.195528 0.013171 0.020656 0.022728 0.044147 0.044696 0.532889 0.025674 0.326084 0.171678 0.318117 0.022652 0.378811 0.317463 0.384109 0.004177 0.021021 0.355269 0.440834 0.014632 0.032511 0.436597 0.601370 0.049565 0.005513 0.018846 0.355975 0.006877 0.414531 0.259123 0.254820 0.197506 0.003759 0.002586 0.002736 0.012225 0.007013 0.000057 0.000023 0.000059 0.000028 0.000084 0.000050 0.000126 0.000010 0.000001 0.014485 0.003005 0.006676 0.000194 0.008525 0.004401 0.006081 0.002253 0.000004 0.000682 0.002654 0.004719 0.000802 0.000812 0.009586 0.000081 0.000053 0.001061 0.000558 0.001124 0.005231 0.003886 0.008877 0.005384 0.078734 0.455594 0.103801 0.008499 0.139202 0.544373 0.002903 0.007171 0.000343 0.124046 0.018266 0.110140 0.588624 0.764655 1.349563 0.753731
0.014640 0.016239 0.013649 0.003046 0.005437 1.820451 0.000000 0.999624 0.479831 0.299114 0.058165 0.051878 0.135187 0.000169 0.000632 0.000458 0.000453 0.000025 0.000006 0.000037 0.002651 0.204590 0.133590 0.056071 0.017002 0.001755 0.001932 0.000126 0.000955 0.001230 0.002124 0.004335 0.002834 0.002791 0.003932 0.002198 0.001108 0.002170 0.002390 0.001649 0.006164 0.005493 0.002818 0.005749 0.004176 0.006592 0.007661 0.004138 0.001961 0.005868 0.003928 0.002564 0.000198 0.001711 0.002002 0.000085 0.004052 0.000185 0.001560 0.002767 0.061741 0.008129 0.000364 0.000855 0.000688 0.001760 0.000211 0.000853 0.001710 0.000875 0.011192 0.001444 0.001148 0.000192 0.000494 0.001219 0.000542 0.006137 0.000203 0.000229 0.003392 0.004352 0.000812 0.001933 0.004021 0.006357 0.016988 0.008267 0.035203 0.002540 0.000500 0.000983 0.001295 0.005369 0.002130 0.011609 0.008586 0.005972 0.004566 0.004087 0.008201 0.014539 0.000528 0.000822 0.002121 0.017794 0.003336 0.000763 0.003160 0.004349 0.000372 0.000245 0.038263 0.031387 0.058059 0.023775 0.037070 0.029265 0.046427 0.278245 0.238019 0.331786 0.228528 0.434120 0.093460 0.099638 0.039247 0.043585 0.105927 0.043279 0.125529 0.241693 0.068460 1.163171 0.083199 0.190548 0.028124 0.081612 0.162133 0.430948 0.103841 0.032998 0.077504 0.076955 0.042768 0.056187 0.060359 0.306072 0.036074 0.025086 0.025301 0.146340 0.016026 0.127745 0.193284 0.662483 0.177867 0.019271 0.035849 0.128178 0.063535 0.022314 0.000143 0.000138 0.000242 0.000027 0.000127 0.000072 0.000142 0.000002 0.000002 0.354291 0.084539 0.063484 0.000484 0.010433 0.014100 0.010973 0.050791 0.000032 0.000143 0.001596 0.000432 0.001289 0.000397 0.001929 0.000103 0.000026 0.000815 0.000789 0.001192 0.005370 0.001858 0.004871 0.004095 0.010940 0.043841 0.010594 0.097810 0.012376 0.051998 0.010219 0.000945 0.000017 0.014421 0.059471 0.010508 0.236853 0.111429 0.147305 0.077291
0.009457 0.023224 0.092791 0.008194 0.034662 1.416097 0.999624 0.000000 0.415947 0.795596 0.239214 0.194503 0.671268 0.000545 0.000653 0.000635 0.000797 0.000056 0.000017 0.000124 0.002194 0.012792 0.009400 0.011836 0.001470 0.000325 0.000651 0.001516 0.007301 0.009182 0.013320 0.019583 0.013275 0.013905 0.021792 0.014931 0.007870 0.014521 0.021836 0.021589 0.049734 0.030303 0.010344 0.016282 0.011431 0.020491 0.031659 0.019724 0.009711 0.030269 0.031965 0.042293 0.002639 0.018764 0.020395 0.001078 0.020061 0.001973 0.013923 0.025332 0.255372 0.087584 0.000103 0.000231 0.000182 0.000643 0.000083 0.000265 0.000568 0.001400 0.011659 0.000591 0.001732 0.000204 0.000731 0.000333 0.000306 0.002365 0.000203 0.000245 0.002083 0.004538 0.000430 0.000861 0.002355 0.006591 0.015670 0.003667 0.018793 0.000728 0.000242 0.000313 0.000621 0.002207 0.001853 0.002289 0.004081 0.002952 0.003026 0.002900 0.003390 0.002472 0.000166 0.000321 0.000825 0.006204 0.002742 0.000246 0.001054 0.002074 0.000554 0.000120 0.001969 0.002070 0.013677 0.001870 0.005202 0.006043 0.048315 0.203480 0.134659 0.270914 0.016871 0.049880 0.028806 0.084452 0.008288 0.013375 0.039480 0.022702 0.059668 0.200783 0.012883 0.038863 0.071218 0.131282 0.008921 0.023237 0.078369 0.011071 0.005694 0.015688 0.024313 0.048580 0.006749 0.026178 0.032661 0.031903 0.027418 0.009869 0.008625 0.073516 0.007141 0.012979 0.054345 0.021043 0.026125 0.008159 0.003516 0.002216 0.008493 0.004785 0.000403 0.000689 0.001515 0.000200 0.000907 0.000566 0.001058 0.000002 0.000034 0.071250 0.056260 0.140285 0.003490 0.028367 0.026857 0.007886 0.001470 0.000158 0.000799 0.006171 0.000604 0.003491 0.000748 0.005527 0.000228 0.000196 0.001310 0.001140 0.001778 0.004193 0.004792 0.012495 0.011740 0.042382 0.116010 0.015203 0.009898 0.031743 0.159953 0.003225 0.006456 0.000103 0.015975 0.006641 0.013397 0.070459 0.363142 0.280066 0.146595
0.021261 0.008216 0.018671 0.048579 0.002873 0.267414 0.479831 0.415947 0.000000 0.164159 0.003556 0.001325 0.005869 0.000049 0.000442 0.000779 0.001607 0.000572 0.000128 0.000075 0.000873 0.007135 0.004476 0.007116 0.005149 0.002095 0.000718 0.000123 0.000250 0.000122 0.000066 0.000049 0.000044 0.000072 0.000095 0.000080 0.000048 0.000179 0.000432 0.001634 0.001998 0.000527 0.000086 0.000079 0.000099 0.000171 0.000220 0.000120 0.000078 0.000440 0.000911 0.019648 0.000366 0.004121 0.007976 0.000259 0.031202 0.000213 0.014767 0.009106 0.530906 0.017103 0.000031 0.000040 0.000077 0.000057 0.000064 0.000194 0.000072 0.000036 0.000137 0.000047 0.000050 0.000010 0.000017 0.000031 0.000014 0.000136 0.000015 0.000027 0.000156 0.000028 0.000041 0.000217 0.000046 0.000155 0.000045 0.000141 0.001908 0.007037 0.000099 0.000034 0.000063 0.000049 0.000013 0.001080 0.000132 0.000125 0.000915 0.000019 0.000227 0.014726 0.000028 0.000033 0.000044 0.000370 0.000015 0.000241 0.000114 0.000245 0.000029 0.000005 0.000303 0.000182 0.000255 0.000279 0.001715 0.000233 0.000193 0.000310 0.000442 0.000525 0.000217 0.000248 0.000078 0.000162 0.000141 0.000092 0.000401 0.000133 0.000440 0.000344 0.000142 0.003602 0.001579 0.000806 0.000119 0.000092 0.030003 0.315729 0.002993 0.000244 0.000104 0.000101 0.000116 0.000173 0.000076 0.006956 0.027268 0.000350 0.000100 0.000094 0.003028 0.228928 0.000232 0.011219 0.000295 0.004671 0.000484 0.000630 0.000156 0.000058 0.000568 0.000729 0.001733 0.000107 0.000502 0.000230 0.000476 0.000039 0.000001 0.067492 0.047423 0.127511 0.000780 0.091831 0.048973 0.124488 0.060940 0.000015 0.012124 0.000293 0.006286 0.000224 0.000057 0.005979 0.000014 0.000019 0.000131 0.000311 0.000172 0.004851 0.001260 0.000389 0.000363 0.130528 0.014256 0.053136 0.003959 0.014928 0.078318 0.000565 0.002392 0.000021 0.011286 0.004687 0.002354 0.046292 0.093922 0.011858 0.004299
0.004442 0.009070 0.040768 0.001393 0.051664 0.427390 0.299114 0.795596 0.164159 0.000000 0.165288 0.163545 0.427852 0.000370 0.000858 0.000795 0.000836 0.000114 0.000036 0.000086 0.025359 0.047759 0.106121 0.177127 0.106962 0.026363 0.018332 0.003034 0.010506 0.007396 0.006137 0.007403 0.004909 0.006888 0.010393 0.008287 0.004632 0.011892 0.019535 0.040628 0.064009 0.033589 0.011147 0.010283 0.008670 0.015892 0.022896 0.014779 0.007667 0.028115 0.036836 0.050597 0.003432 0.048064 0.002545 0.001352 0.019998 0.003469 0.022815 0.063052 0.754708 0.065566 0.000230 0.000453 0.000514 0.000960 0.000156 0.000546 0.001044 0.000831 0.005359 0.000790 0.001158 0.000138 0.000444 0.000538 0.000351 0.003343 0.000164 0.000221 0.001964 0.002292 0.000527 0.000896 0.000809 0.003377 0.006080 0.001122 0.005071 0.002016 0.000292 0.000502 0.000820 0.000766 0.000957 0.000528 0.005980 0.003932 0.002365 0.001077 0.003616 0.000465 0.000249 0.000512 0.001020 0.001744 0.001214 0.000087 0.000372 0.002590 0.000402 0.000156 0.007379 0.010302 0.027408 0.009117 0.021881 0.019329 0.019707 0.064364 0.049556 0.118497 0.007839 0.008817 0.008076 0.025509 0.009278 0.010645 0.031122 0.009094 0.032956 0.058148 0.005079 0.015990 0.037429 0.037179 0.003928 0.005337 0.021763 0.021405 0.004157 0.008243 0.006374 0.014722 0.002985 0.014991 0.009191 0.005588 0.028290 0.012595 0.005552 0.016725 0.006562 0.002035 0.012676 0.002956 0.005331 0.012724 0.005055 0.003110 0.006791 0.002469 0.000164 0.000176 0.000450 0.000210 0.000740 0.000542 0.001672 0.000003 0.000041 0.062879 0.044480 0.113121 0.009198 0.127253 0.130046 0.177783 0.002157 0.001441 0.002045 0.009669 0.000902 0.005198 0.000769 0.005856 0.000659 0.000248 0.002148 0.003199 0.002238 0.006138 0.004994 0.014537 0.016508 0.087163 0.125453 0.032980 0.255526 0.020043 0.102440 0.051703 0.003778 0.000045 0.040500 0.132818 0.037736 0.350013 0.219324 0.194518 0.255514
0.052037 0.124142 0.281826 0.001836 0.204321 0.078860 0.058165 0.239214 0.003556 0.165288 0.000000 0.245510 0.437153 0.004658 0.003914 0.003400 0.003682 0.000272 0.000069 0.000693 0.011117 0.004072 0.004565 0.007983 0.001270 0.000121 0.001507 0.007764 0.023914 0.014912 0.009600 0.014792 0.013134 0.015201 0.016378 0.009294 0.005961 0.019423 0.020648 0.014024 0.028079 0.014450 0.006407 0.013018 0.011170 0.017376 0.017266 0.008795 0.004806 0.020054 0.018126 0.012940 0.016955 0.015357 0.005201 0.005758 0.034808 0.008910 0.005651 0.004393 0.031109 0.005328 0.001696 0.003459 0.001834 0.007608 0.000859 0.000641 0.002412 0.012849 0.022703 0.001718 0.011531 0.000960 0.004158 0.002059 0.002272 0.007140 0.001613 0.001574 0.007424 0.011220 0.001657 0.003668 0.001873 0.002071 0.006632 0.000995 0.002863 0.001386 0.000949 0.000649 0.001831 0.001039 0.002135 0.000783 0.002738 0.003374 0.003674 0.001700 0.001776 0.000207 0.000619 0.000772 0.004121 0.002104 0.001375 0.000523 0.001102 0.002059 0.003436 0.000277 0.000971 0.001460 0.003670 0.000994 0.002798 0.002562 0.002145 0.012474 0.006651 0.023881 0.001556 0.002373 0.001022 0.004044 0.001446 0.001700 0.006858 0.001099 0.006429 0.012191 0.000830 0.002396 0.005920 0.008366 0.000759 0.000871 0.003782 0.001483 0.000737 0.001352 0.000843 0.002603 0.000649 0.002661 0.001731 0.000907 0.004973 0.003011 0.000977 0.003001 0.002106 0.000396 0.002278 0.000343 0.000611 0.002120 0.004829 0.000353 0.000994 0.000435 0.001210 0.000942 0.002685 0.000924 0.002561 0.002841 0.005873 0.000022 0.000133 0.001163 0.001132 0.002541 0.000467 0.003666 0.003177 0.005963 0.000031 0.000343 0.003699 0.034180 0.000866 0.033669 0.002816 0.016157 0.005503 0.000758 0.006973 0.013372 0.006915 0.016669 0.017951 0.048030 0.097495 0.004167 0.041748 0.001122 0.008341 0.002988 0.015813 0.006902 0.000457 0.000005 0.005676 0.008094 0.003073 0.014298 0.033864 0.066533 0.089174
0.025258 0.093012 0.240987 0.000601 0.168565 0.043801 0.051878 0.194503 0.001325 0.163545 0.245510 0.000000 0.494401 0.002057 0.001044 0.000867 0.001493 0.000127 0.000041 0.000427 0.001404 0.001222 0.001706 0.003004 0.000269 0.000033 0.000240 0.002547 0.026012 0.049127 0.079430 0.252131 0.169187 0.105246 0.160107 0.088958 0.040296 0.061952 0.064822 0.004674 0.034163 0.078123 0.071828 0.311627 0.138365 0.162313 0.155674 0.095484 0.042454 0.094948 0.058664 0.003086 0.003854 0.005482 0.001503 0.001813 0.010903 0.006127 0.001116 0.001463 0.011459 0.005644 0.000301 0.000838 0.000298 0.002825 0.000189 0.000148 0.000661 0.004996 0.010266 0.000678 0.006644 0.000293 0.001296 0.000882 0.000923 0.002626 0.000405 0.000304 0.002405 0.005028 0.000356 0.001268 0.000713 0.000804 0.003212 0.000341 0.001217 0.000542 0.001986 0.000241 0.000585 0.000392 0.000772 0.000258 0.000874 0.001087 0.000828 0.000665 0.000728 0.000072 0.000203 0.000250 0.001599 0.001080 0.000516 0.000141 0.000367 0.000686 0.007372 0.000079 0.000404 0.000556 0.002553 0.000415 0.001332 0.001238 0.001054 0.007598 0.003884 0.018176 0.001002 0.001650 0.000737 0.002322 0.001178 0.001401 0.004473 0.000605 0.003993 0.007863 0.000453 0.001600 0.003539 0.005878 0.000374 0.000453 0.001975 0.000698 0.001565 0.000715 0.000414 0.001742 0.000455 0.001601 0.001044 0.000384 0.002229 0.001547 0.000507 0.001892 0.000986 0.000166 0.001610 0.000123 0.000309 0.001187 0.005024 0.000172 0.000596 0.000222 0.000129 0.000404 0.000846 0.000366 0.000886 0.001218 0.001894 0.000005 0.000108 0.000219 0.000466 0.001346 0.000250 0.001374 0.001603 0.001809 0.000014 0.000137 0.000769 0.025847 0.000261 0.010574 0.001846 0.009614 0.000826 0.000629 0.002158 0.002207 0.002809 0.004897 0.009966 0.043248 0.048246 0.000748 0.029125 0.000342 0.002309 0.002099 0.010476 0.001255 0.000380 0.000001 0.001729 0.001249 0.001271 0.004546 0.020213 0.056358 0.049727
0.092507 0.266738 0.910666 0.002878 0.491103 0.153641 0.135187 0.671268 0.005869 0.427852 0.437153 0.494401 0.000000 0.002563 0.002200 0.002362 0.003487 0.000314 0.000089 0.000582 0.001596 0.002477 0.004061 0.007250 0.000598 0.000082 0.000308 0.008330 0.177013 0.156018 0.210031 0.121793 0.071174 0.107160 0.114270 0.076214 0.095061 0.167785 0.144132 0.015339 0.204727 0.161731 0.091198 0.080310 0.042595 0.068577 0.091317 0.055547 0.062418 0.160592 0.131062 0.018710 0.030711 0.038340 0.014044 0.010649 0.062966 0.028169 0.008766 0.005943 0.050825 0.020990 0.000625 0.001512 0.000681 0.005362 0.000400 0.000306 0.001507 0.023339 0.042225 0.001419 0.023829 0.001250 0.007069 0.001559 0.002198 0.006490 0.002004 0.001603 0.009047 0.021363 0.001133 0.002612 0.002416 0.004050 0.013071 0.000974 0.003528 0.001198 0.000710 0.000565 0.001828 0.000994 0.003093 0.000550 0.002643 0.003409 0.002811 0.002265 0.001814 0.000172 0.000353 0.000590 0.003608 0.002265 0.002039 0.000353 0.000787 0.001982 0.002806 0.000239 0.000696 0.000841 0.004957 0.000716 0.002304 0.002379 0.007784 0.047050 0.022872 0.088019 0.002579 0.006999 0.003603 0.015358 0.002500 0.003607 0.011361 0.003485 0.014314 0.036982 0.001761 0.003816 0.017403 0.020166 0.001484 0.001183 0.005338 0.001324 0.000450 0.002811 0.001125 0.007081 0.001391 0.005656 0.004043 0.000766 0.007800 0.003693 0.001701 0.005680 0.002443 0.000340 0.003248 0.000297 0.000761 0.003041 0.001193 0.000380 0.001686 0.000754 0.000296 0.000754 0.003088 0.001853 0.005178 0.004138 0.004934 0.000006 0.000225 0.000427 0.000831 0.003666 0.000688 0.006654 0.004561 0.004137 0.000025 0.000167 0.004694 0.071992 0.001511 0.022236 0.005800 0.028814 0.001404 0.002333 0.006091 0.003965 0.010280 0.015328 0.050002 0.179591 0.145232 0.004217 0.078661 0.001765 0.003884 0.006375 0.026813 0.001948 0.001461 0.000003 0.005049 0.002590 0.004681 0.014079 0.090097 0.252863 0.145525
0.000723 0.009411 0.005642 0.000599 0.027163 0.000089 0.000169 0.000545 0.000049 0.000370 0.004658 0.002057 0.002563 0.000000 1.331779 0.283742 0.088721 0.051482 0.046560 0.269077 0.000682 0.000621 0.000771 0.000507 0.000029 0.000014 0.000055 0.000059 0.000303 0.000393 0.000456 0.000283 0.000245 0.000217 0.000379 0.000251 0.000157 0.000232 0.000349 0.000028 0.000084 0.000119 0.000081 0.000143 0.000082 0.000120 0.000209 0.000125 0.000057 0.000153 0.000152 0.000023 0.000051 0.000210 0.000050 0.001031 0.010734 0.000163 0.000012 0.000027 0.000285 0.000010 0.002378 0.000679 0.002228 0.002240 0.029902 0.127285 0.006085 0.000299 0.000489 0.000551 0.001165 0.000029 0.000112 0.000670 0.000425 0.002740 0.000052 0.000067 0.000268 0.000162 0.000126 0.000900 0.000067 0.000521 0.000333 0.000029 0.002121 0.000271 0.115069 0.000644 0.000232 0.000032 0.000069 0.000031 0.014625 0.000774 0.011730 0.000035 0.004253 0.000436 0.000196 0.000323 0.000424 0.000140 0.000043 0.000045 0.000017 0.112436 0.298846 0.000075 0.000178 0.000049 0.000058 0.000146 0.001635 0.000116 0.000021 0.000027 0.000076 0.000096 0.000086 0.000021 0.000005 0.000013 0.000020 0.000025 0.000352 0.000023 0.000429 0.000023 0.000021 0.000029 0.001195 0.000082 0.000058 0.000006 0.000084 0.000028 0.000008 0.000100 0.000005 0.000010 0.000014 0.000093 0.000011 0.000004 0.002315 0.000971 0.000051 0.000015 0.001852 0.000040 0.000012 0.000001 0.000002 0.001346 0.000063 0.000007 0.000042 0.000018 0.082892 0.021117 0.011153 0.001070 0.004995 0.025022 0.038369 0.000220 0.032029 0.000007 0.000003 0.000013 0.000002 0.000013 0.000013 0.000032 0.000000 0.000000 0.000499 0.001029 0.000434 0.012788 0.000186 0.000709 0.000858 0.000019 0.000801 0.018801 0.001417 0.033274 0.000597 0.000750 0.003287 0.000045 0.000122 0.000020 0.000094 0.000014 0.000113 0.000033 0.000003 0.000000 0.000061 0.000132 0.000064 0.001064 0.000090 0.000095 0.000265
0.012261 0.087107 0.013028 0.004415 0.031535 0.000127 0.000632 0.000653 0.000442 0.000858 0.003914 0.001044 0.002200 1.331779 0.000000 0.769722 0.601289 0.173822 0.075562 0.255317 0.002453 0.006126 0.004621 0.001562 0.000243 0.000220 0.000302 0.000052 0.000324 0.000230 0.000156 0.000134 0.000095 0.000096 0.000160 0.000124 0.000071 0.000117 0.000223 0.000025 0.000083 0.000058 0.000035 0.000073 0.000044 0.000070 0.000123 0.000076 0.000034 0.000089 0.000106 0.000010 0.000054 0.000082 0.000782 0.000477 0.004418 0.000254 0.000069 0.000025 0.000388 0.000015 0.012677 0.003462 0.009024 0.006620 0.108632 0.180766 0.013918 0.000610 0.000701 0.001029 0.001169 0.000057 0.000303 0.005806 0.001825 0.006548 0.000113 0.000287 0.001298 0.000340 0.000556 0.030311 0.000326 0.000417 0.000244 0.000066 0.001168 0.000710 0.123623 0.013240 0.001576 0.000142 0.000306 0.000178 0.022083 0.002651 0.009926 0.000080 0.005192 0.000295 0.007886 0.002038 0.002891 0.000109 0.000281 0.002521 0.000172 0.119735 0.526602 0.000449 0.001372 0.000464 0.000251 0.001531 0.011410 0.000865 0.000043 0.000044 0.000152 0.000135 0.000314 0.000070 0.000009 0.000025 0.000105 0.000093 0.001344 0.000054 0.001350 0.000052 0.000087 0.000117 0.001201 0.000070 0.000192 0.000007 0.000072 0.000012 0.000039 0.000393 0.000009 0.000025 0.000065 0.000412 0.000017 0.000007 0.004407 0.002489 0.000252 0.000019 0.003270 0.000031 0.000014 0.000006 0.000004 0.005255 0.000351 0.000037 0.000212 0.000100 0.159892 0.022338 0.007479 0.000311 0.002106 0.009858 0.031080 0.000690 0.008160 0.000091 0.000025 0.000069 0.000010 0.000046 0.000033 0.000033 0.000004 0.000001 0.023342 0.004566 0.039675 0.113862 0.006053 0.021624 0.002077 0.000115 0.019263 0.126397 0.021914 0.476151 0.018874 0.021307 0.013681 0.000356 0.000263 0.000115 0.000490 0.000039 0.000452 0.000124 0.000001 0.000000 0.000236 0.000664 0.000253 0.004301 0.000249 0.000170 0.000633
0.021038 0.030646 0.008807 0.003896 0.046493 0.000117 0.000458 0.000635 0.000779 0.000795 0.003400 0.000867 0.002362 0.283742 0.769722 0.000000 3.010614 0.189340 0.104059 0.124532 0.002563 0.005167 0.026731 0.008819 0.000133 0.000164 0.000267 0.000391 0.000897 0.000480 0.000199 0.000126 0.000102 0.000113 0.000168 0.000116 0.000076 0.000170 0.000517 0.000080 0.000274 0.000154 0.000052 0.000071 0.000045 0.000066 0.000127 0.000079 0.000030 0.000116 0.000210 0.000029 0.000426 0.000371 0.001565 0.002841 0.015164 0.000982 0.000390 0.000100 0.001147 0.000043 0.032365 0.004847 0.028013 0.007915 0.174497 0.433358 0.014249 0.000632 0.000716 0.000712 0.001190 0.000043 0.000285 0.004451 0.001858 0.005731 0.000159 0.000450 0.001622 0.000298 0.000653 0.009618 0.000163 0.000331 0.000163 0.000058 0.000499 0.000197 0.008154 0.002347 0.002073 0.000090 0.000207 0.000061 0.014763 0.002987 0.005708 0.000089 0.002237 0.000139 0.001517 0.001360 0.003325 0.000064 0.000249 0.000575 0.000053 0.105769 0.077376 0.000439 0.000866 0.000557 0.000348 0.002080 0.014708 0.001499 0.000087 0.000048 0.000154 0.000118 0.000228 0.000060 0.000013 0.000031 0.000097 0.000082 0.001170 0.000066 0.001038 0.000046 0.000093 0.000087 0.001094 0.000052 0.000158 0.000006 0.000061 0.000012 0.000025 0.000302 0.000007 0.000022 0.000049 0.000344 0.000016 0.000004 0.003456 0.002725 0.000196 0.000012 0.002874 0.000023 0.000008 0.000004 0.000003 0.011679 0.000290 0.000032 0.000141 0.000062 0.031472 0.012556 0.054419 0.002792 0.007726 0.013504 0.053585 0.000472 0.008226 0.000043 0.000021 0.000163 0.000035 0.000132 0.000041 0.000058 0.000002 0.000001 0.165535 0.013800 0.232833 0.280204 0.019046 0.062139 0.010435 0.000731 0.070057 0.272552 0.092848 1.248189 0.070285 0.045037 0.030130 0.001274 0.000583 0.000343 0.000720 0.000086 0.001206 0.000393 0.000024 0.000000 0.000549 0.001200 0.000509 0.008958 0.000565 0.000198 0.000953
0.041784 0.039326 0.009980 0.013489 0.090569 0.000213 0.000453 0.000797 0.001607 0.000836 0.003682 0.001493 0.003487 0.088721 0.601289 3.010614 0.000000 0.571163 0.097958 0.122750 0.001871 0.002407 0.011593 0.012136 0.000136 0.000119 0.000187 0.000332 0.000952 0.000637 0.000271 0.000189 0.000135 0.000157 0.000252 0.000205 0.000135 0.000259 0.000628 0.000131 0.000338 0.000156 0.000059 0.000101 0.000062 0.000094 0.000189 0.000130 0.000060 0.000157 0.000289 0.000065 0.001866 0.000787 0.004603 0.008569 0.043901 0.003779 0.000321 0.000125 0.001607 0.000041 0.010533 0.005943 0.012350 0.009356 0.036440 0.108189 0.006803 0.000463 0.000681 0.000772 0.001719 0.000041 0.000273 0.002590 0.002954 0.004412 0.000157 0.000402 0.001233 0.000492 0.000589 0.006091 0.000313 0.000275 0.000545 0.000230 0.000449 0.000344 0.007309 0.001388 0.001519 0.000217 0.000241 0.000117 0.005178 0.001854 0.003982 0.000288 0.000901 0.000069 0.001148 0.001098 0.002989 0.000246 0.000379 0.000355 0.000130 0.022852 0.017866 0.000502 0.000626 0.000413 0.000327 0.001056 0.007823 0.000873 0.000179 0.000111 0.000197 0.000283 0.000211 0.000054 0.000021 0.000066 0.000100 0.000095 0.001165 0.000145 0.000789 0.000109 0.000111 0.000095 0.001103 0.000107 0.000160 0.000022 0.000145 0.000026 0.000036 0.000285 0.000014 0.000034 0.000056 0.000431 0.000029 0.000010 0.002329 0.001958 0.000167 0.000031 0.001939 0.000035 0.000025 0.000006 0.000007 0.006220 0.000203 0.000036 0.000146 0.000081 0.070483 0.062384 0.316786 0.003960 0.017827 0.097323 0.111686 0.000935 0.020352 0.000049 0.000033 0.000102 0.000021 0.000107 0.000052 0.000105 0.000004 0.000000 0.234193 0.012598 0.287565 0.165704 0.013322 0.084424 0.008948 0.000781 0.064820 0.137753 0.114034 2.190915 0.073118 0.042357 0.038290 0.004251 0.000464 0.000706 0.000491 0.000073 0.001184 0.000250 0.000005 0.000005 0.000432 0.000872 0.000404 0.010435 0.001419 0.000232 0.000737
0.005644 0.015853 0.001659 0.004378 0.071184 0.000034 0.000025 0.000056 0.000572 0.000114 0.000272 0.000127 0.000314 0.051482 0.173822 0.189340 0.571163 0.000000 0.227081 0.169583 0.000285 0.000332 0.000155 0.000078 0.000037 0.000044 0.000032 0.000040 0.000073 0.000038 0.000019 0.000013 0.000010 0.000014 0.000021 0.000022 0.000012 0.000032 0.000063 0.000010 0.000015 0.000011 0.000004 0.000004 0.000004 0.000008 0.000013 0.000008 0.000004 0.000011 0.000029 0.000017 0.000574 0.000202 0.001322 0.002260 0.017496 0.001280 0.000079 0.000039 0.000543 0.000037 0.000191 0.000083 0.000139 0.000108 0.000286 0.000470 0.000086 0.000030 0.000065 0.000016 0.000057 0.000002 0.000022 0.000075 0.000058 0.000104 0.000005 0.000010 0.000056 0.000081 0.000021 0.000653 0.000077 0.000036 0.000121 0.000072 0.000102 0.000316 0.001406 0.000114 0.000041 0.000055 0.000020 0.000039 0.000141 0.000067 0.000251 0.000071 0.000040 0.000009 0.000161 0.000039 0.000063 0.000080 0.000050 0.000060 0.000045 0.000490 0.000965 0.000013 0.000060 0.000011 0.000010 0.000035 0.000288 0.000020 0.000027 0.000020 0.000020 0.000072 0.000011 0.000005 0.000002 0.000011 0.000003 0.000003 0.000032 0.000030 0.000047 0.000032 0.000016 0.000006 0.000170 0.000030 0.000008 0.000007 0.000051 0.000021 0.000002 0.000019 0.000003 0.000006 0.000003 0.000012 0.000007 0.000005 0.000099 0.000054 0.000010 0.000008 0.000053 0.000011 0.000009 0.000000 0.000001 0.000083 0.000013 0.000001 0.000008 0.000004 0.027985 0.032137 0.107949 0.001873 0.011667 0.070932 0.024276 0.000235 0.004841 0.000007 0.000007 0.000002 0.000000 0.000013 0.000007 0.000023 0.000002 0.000000 0.087592 0.003076 0.042879 0.019759 0.004637 0.033197 0.000146 0.000170 0.011073 0.062406 0.004303 0.318321 0.022314 0.008455 0.001885 0.000603 0.000034 0.000084 0.000063 0.000009 0.000428 0.000013 0.000001 0.000000 0.000021 0.000079 0.000024 0.000171 0.000362 0.000026 0.000041
0.001116 0.002837 0.000413 0.001186 0.016842 0.000011 0.000006 0.000017 0.000128 0.000036 0.000069 0.000041 0.000089 0.046560 0.075562 0.104059 0.097958 0.227081 0.000000 0.106454 0.000131 0.000172 0.000099 0.000033 0.000018 0.000031 0.000011 0.000019 0.000029 0.000016 0.000005 0.000002 0.000002 0.000003 0.000005 0.000006 0.000002 0.000010 0.000023 0.000007 0.000009 0.000008 0.000001 0.000001 0.000001 0.000001 0.000005 0.000003 0.000002 0.000004 0.000006 0.000001 0.000190 0.000112 0.000436 0.000725 0.011358 0.000380 0.000018 0.000019 0.000258 0.000000 0.000046 0.000017 0.000043 0.000035 0.000368 0.000926 0.000111 0.000010 0.000019 0.000008 0.000014 0.000001 0.000006 0.000012 0.000007 0.000045 0.000001 0.000004 0.000013 0.000025 0.000003 0.000069 0.000027 0.000019 0.000043 0.000023 0.000063 0.000139 0.000253 0.000018 0.000008 0.000018 0.000006 0.000011 0.000187 0.000018 0.000223 0.000022 0.000052 0.000012 0.000021 0.000008 0.000011 0.000027 0.000016 0.000008 0.000012 0.000873 0.000664 0.000001 0.000022 0.000005 0.000006 0.000023 0.000186 0.000010 0.000012 0.000004 0.000005 0.000016 0.000003 0.000001 0.000001 0.000002 0.000001 0.000002 0.000011 0.000005 0.000021 0.000005 0.000003 0.000001 0.000054 0.000009 0.000005 0.000002 0.000015 0.000010 0.000001 0.000005 0.000001 0.000001 0.000001 0.000005 0.000002 0.000001 0.000068 0.000032 0.000003 0.000002 0.000059 0.000004 0.000003 0.000000 0.000000 0.000074 0.000007 0.000000 0.000002 0.000002 0.004736 0.006814 0.044530 0.002265 0.012363 0.027527 0.013004 0.000103 0.002471 0.000001 0.000000 0.000002 0.000000 0.000004 0.000006 0.000021 0.000000 0.000000 0.009357 0.000483 0.003617 0.007137 0.000745 0.002939 0.000056 0.000108 0.001151 0.017570 0.000456 0.042546 0.002910 0.000803 0.000224 0.000198 0.000012 0.000026 0.000039 0.000001 0.000071 0.000008 0.000000 0.000000 0.000002 0.000034 0.000024 0.000103 0.000109 0.000006 0.000014
0.000769 0.005488 0.002760 0.000618 0.015390 0.000028 0.000037 0.000124 0.000075 0.000086 0.000693 0.000427 0.000582 0.269077 0.255317 0.124532 0.122750 0.169583 0.106454 0.000000 0.000130 0.000262 0.000196 0.000099 0.000026 0.000016 0.000025 0.000007 0.000029 0.000039 0.000043 0.000040 0.000023 0.000026 0.000052 0.000041 0.000023 0.000038 0.000046 0.000003 0.000011 0.000019 0.000010 0.000025 0.000014 0.000016 0.000033 0.000024 0.000008 0.000020 0.000027 0.000005 0.000039 0.000045 0.000077 0.000239 0.004943 0.000142 0.000009 0.000004 0.000108 0.000006 0.000345 0.000107 0.000280 0.000288 0.003757 0.006743 0.000798 0.000179 0.000230 0.000063 0.000529 0.000009 0.000049 0.000101 0.000062 0.000319 0.000042 0.000052 0.000129 0.000050 0.000031 0.000223 0.000023 0.000080 0.000079 0.000014 0.000562 0.000138 0.002474 0.000100 0.000043 0.000011 0.000013 0.000017 0.001247 0.000117 0.002308 0.000015 0.000366 0.000189 0.000051 0.000035 0.000061 0.000047 0.000013 0.000013 0.000009 0.005511 0.009860 0.000009 0.000055 0.000014 0.000013 0.000047 0.000464 0.000038 0.000012 0.000012 0.000032 0.000041 0.000025 0.000006 0.000002 0.000006 0.000005 0.000006 0.000077 0.000012 0.000163 0.000010 0.000013 0.000008 0.000534 0.000022 0.000018 0.000002 0.000034 0.000011 0.000002 0.000021 0.000001 0.000004 0.000004 0.000022 0.000004 0.000002 0.000621 0.000257 0.000017 0.000005 0.000576 0.000013 0.000004 0.000001 0.000001 0.000386 0.000020 0.000001 0.000010 0.000006 0.006945 0.006032 0.011823 0.000576 0.003398 0.013135 0.007714 0.000051 0.003594 0.000007 0.000001 0.000001 0.000000 0.000005 0.000003 0.000005 0.000000 0.000000 0.002349 0.000289 0.001559 0.003767 0.000186 0.001751 0.000074 0.000026 0.000461 0.008564 0.000389 0.038884 0.000857 0.000486 0.000421 0.000056 0.000030 0.000010 0.000024 0.000003 0.000061 0.000010 0.000000 0.000000 0.000016 0.000029 0.000027 0.000289 0.000056 0.000020 0.000051
0.000054 0.000106 0.000312 0.000204 0.000261 0.000461 0.002651 0.002194 0.000873 0.025359 0.011117 0.001404 0.001596 0.000682 0.002453 0.002563 0.001871 0.000285 0.000131 0.000130 0.000000 1.777602 0.588673 0.241154 0.118926 0.113457 0.460878 0.000012 0.000047 0.000045 0.000054 0.000065 0.000044 0.000042 0.000078 0.000067 0.000025 0.000050 0.000093 0.000045 0.000213 0.000172 0.000351 0.000105 0.000075 0.000118 0.000230 0.000145 0.000063 0.000142 0.000146 0.000337 0.000005 0.001903 0.000093 0.000015 0.000498 0.000015 0.000286 0.001120 0.015324 0.000158 0.000148 0.000147 0.000369 0.000225 0.000712 0.002389 0.000423 0.000007 0.000037 0.000032 0.000038 0.000001 0.000002 0.000037 0.000018 0.000191 0.000004 0.000005 0.000095 0.000007 0.000019 0.000041 0.000004 0.000225 0.000026 0.000003 0.000036 0.000021 0.000015 0.000026 0.000027 0.000002 0.000005 0.000003 0.000650 0.000269 0.000436 0.000005 0.000366 0.000011 0.000009 0.000026 0.000030 0.000008 0.000004 0.000001 0.000001 0.001035 0.000339 0.000005 0.016770 0.000337 0.000528 0.002990 0.151836 0.001282 0.000040 0.000118 0.000141 0.000200 0.000322 0.000109 0.000015 0.000040 0.000212 0.000092 0.000798 0.000022 0.000214 0.000064 0.000036 0.000178 0.000254 0.000360 0.000062 0.000011 0.000735 0.000307 0.047182 0.000066 0.000011 0.000023 0.000086 0.000174 0.000016 0.000005 0.010391 0.006726 0.000097 0.000018 0.005278 0.000115 0.000026 0.000013 0.000008 0.101627 0.206956 0.000094 0.000220 0.000075 0.000007 0.000004 0.000009 0.000003 0.000009 0.000008 0.000042 0.000002 0.000000 0.074146 0.024966 0.006579 0.000399 0.005722 0.020395 0.061604 0.000234 0.040313 0.000089 0.000079 0.000033 0.000350 0.000007 0.000054 0.000013 0.000003 0.000046 0.000308 0.000104 0.003103 0.000079 0.000054 0.000157 0.000964 0.000616 0.000908 0.008227 0.000184 0.000998 0.000755 0.000017 0.000000 0.000748 0.037843 0.000689 0.108141 0.000937 0.000417 0.001270
0.000169 0.000535 0.000433 0.000524 0.000599 0.007378 0.204590 0.012792 0.007135 0.047759 0.004072 0.001222 0.002477 0.000621 0.006126 0.005167 0.002407 0.000332 0.000172 0.000262 1.777602 0.000000 0.945343 0.521128 0.212485 0.080537 0.285215 0.000017 0.000074 0.000073 0.000064 0.000073 0.000045 0.000057 0.000102 0.000075 0.000038 0.000070 0.000121 0.000073 0.000417 0.000356 0.000258 0.000153 0.000108 0.000163 0.000254 0.000160 0.000074 0.000195 0.000222 0.000199 0.000008 0.000524 0.000308 0.000021 0.000873 0.000017 0.000313 0.000738 0.009006 0.000231 0.000340 0.000454 0.000937 0.000660 0.001527 0.004847 0.001276 0.000012 0.000048 0.000170 0.000148 0.000007 0.000009 0.000188 0.000094 0.001003 0.000009 0.000026 0.000270 0.000023 0.000087 0.000225 0.000007 0.000150 0.000045 0.000006 0.000052 0.000020 0.000101 0.000166 0.000174 0.000005 0.000017 0.000011 0.002542 0.001045 0.000833 0.000011 0.001006 0.000017 0.000067 0.000134 0.000203 0.000010 0.000013 0.000016 0.000004 0.002381 0.000596 0.000032 0.085471 0.004831 0.004952 0.016853 0.180333 0.004089 0.000226 0.000205 0.000263 0.000229 0.000752 0.000197 0.000032 0.000139 0.007514 0.001672 0.003400 0.000066 0.000830 0.000289 0.000164 0.053072 0.000279 0.000194 0.000353 0.000169 0.000253 0.001225 0.108370 0.000635 0.000244 0.000307 0.018036 0.002097 0.000635 0.000297 0.005948 0.007194 0.001488 0.000197 0.004125 0.000117 0.000058 0.004449 0.000170 0.071537 0.529817 0.035048 0.012065 0.000934 0.000070 0.000037 0.000048 0.000006 0.000021 0.000015 0.000040 0.000002 0.000001 0.264619 0.027666 0.018462 0.000294 0.002841 0.008603 0.027897 0.001840 0.008865 0.000164 0.000202 0.000105 0.000662 0.000025 0.000321 0.000050 0.000002 0.000201 0.000765 0.000439 0.006434 0.000172 0.000153 0.000561 0.014539 0.004345 0.019566 0.116802 0.004118 0.016298 0.007543 0.000051 0.000002 0.012967 0.119895 0.008780 0.439278 0.010387 0.009021 0.007232
0.000182 0.000422 0.000576 0.000526 0.000691 0.013541 0.133590 0.009400 0.004476 0.106121 0.004565 0.001706 0.004061 0.000771 0.004621 0.026731 0.011593 0.000155 0.000099 0.000196 0.588673 0.945343 0.000000 2.186624 0.285059 0.073363 0.094731 0.000144 0.000459 0.000281 0.000165 0.000147 0.000084 0.000107 0.000172 0.000133 0.000098 0.000166 0.000516 0.001109 0.002914 0.001573 0.000432 0.000288 0.000246 0.000340 0.000527 0.000275 0.000159 0.000514 0.000956 0.000979 0.000100 0.003940 0.000395 0.000072 0.002058 0.000069 0.000950 0.005698 0.038929 0.000706 0.000374 0.000364 0.000999 0.000720 0.001442 0.007109 0.001549 0.000012 0.000033 0.000119 0.000160 0.000005 0.000008 0.000155 0.000086 0.000858 0.000005 0.000018 0.000232 0.000015 0.000062 0.000162 0.000007 0.000155 0.000025 0.000010 0.000056 0.000034 0.000057 0.000119 0.000139 0.000006 0.000009 0.000006 0.002844 0.000966 0.000905 0.000006 0.000965 0.000020 0.000048 0.000104 0.000146 0.000008 0.000012 0.000014 0.000002 0.004738 0.000476 0.000026 0.074416 0.004000 0.003372 0.025176 0.439806 0.004519 0.000155 0.000167 0.000230 0.000179 0.000673 0.000156 0.000017 0.000094 0.002166 0.000973 0.002965 0.000037 0.000753 0.000175 0.000079 0.018351 0.000246 0.000147 0.000391 0.000064 0.000247 0.000567 0.005644 0.000597 0.000084 0.000104 0.002631 0.002362 0.000213 0.000121 0.004955 0.005678 0.001744 0.000084 0.002268 0.000074 0.000040 0.001536 0.000095 0.071000 0.042668 0.007164 0.005100 0.000439 0.000064 0.000030 0.000110 0.000018 0.000115 0.000030 0.000148 0.000001 0.000006 0.051666 0.011908 0.062968 0.004530 0.024891 0.016902 0.061487 0.001375 0.004497 0.000405 0.000704 0.000312 0.001363 0.000112 0.000819 0.000210 0.000023 0.000756 0.001276 0.001009 0.012213 0.000384 0.000279 0.001293 0.116283 0.017258 0.148799 0.526417 0.020773 0.053881 0.059940 0.000512 0.000058 0.071214 0.502415 0.061661 1.293766 0.044657 0.026586 0.027393
0.000296 0.000324 0.000944 0.000734 0.000735 0.029102 0.056071 0.011836 0.007116 0.177127 0.007983 0.003004 0.007250 0.000507 0.001562 0.008819 0.012136 0.000078 0.000033 0.000099 0.241154 0.521128 2.186624 0.000000 0.767319 0.114670 0.129715 0.000167 0.000586 0.000404 0.000276 0.000250 0.000150 0.000179 0.000280 0.000200 0.000131 0.000253 0.000770 0.001032 0.003476 0.002068 0.000646 0.000454 0.000354 0.000556 0.000810 0.000489 0.000262 0.000774 0.001349 0.001988 0.000131 0.006308 0.000269 0.000129 0.002305 0.000108 0.001651 0.009900 0.063148 0.001276 0.000136 0.000185 0.000416 0.000386 0.000549 0.002610 0.000662 0.000012 0.000034 0.000066 0.000099 0.000003 0.000005 0.000070 0.000047 0.000457 0.000007 0.000020 0.000159 0.000016 0.000051 0.000087 0.000013 0.000099 0.000036 0.000016 0.000092 0.000076 0.000028 0.000045 0.000079 0.000009 0.000009 0.000009 0.001351 0.000465 0.000333 0.000009 0.000508 0.000015 0.000024 0.000047 0.000087 0.000021 0.000010 0.000005 0.000003 0.001894 0.000281 0.000011 0.022383 0.001743 0.001920 0.008930 0.166236 0.001949 0.000141 0.000230 0.000248 0.000294 0.000705 0.000176 0.000015 0.000091 0.000862 0.000661 0.001419 0.000052 0.000451 0.000309 0.000078 0.004343 0.000285 0.000292 0.000223 0.000109 0.000286 0.000639 0.002254 0.000294 0.000106 0.000091 0.000637 0.001181 0.000173 0.000071 0.002117 0.001476 0.000801 0.000197 0.000666 0.000041 0.000089 0.000274 0.000043 0.016642 0.012390 0.001424 0.001614 0.000442 0.000022 0.000020 0.000062 0.000020 0.000071 0.000038 0.000158 0.000004 0.000000 0.047641 0.025487 0.176480 0.003196 0.031345 0.061924 0.129433 0.000461 0.011741 0.000715 0.000599 0.000236 0.000910 0.000117 0.000797 0.000131 0.000027 0.000505 0.000773 0.000557 0.012010 0.000309 0.000283 0.001233 0.135004 0.015570 0.192275 0.328786 0.022249 0.064448 0.051262 0.000445 0.000052 0.079576 0.328772 0.077728 1.720714 0.049765 0.029502 0.043343
0.000136 0.000048 0.000107 0.000471 0.000130 0.005484 0.017002 0.001470 0.005149 0.106962 0.001270 0.000269 0.000598 0.000029 0.000243 0.000133 0.000136 0.000037 0.000018 0.000026 0.118926 0.212485 0.285059 0.767319 0.000000 0.400047 0.231197 0.000008 0.000018 0.000021 0.000019 0.000015 0.000011 0.000011 0.000023 0.000019 0.000008 0.000020 0.000028 0.000071 0.000106 0.000055 0.000029 0.000022 0.000015 0.000031 0.000061 0.000037 0.000016 0.000046 0.000056 0.000683 0.000022 0.000882 0.000085 0.000030 0.000765 0.000024 0.000517 0.001423 0.017190 0.000601 0.000009 0.000011 0.000021 0.000019 0.000031 0.000075 0.000031 0.000003 0.000007 0.000010 0.000009 0.000000 0.000001 0.000008 0.000005 0.000054 0.000002 0.000005 0.000023 0.000003 0.000007 0.000017 0.000004 0.000016 0.000013 0.000006 0.000028 0.000022 0.000006 0.000012 0.000012 0.000003 0.000003 0.000005 0.000154 0.000067 0.000029 0.000003 0.000046 0.000006 0.000005 0.000007 0.000014 0.000009 0.000002 0.000002 0.000001 0.000064 0.000025 0.000003 0.000361 0.000159 0.000228 0.000270 0.000856 0.000208 0.000016 0.000027 0.000038 0.000046 0.000034 0.000018 0.000002 0.000014 0.000105 0.000076 0.000190 0.000006 0.000060 0.000056 0.000007 0.000371 0.000036 0.000081 0.000020 0.000037 0.000099 0.000277 0.000812 0.000032 0.000037 0.000015 0.000066 0.000126 0.000033 0.000034 0.000190 0.000130 0.000070 0.000055 0.000053 0.000015 0.000044 0.000032 0.000015 0.000303 0.001725 0.000180 0.000093 0.000023 0.000009 0.000007 0.000011 0.000003 0.000011 0.000006 0.000027 0.000002 0.000000 0.051475 0.037094 0.144389 0.000337 0.017030 0.084881 0.030293 0.000328 0.006891 0.000216 0.000030 0.000037 0.000081 0.000003 0.000253 0.000007 0.000005 0.000030 0.000060 0.000043 0.000280 0.000114 0.000027 0.000072 0.050087 0.001379 0.048373 0.020543 0.008733 0.030077 0.000600 0.000106 0.000009 0.019817 0.060621 0.006265 0.379149 0.012421 0.005128 0.001507
0.000046 0.000006 0.000019 0.000245 0.000037 0.001101 0.001755 0.000325 0.002095 0.026363 0.000121 0.000033 0.000082 0.000014 0.000220 0.000164 0.000119 0.000044 0.000031 0.000016 0.113457 0.080537 0.073363 0.114670 0.400047 0.000000 0.152600 0.000001 0.000006 0.000003 0.000001 0.000001 0.000001 0.000001 0.000002 0.000002 0.000002 0.000003 0.000008 0.000057 0.000040 0.000010 0.000003 0.000002 0.000002 0.000004 0.000006 0.000003 0.000002 0.000006 0.000027 0.000309 0.000011 0.000769 0.000062 0.000015 0.000484 0.000008 0.000352 0.000842 0.011303 0.000269 0.000005 0.000004 0.000010 0.000005 0.000023 0.000066 0.000011 0.000000 0.000003 0.000001 0.000002 0.000000 0.000000 0.000001 0.000000 0.000003 0.000001 0.000001 0.000005 0.000001 0.000001 0.000002 0.000000 0.000006 0.000002 0.000001 0.000008 0.000006 0.000001 0.000001 0.000002 0.000001 0.000001 0.000002 0.000008 0.000008 0.000009 0.000001 0.000003 0.000001 0.000000 0.000001 0.000001 0.000002 0.000001 0.000000 0.000001 0.000014 0.000014 0.000000 0.000049 0.000002 0.000005 0.000012 0.000326 0.000006 0.000002 0.000004 0.000003 0.000005 0.000001 0.000001 0.000000 0.000001 0.000003 0.000001 0.000013 0.000000 0.000006 0.000011 0.000000 0.000020 0.000013 0.000020 0.000001 0.000012 0.000028 0.000104 0.000175 0.000003 0.000010 0.000002 0.000003 0.000001 0.000005 0.000011 0.000108 0.000028 0.000001 0.000014 0.000027 0.000005 0.000013 0.000002 0.000005 0.000276 0.000810 0.000006 0.000002 0.000002 0.000003 0.000005 0.000008 0.000004 0.000022 0.000002 0.000040 0.000000 0.000001 0.006070 0.007856 0.038794 0.000355 0.014116 0.027749 0.011243 0.000247 0.003125 0.000214 0.000004 0.000023 0.000020 0.000000 0.000074 0.000002 0.000000 0.000001 0.000024 0.000010 0.000142 0.000062 0.000007 0.000011 0.017880 0.000410 0.013307 0.013697 0.002735 0.007880 0.000060 0.000074 0.000000 0.005565 0.043292 0.000344 0.098430 0.003795 0.000717 0.000127
0.000031 0.000023 0.000051 0.000111 0.000062 0.000840 0.001932 0.000651 0.000718 0.018332 0.001507 0.000240 0.000308 0.000055 0.000302 0.000267 0.000187 0.000032 0.000011 0.000025 0.460878 0.285215 0.094731 0.129715 0.231197 0.152600 0.000000 0.000001 0.000004 0.000006 0.000007 0.000009 0.000006 0.000005 0.000009 0.000007 0.000003 0.000007 0.000014 0.000008 0.000031 0.000021 0.000082 0.000011 0.000012 0.000013 0.000029 0.000015 0.000007 0.000020 0.000020 0.000094 0.000004 0.000372 0.000025 0.000008 0.000147 0.000003 0.000061 0.000312 0.005934 0.000098 0.000014 0.000016 0.000032 0.000028 0.000066 0.000241 0.000053 0.000002 0.000011 0.000008 0.000011 0.000000 0.000001 0.000005 0.000003 0.000046 0.000002 0.000004 0.000037 0.000002 0.000006 0.000009 0.000001 0.000069 0.000008 0.000001 0.000017 0.000012 0.000004 0.000006 0.000008 0.000001 0.000001 0.000002 0.000105 0.000082 0.000088 0.000001 0.000095 0.000005 0.000002 0.000005 0.000007 0.000003 0.000002 0.000002 0.000000 0.000176 0.000038 0.000001 0.001062 0.000055 0.000077 0.000340 0.010558 0.000245 0.000011 0.000030 0.000043 0.000056 0.000039 0.000029 0.000003 0.000009 0.000028 0.000016 0.000149 0.000007 0.000054 0.000017 0.000006 0.000042 0.000044 0.000085 0.000008 0.000008 0.000196 0.000162 0.001845 0.000022 0.000009 0.000005 0.000016 0.000042 0.000007 0.000008 0.001960 0.000730 0.000019 0.000014 0.000416 0.000040 0.000014 0.000003 0.000005 0.008156 0.012068 0.000017 0.000031 0.000009 0.000004 0.000003 0.000001 0.000002 0.000001 0.000003 0.000013 0.000000 0.000000 0.008027 0.007157 0.008326 0.000151 0.004387 0.013164 0.008605 0.000150 0.005193 0.000044 0.000022 0.000017 0.000036 0.000001 0.000047 0.000004 0.000000 0.000010 0.000028 0.000029 0.000376 0.000019 0.000010 0.000042 0.002411 0.000203 0.002331 0.008060 0.000572 0.002775 0.000108 0.000013 0.000000 0.001240 0.016288 0.000282 0.071116 0.001092 0.000430 0.000195
0.001802 0.001646 0.012974 0.000329 0.020489 0.000291 0.000126 0.001516 0.000123 0.003034 0.007764 0.002547 0.008330 0.000059 0.000052 0.000391 0.000332 0.000040 0.000019 0.000007 0.000012 0.000017 0.000144 0.000167 0.000008 0.000001 0.000001 0.000000 0.567349 0.068500 0.017408 0.009813 0.001812 0.003854 0.011299 0.024375 0.021403 0.068847 0.189755 1.130350 0.318720 0.026247 0.007083 0.001492 0.000154 0.000311 0.001323 0.001390 0.001120 0.010537 0.012708 0.002977 0.019138 0.026618 0.018997 0.009667 0.033274 0.015362 0.001740 0.000746 0.006199 0.001200 0.000012 0.000018 0.000012 0.000046 0.000006 0.000003 0.000011 0.000084 0.000178 0.000005 0.000209 0.000003 0.000028 0.000010 0.000025 0.000031 0.000011 0.000018 0.000062 0.000105 0.000006 0.000033 0.000024 0.000034 0.000108 0.000009 0.000024 0.000034 0.000004 0.000003 0.000006 0.000007 0.000012 0.000006 0.000016 0.000019 0.000018 0.000028 0.000006 0.000002 0.000002 0.000007 0.000014 0.000018 0.000017 0.000006 0.000009 0.000018 0.000016 0.000001 0.000001 0.000002 0.000006 0.000002 0.000005 0.000004 0.000007 0.000019 0.000018 0.000035 0.000002 0.000008 0.000001 0.000007 0.000002 0.000002 0.000010 0.000003 0.000008 0.000025 0.000000 0.000003 0.000024 0.000028 0.000001 0.000003 0.000015 0.000011 0.000000 0.000001 0.000002 0.000003 0.000000 0.000003 0.000004 0.000001 0.000015 0.000007 0.000001 0.000010 0.000007 0.000002 0.000005 0.000000 0.000001 0.000008 0.000001 0.000001 0.000001 0.000001 0.000017 0.000058 0.002382 0.005473 0.009123 0.000673 0.001345 0.000000 0.000096 0.000002 0.000007 0.000309 0.000213 0.001556 0.000103 0.000236 0.000000 0.000000 0.003730 0.059398 0.000858 0.008092 0.007761 0.017585 0.005477 0.028265 0.006869 0.006859 0.005884 0.002595 0.019017 0.016585 0.027691 0.000547 0.005393 0.000215 0.000672 0.000554 0.001514 0.002379 0.001403 0.000014 0.001167 0.001332 0.000585 0.000433 0.003058 0.002265 0.003798
0.007541 0.009706 0.051146 0.000704 0.059398 0.001625 0.000955 0.007301 0.000250 0.010506 0.023914 0.026012 0.177013 0.000303 0.000324 0.000897 0.000952 0.000073 0.000029 0.000029 0.000047 0.000074 0.000459 0.000586 0.000018 0.000006 0.000004 0.567349 0.000000 2.698627 0.434530 0.091371 0.024754 0.047268 0.071424 0.115887 0.053842 0.171086 0.303998 0.292876 2.949270 0.673758 0.058447 0.012949 0.002178 0.003812 0.010450 0.009133 0.006184 0.028474 0.044114 0.002458 0.012176 0.010213 0.007773 0.006023 0.028223 0.013013 0.001185 0.000689 0.006271 0.001493 0.000069 0.000098 0.000082 0.000342 0.000088 0.000041 0.000088 0.000459 0.000895 0.000065 0.001685 0.000020 0.000133 0.000080 0.000220 0.000228 0.000051 0.000072 0.000372 0.000569 0.000028 0.000263 0.000115 0.000179 0.000429 0.000049 0.000107 0.000097 0.000043 0.000023 0.000054 0.000032 0.000071 0.000023 0.000136 0.000125 0.000135 0.000107 0.000039 0.000005 0.000020 0.000038 0.000104 0.000078 0.000101 0.000028 0.000030 0.000091 0.000299 0.000010 0.000011 0.000010 0.000051 0.000011 0.000040 0.000030 0.000038 0.000150 0.000123 0.000236 0.000016 0.000045 0.000011 0.000050 0.000015 0.000027 0.000072 0.000015 0.000074 0.000146 0.000006 0.000022 0.000136 0.000139 0.000007 0.000011 0.000067 0.000034 0.000004 0.000014 0.000008 0.000022 0.000004 0.000040 0.000027 0.000005 0.000114 0.000052 0.000010 0.000042 0.000040 0.000007 0.000024 0.000003 0.000006 0.000050 0.000033 0.000004 0.000013 0.000004 0.000066 0.000111 0.002011 0.001509 0.003745 0.001374 0.002559 0.000000 0.000063 0.000012 0.000020 0.000433 0.000102 0.000863 0.000256 0.000441 0.000001 0.000000 0.002466 0.094644 0.000834 0.027676 0.009004 0.026689 0.006111 0.004786 0.012741 0.015653 0.012320 0.008931 0.027894 0.046842 0.106949 0.000544 0.014074 0.000210 0.001578 0.001289 0.004145 0.002781 0.000206 0.000000 0.003052 0.003040 0.001217 0.001880 0.006223 0.008536 0.017686
0.004254 0.009369 0.037100 0.000269 0.032055 0.001495 0.001230 0.009182 0.000122 0.007396 0.014912 0.049127 0.156018 0.000393 0.000230 0.000480 0.000637 0.000038 0.000016 0.000039 0.000045 0.000073 0.000281 0.000404 0.000021 0.000003 0.000006 0.068500 2.698627 0.000000 2.108639 0.156815 0.022982 0.034154 0.050096 0.081879 0.041193 0.113595 0.168292 0.029818 0.758571 2.149964 0.197061 0.019108 0.003942 0.006474 0.014075 0.011346 0.006608 0.028070 0.036453 0.000683 0.002270 0.002061 0.001272 0.001687 0.006942 0.002791 0.000300 0.000242 0.002044 0.000543 0.000064 0.000136 0.000095 0.000417 0.000210 0.000164 0.000108 0.000391 0.000686 0.000075 0.001662 0.000022 0.000130 0.000099 0.000230 0.000285 0.000047 0.000065 0.000329 0.000464 0.000033 0.000274 0.000095 0.000102 0.000315 0.000033 0.000074 0.000072 0.000076 0.000023 0.000061 0.000028 0.000058 0.000018 0.000140 0.000118 0.000095 0.000089 0.000044 0.000005 0.000026 0.000041 0.000131 0.000061 0.000075 0.000020 0.000025 0.000185 0.001663 0.000010 0.000013 0.000011 0.000064 0.000012 0.000059 0.000041 0.000057 0.000230 0.000193 0.000379 0.000021 0.000057 0.000020 0.000077 0.000022 0.000033 0.000107 0.000024 0.000121 0.000221 0.000011 0.000031 0.000138 0.000162 0.000009 0.000012 0.000068 0.000024 0.000004 0.000023 0.000010 0.000040 0.000007 0.000051 0.000028 0.000007 0.000111 0.000056 0.000012 0.000053 0.000045 0.000005 0.000027 0.000003 0.000005 0.000242 0.000049 0.000006 0.000014 0.000006 0.000055 0.000069 0.000820 0.000392 0.000970 0.000523 0.001262 0.000002 0.000007 0.000011 0.000022 0.000227 0.000044 0.000370 0.000181 0.000252 0.000000 0.000003 0.000606 0.023207 0.000226 0.016019 0.001845 0.006671 0.003436 0.000578 0.004182 0.005541 0.005016 0.003724 0.006390 0.014811 0.049573 0.000165 0.006538 0.000091 0.000616 0.000513 0.001986 0.000987 0.000076 0.000000 0.001088 0.001101 0.000539 0.001079 0.003147 0.005357 0.010333
0.002244 0.007539 0.023717 0.000062 0.014684 0.001835 0.002124 0.013320 0.000066 0.006137 0.009600 0.079430 0.210031 0.000456 0.000156 0.000199 0.000271 0.000019 0.000005 0.000043 0.000054 0.000064 0.000165 0.000276 0.000019 0.000001 0.000007 0.017408 0.434530 2.108639 0.000000 1.109780 0.084857 0.091236 0.100661 0.114293 0.050234 0.119831 0.126174 0.006966 0.057449 0.464207 1.071339 0.131907 0.009319 0.013540 0.026262 0.017902 0.008472 0.029475 0.020095 0.000276 0.000905 0.000792 0.000574 0.000485 0.002210 0.000953 0.000159 0.000136 0.000968 0.000240 0.000051 0.000089 0.000046 0.000275 0.004481 0.001597 0.000075 0.000363 0.000571 0.000059 0.001215 0.000015 0.000107 0.000337 0.000143 0.000215 0.000034 0.000043 0.000218 0.000286 0.000034 0.000150 0.000047 0.000061 0.000206 0.000018 0.000050 0.000037 0.002103 0.000017 0.000049 0.000019 0.000045 0.000008 0.000092 0.000097 0.000070 0.000040 0.000035 0.000002 0.000015 0.000022 0.000113 0.000032 0.000042 0.000009 0.000013 0.000374 0.024860 0.000010 0.000015 0.000017 0.000094 0.000016 0.000078 0.000051 0.000074 0.000419 0.000271 0.000699 0.000032 0.000104 0.000036 0.000124 0.000034 0.000049 0.000160 0.000034 0.000195 0.000405 0.000022 0.000049 0.000193 0.000248 0.000017 0.000017 0.000085 0.000024 0.000007 0.000037 0.000015 0.000070 0.000013 0.000073 0.000046 0.000011 0.000108 0.000072 0.000020 0.000084 0.000053 0.000004 0.000045 0.000006 0.000010 0.000078 0.000063 0.000005 0.000021 0.000008 0.000023 0.000033 0.000246 0.000110 0.000262 0.000170 0.000340 0.000000 0.000005 0.000010 0.000019 0.000134 0.000028 0.000154 0.000109 0.000110 0.000000 0.000001 0.000152 0.006146 0.000067 0.002861 0.000621 0.002374 0.000248 0.000167 0.000747 0.000647 0.001120 0.001046 0.002386 0.006933 0.012096 0.000073 0.001690 0.000040 0.000147 0.000165 0.000633 0.000122 0.000028 0.000000 0.000220 0.000159 0.000147 0.000373 0.001925 0.003737 0.003550
0.002970 0.012532 0.028263 0.000040 0.013564 0.003443 0.004335 0.019583 0.000049 0.007403 0.014792 0.252131 0.121793 0.000283 0.000134 0.000126 0.000189 0.000013 0.000002 0.000040 0.000065 0.000073 0.000147 0.000250 0.000015 0.000001 0.000009 0.009813 0.091371 0.156815 1.109780 0.000000 0.883382 0.098031 0.096052 0.054875 0.031145 0.066252 0.084965 0.002041 0.011147 0.022194 0.120877 0.164169 0.021474 0.030470 0.047206 0.025487 0.009406 0.025211 0.010773 0.000182 0.000443 0.000429 0.000264 0.000261 0.001237 0.000463 0.000090 0.000092 0.000703 0.000140 0.023762 0.000185 0.000073 0.000473 0.012153 0.000260 0.000116 0.000584 0.001085 0.000100 0.001326 0.000027 0.000151 0.024176 0.000177 0.000379 0.000054 0.000042 0.000317 0.000505 0.000045 0.000197 0.000067 0.000086 0.000305 0.000032 0.000093 0.000058 0.001949 0.000583 0.000076 0.000029 0.000069 0.000016 0.000120 0.000143 0.000091 0.000061 0.000068 0.000004 0.000028 0.000038 0.000204 0.000077 0.000054 0.000013 0.000024 0.000143 0.010629 0.000012 0.000025 0.000029 0.000164 0.000028 0.000091 0.000080 0.000100 0.000694 0.000338 0.001429 0.000063 0.000152 0.000066 0.000215 0.000072 0.000101 0.000311 0.000047 0.000297 0.000714 0.000034 0.000105 0.000315 0.000515 0.000029 0.000033 0.000154 0.000040 0.000024 0.000055 0.000033 0.000142 0.000027 0.000118 0.000091 0.000023 0.000170 0.000129 0.000035 0.000158 0.000085 0.000012 0.000118 0.000008 0.000023 0.000099 0.000094 0.000009 0.000039 0.000015 0.000018 0.000019 0.000126 0.000055 0.000115 0.000110 0.000212 0.000000 0.000004 0.000013 0.000018 0.000103 0.000018 0.000095 0.000089 0.000102 0.000000 0.000001 0.000074 0.002694 0.000038 0.001293 0.000263 0.001243 0.000056 0.000073 0.000286 0.000237 0.000497 0.000636 0.001186 0.004778 0.005975 0.000043 0.001060 0.000028 0.000119 0.000095 0.000404 0.000052 0.000013 0.000000 0.000113 0.000068 0.000088 0.000305 0.001539 0.003568 0.002450
0.002521 0.009041 0.018999 0.000044 0.010614 0.002490 0.002834 0.013275 0.000044 0.004909 0.013134 0.169187 0.071174 0.000245 0.000095 0.000102 0.000135 0.000010 0.000002 0.000023 0.000044 0.000045 0.000084 0.000150 0.000011 0.000001 0.000006 0.001812 0.024754 0.022982 0.084857 0.883382 0.000000 1.272015 0.175830 0.033174 0.022954 0.051634 0.033802 0.000353 0.002480 0.005161 0.007140 0.028554 0.024445 0.030619 0.029601 0.013460 0.005263 0.011213 0.004071 0.000139 0.000477 0.000415 0.000285 0.000263 0.001200 0.000483 0.000078 0.000069 0.000517 0.000123 0.012847 0.000584 0.000081 0.000395 0.000237 0.000018 0.000078 0.000376 0.000710 0.000072 0.000959 0.000017 0.000099 0.007643 0.000157 0.000272 0.000028 0.000027 0.000210 0.000336 0.000030 0.000176 0.000051 0.000055 0.000216 0.000020 0.000067 0.000054 0.000624 0.001125 0.000056 0.000025 0.000052 0.000013 0.000078 0.000089 0.000059 0.000044 0.000042 0.000004 0.000035 0.000039 0.000164 0.000058 0.000043 0.000011 0.000019 0.000080 0.000788 0.000011 0.000017 0.000015 0.000104 0.000015 0.000061 0.000045 0.000062 0.000453 0.000217 0.000938 0.000042 0.000098 0.000040 0.000137 0.000048 0.000062 0.000196 0.000030 0.000191 0.000525 0.000021 0.000081 0.000182 0.000387 0.000016 0.000029 0.000114 0.000030 0.000021 0.000032 0.000024 0.000099 0.000018 0.000080 0.000066 0.000021 0.000089 0.000081 0.000023 0.000126 0.000053 0.000008 0.000093 0.000006 0.000020 0.000063 0.000067 0.000006 0.000023 0.000011 0.000015 0.000017 0.000111 0.000056 0.000121 0.000101 0.000170 0.000000 0.000002 0.000007 0.000010 0.000057 0.000010 0.000074 0.000059 0.000077 0.000000 0.000001 0.000076 0.002846 0.000034 0.000990 0.000257 0.001141 0.000043 0.000072 0.000285 0.000198 0.000439 0.000593 0.001381 0.005458 0.006191 0.000036 0.000744 0.000022 0.000082 0.000073 0.000326 0.000037 0.000010 0.000000 0.000089 0.000066 0.000065 0.000234 0.001226 0.002970 0.001765
0.003424 0.009218 0.024096 0.000089 0.016088 0.002553 0.002791 0.013905 0.000072 0.006888 0.015201 0.105246 0.107160 0.000217 0.000096 0.000113 0.000157 0.000014 0.000003 0.000026 0.000042 0.000057 0.000107 0.000179 0.000011 0.000001 0.000005 0.003854 0.047268 0.034154 0.091236 0.098031 1.272015 0.000000 1.244192 0.207565 0.098404 0.113585 0.054460 0.000618 0.003909 0.006516 0.007635 0.019834 0.017294 0.028474 0.037689 0.018115 0.007046 0.015221 0.005898 0.000224 0.000958 0.000880 0.000567 0.000462 0.002347 0.001003 0.000124 0.000093 0.000887 0.000216 0.000437 0.000158 0.000042 0.000319 0.000030 0.000014 0.000072 0.000412 0.000769 0.000060 0.001022 0.000019 0.000106 0.000080 0.000120 0.000255 0.000033 0.000030 0.000217 0.000399 0.000025 0.000137 0.000070 0.000066 0.000277 0.000024 0.000076 0.000061 0.000155 0.000018 0.000055 0.000023 0.000052 0.000015 0.000082 0.000089 0.000070 0.000055 0.000041 0.000004 0.000017 0.000024 0.000143 0.000063 0.000049 0.000012 0.000022 0.000077 0.000386 0.000009 0.000015 0.000018 0.000120 0.000019 0.000065 0.000052 0.000064 0.000491 0.000237 0.000930 0.000042 0.000101 0.000043 0.000143 0.000045 0.000065 0.000203 0.000031 0.000194 0.000514 0.000020 0.000076 0.000208 0.000377 0.000019 0.000027 0.000117 0.000033 0.000012 0.000040 0.000024 0.000094 0.000017 0.000085 0.000063 0.000016 0.000112 0.000077 0.000022 0.000122 0.000056 0.000009 0.000082 0.000005 0.000015 0.000066 0.000044 0.000006 0.000022 0.000010 0.000015 0.000022 0.000149 0.000090 0.000232 0.000157 0.000215 0.000000 0.000004 0.000008 0.000013 0.000085 0.000016 0.000123 0.000088 0.000086 0.000000 0.000001 0.000158 0.006303 0.000055 0.001516 0.000572 0.002469 0.000099 0.000160 0.000618 0.000432 0.000725 0.001115 0.002803 0.010497 0.012119 0.000058 0.001289 0.000030 0.000123 0.000126 0.000574 0.000078 0.000020 0.000000 0.000156 0.000124 0.000100 0.000345 0.001790 0.004573 0.002776
0.003447 0.011556 0.033537 0.000087 0.020380 0.003466 0.003932 0.021792 0.000095 0.010393 0.016378 0.160107 0.114270 0.000379 0.000160 0.000168 0.000252 0.000021 0.000005 0.000052 0.000078 0.000102 0.000172 0.000280 0.000023 0.000002 0.000009 0.011299 0.071424 0.050096 0.100661 0.096052 0.175830 1.244192 0.000000 1.978211 0.604471 0.340777 0.127450 0.001151 0.005946 0.010277 0.014007 0.034752 0.022190 0.040307 0.166135 0.062771 0.015096 0.028289 0.010735 0.000282 0.000954 0.000974 0.000577 0.000485 0.002604 0.000993 0.000142 0.000127 0.001183 0.000301 0.000048 0.000115 0.000046 0.000405 0.000030 0.000020 0.000103 0.000627 0.001153 0.000082 0.001292 0.000031 0.000176 0.000098 0.000156 0.000372 0.000061 0.000044 0.000341 0.000556 0.000049 0.000170 0.000073 0.000102 0.000359 0.000031 0.000102 0.000069 0.000235 0.000025 0.000078 0.000031 0.000079 0.000018 0.000133 0.000148 0.000107 0.000065 0.000072 0.000005 0.000021 0.000031 0.000188 0.000073 0.000058 0.000014 0.000026 0.000114 0.000580 0.000010 0.000027 0.000030 0.000177 0.000031 0.000093 0.000085 0.000120 0.000778 0.000399 0.001521 0.000064 0.000175 0.000072 0.000241 0.000073 0.000098 0.000320 0.000057 0.000333 0.000803 0.000036 0.000114 0.000349 0.000541 0.000028 0.000038 0.000162 0.000046 0.000019 0.000068 0.000033 0.000138 0.000027 0.000139 0.000092 0.000024 0.000191 0.000130 0.000038 0.000176 0.000091 0.000011 0.000113 0.000009 0.000027 0.000108 0.000067 0.000010 0.000039 0.000020 0.000017 0.000036 0.000169 0.000097 0.000237 0.000190 0.000312 0.000000 0.000009 0.000015 0.000025 0.000132 0.000027 0.000158 0.000131 0.000160 0.000000 0.000002 0.000161 0.005989 0.000059 0.001616 0.000586 0.002450 0.000094 0.000170 0.000555 0.000403 0.000699 0.001006 0.002631 0.009680 0.010480 0.000073 0.001572 0.000041 0.000167 0.000137 0.000605 0.000080 0.000023 0.000000 0.000158 0.000124 0.000118 0.000408 0.002162 0.005239 0.003178
0.002182 0.006607 0.024255 0.000075 0.015904 0.001976 0.002198 0.014931 0.000080 0.008287 0.009294 0.088958 0.076214 0.000251 0.000124 0.000116 0.000205 0.000022 0.000006 0.000041 0.000067 0.000075 0.000133 0.000200 0.000019 0.000002 0.000007 0.024375 0.115887 0.081879 0.114293 0.054875 0.033174 0.207565 1.978211 0.000000 2.959662 0.680993 0.238364 0.002366 0.009240 0.013720 0.018626 0.020307 0.009381 0.019074 0.070713 0.153109 0.031645 0.043287 0.015755 0.000242 0.000896 0.000941 0.000585 0.000440 0.002488 0.000985 0.000114 0.000097 0.001004 0.000269 0.000026 0.000063 0.000029 0.000205 0.000018 0.000012 0.000051 0.000424 0.000737 0.000044 0.000867 0.000024 0.000131 0.000049 0.000080 0.000201 0.000046 0.000040 0.000220 0.000374 0.000032 0.000093 0.000052 0.000079 0.000247 0.000019 0.000069 0.000041 0.000082 0.000012 0.000057 0.000021 0.000047 0.000010 0.000099 0.000103 0.000079 0.000045 0.000043 0.000003 0.000010 0.000018 0.000100 0.000042 0.000042 0.000009 0.000016 0.000075 0.000310 0.000007 0.000017 0.000018 0.000106 0.000019 0.000059 0.000057 0.000082 0.000475 0.000296 0.000897 0.000039 0.000110 0.000050 0.000147 0.000039 0.000057 0.000192 0.000042 0.000219 0.000449 0.000026 0.000057 0.000245 0.000304 0.000017 0.000020 0.000102 0.000026 0.000009 0.000046 0.000020 0.000082 0.000015 0.000083 0.000056 0.000011 0.000144 0.000083 0.000026 0.000096 0.000061 0.000006 0.000059 0.000005 0.000015 0.000072 0.000039 0.000004 0.000025 0.000011 0.000014 0.000029 0.000152 0.000087 0.000207 0.000148 0.000273 0.000000 0.000012 0.000011 0.000018 0.000111 0.000021 0.000138 0.000101 0.000128 0.000000 0.000004 0.000153 0.005864 0.000059 0.001449 0.000592 0.002599 0.000112 0.000199 0.000559 0.000461 0.000642 0.000882 0.002427 0.007422 0.009061 0.000057 0.001340 0.000035 0.000143 0.000119 0.000503 0.000079 0.000027 0.000000 0.000140 0.000117 0.000105 0.000308 0.001641 0.003500 0.002493
0.001372 0.003757 0.014347 0.000059 0.010087 0.001087 0.001108 0.007870 0.000048 0.004632 0.005961 0.040296 0.095061 0.000157 0.000071 0.000076 0.000135 0.000012 0.000002 0.000023 0.000025 0.000038 0.000098 0.000131 0.000008 0.000002 0.000003 0.021403 0.053842 0.041193 0.050234 0.031145 0.022954 0.098404 0.604471 2.959662 0.000000 1.918119 0.642841 0.006565 0.009192 0.011207 0.010774 0.008929 0.004489 0.009042 0.023046 0.036134 0.049245 0.087080 0.029283 0.000192 0.000754 0.000762 0.000489 0.000355 0.001913 0.000866 0.000100 0.000086 0.000722 0.000201 0.000015 0.000032 0.000021 0.000107 0.000010 0.000006 0.000030 0.000212 0.000369 0.000026 0.000570 0.000010 0.000062 0.000023 0.000048 0.000103 0.000024 0.000024 0.000123 0.000191 0.000016 0.000055 0.000028 0.000037 0.000127 0.000012 0.000034 0.000027 0.000035 0.000005 0.000026 0.000009 0.000025 0.000007 0.000051 0.000053 0.000043 0.000030 0.000020 0.000002 0.000006 0.000011 0.000055 0.000023 0.000022 0.000004 0.000010 0.000038 0.000170 0.000004 0.000009 0.000009 0.000055 0.000011 0.000028 0.000029 0.000048 0.000252 0.000152 0.000432 0.000017 0.000058 0.000023 0.000077 0.000019 0.000032 0.000097 0.000020 0.000105 0.000243 0.000009 0.000029 0.000121 0.000154 0.000009 0.000011 0.000058 0.000014 0.000003 0.000022 0.000007 0.000043 0.000008 0.000045 0.000030 0.000006 0.000080 0.000044 0.000013 0.000056 0.000031 0.000003 0.000025 0.000003 0.000005 0.000043 0.000019 0.000003 0.000011 0.000006 0.000008 0.000015 0.000103 0.000065 0.000170 0.000121 0.000178 0.000000 0.000004 0.000009 0.000011 0.000070 0.000010 0.000095 0.000059 0.000075 0.000000 0.000002 0.000127 0.004369 0.000047 0.001058 0.000470 0.001961 0.000081 0.000163 0.000398 0.000315 0.000475 0.000606 0.001870 0.005254 0.006445 0.000044 0.000974 0.000017 0.000097 0.000087 0.000378 0.000054 0.000015 0.000000 0.000106 0.000074 0.000080 0.000206 0.001091 0.002411 0.001847
0.004791 0.008637 0.035594 0.000271 0.032483 0.002410 0.002170 0.014521 0.000179 0.011892 0.019423 0.061952 0.167785 0.000232 0.000117 0.000170 0.000259 0.000032 0.000010 0.000038 0.000050 0.000070 0.000166 0.000253 0.000020 0.000003 0.000007 0.068847 0.171086 0.113595 0.119831 0.066252 0.051634 0.113585 0.340777 0.680993 1.918119 0.000000 0.874327 0.009343 0.018778 0.022212 0.021932 0.015773 0.006461 0.013044 0.033289 0.034847 0.049362 0.338583 0.055049 0.000880 0.003760 0.003190 0.002154 0.001526 0.007158 0.003850 0.000359 0.000225 0.002186 0.000800 0.000033 0.000063 0.000036 0.000206 0.000025 0.000014 0.000056 0.000424 0.000792 0.000046 0.001022 0.000021 0.000124 0.000051 0.000100 0.000190 0.000040 0.000042 0.000231 0.000468 0.000029 0.000118 0.000078 0.000101 0.000358 0.000035 0.000095 0.000076 0.000065 0.000012 0.000048 0.000028 0.000064 0.000018 0.000081 0.000096 0.000079 0.000076 0.000039 0.000004 0.000014 0.000020 0.000094 0.000070 0.000067 0.000014 0.000023 0.000069 0.000253 0.000007 0.000013 0.000014 0.000096 0.000020 0.000060 0.000051 0.000078 0.000445 0.000256 0.000767 0.000034 0.000100 0.000037 0.000131 0.000037 0.000053 0.000162 0.000028 0.000181 0.000436 0.000023 0.000057 0.000234 0.000303 0.000020 0.000026 0.000111 0.000036 0.000007 0.000040 0.000017 0.000073 0.000014 0.000082 0.000058 0.000012 0.000136 0.000066 0.000018 0.000101 0.000051 0.000008 0.000056 0.000005 0.000013 0.000067 0.000035 0.000004 0.000023 0.000009 0.000023 0.000047 0.000323 0.000243 0.000672 0.000363 0.000458 0.000000 0.000009 0.000012 0.000030 0.000158 0.000026 0.000265 0.000163 0.000174 0.000001 0.000003 0.000562 0.017124 0.000184 0.002840 0.001868 0.007171 0.000264 0.000641 0.001576 0.001239 0.001618 0.002253 0.009121 0.024314 0.025110 0.000166 0.002902 0.000065 0.000223 0.000285 0.001207 0.000165 0.000054 0.000001 0.000347 0.000262 0.000199 0.000571 0.003804 0.008309 0.004992
0.004603 0.008409 0.050390 0.000550 0.050202 0.002818 0.002390 0.021836 0.000432 0.019535 0.020648 0.064822 0.144132 0.000349 0.000223 0.000517 0.000628 0.000063 0.000023 0.000046 0.000093 0.000121 0.000516 0.000770 0.000028 0.000008 0.000014 0.189755 0.303998 0.168292 0.126174 0.084965 0.033802 0.054460 0.127450 0.238364 0.642841 0.874327 0.000000 0.043615 0.070509 0.049315 0.026772 0.012094 0.004438 0.008456 0.020770 0.018847 0.016642 0.126956 0.144648 0.002923 0.012646 0.013742 0.008161 0.005186 0.026249 0.012489 0.001534 0.000935 0.008229 0.002847 0.000038 0.000077 0.000044 0.000247 0.000027 0.000020 0.000078 0.000507 0.000870 0.000058 0.001289 0.000028 0.000181 0.000050 0.000119 0.000237 0.000066 0.000086 0.000287 0.000532 0.000033 0.000119 0.000091 0.000130 0.000411 0.000038 0.000093 0.000073 0.000078 0.000015 0.000065 0.000031 0.000079 0.000020 0.000138 0.000131 0.000128 0.000086 0.000039 0.000006 0.000012 0.000022 0.000108 0.000065 0.000088 0.000022 0.000027 0.000110 0.000268 0.000009 0.000020 0.000024 0.000120 0.000032 0.000080 0.000068 0.000184 0.000599 0.000432 0.000904 0.000042 0.000139 0.000052 0.000218 0.000040 0.000060 0.000192 0.000054 0.000242 0.000564 0.000027 0.000063 0.000341 0.000352 0.000022 0.000024 0.000136 0.000042 0.000006 0.000063 0.000025 0.000095 0.000016 0.000111 0.000074 0.000015 0.000220 0.000095 0.000031 0.000123 0.000060 0.000008 0.000060 0.000008 0.000014 0.000114 0.000037 0.000006 0.000027 0.000015 0.000045 0.000130 0.001222 0.000990 0.002601 0.001005 0.001379 0.000003 0.000051 0.000029 0.000072 0.000677 0.000122 0.001228 0.000436 0.000546 0.000003 0.000024 0.002102 0.040294 0.000515 0.007813 0.004443 0.012245 0.001118 0.002520 0.003619 0.002615 0.003981 0.003160 0.020026 0.030506 0.035534 0.000634 0.007733 0.000225 0.000691 0.000678 0.002152 0.000619 0.000248 0.000006 0.000922 0.000732 0.000633 0.000937 0.009554 0.012260 0.009591
0.000504 0.000628 0.005422 0.000171 0.010376 0.005470 0.001649 0.021589 0.001634 0.040628 0.014024 0.004674 0.015339 0.000028 0.000025 0.000080 0.000131 0.000010 0.000007 0.000003 0.000045 0.000073 0.001109 0.001032 0.000071 0.000057 0.000008 1.130350 0.292876 0.029818 0.006966 0.002041 0.000353 0.000618 0.001151 0.002366 0.006565 0.009343 0.043615 0.000000 0.693417 0.096591 0.022671 0.013371 0.006087 0.008793 0.032467 0.035165 0.017606 0.110243 0.289934 0.024002 0.012849 0.051633 0.008869 0.004100 0.016797 0.005297 0.024033 0.009947 0.052366 0.023966 0.000003 0.000005 0.000003 0.000012 0.000002 0.000003 0.000003 0.000022 0.000052 0.000003 0.000079 0.000002 0.000007 0.000004 0.000008 0.000013 0.000003 0.000003 0.000016 0.000039 0.000002 0.000010 0.000007 0.000022 0.000062 0.000010 0.000041 0.000024 0.000002 0.000001 0.000003 0.000005 0.000006 0.000005 0.000020 0.000011 0.000022 0.000012 0.000005 0.000003 0.000001 0.000002 0.000004 0.000013 0.000012 0.000002 0.000003 0.000012 0.000008 0.000001 0.000009 0.000009 0.000047 0.000014 0.000032 0.000029 0.000077 0.000240 0.000233 0.000403 0.000015 0.000048 0.000022 0.000072 0.000019 0.000025 0.000060 0.000020 0.000092 0.000337 0.000006 0.000038 0.000219 0.000266 0.000010 0.000026 0.000130 0.000055 0.000002 0.000021 0.000021 0.000047 0.000004 0.000042 0.000060 0.000020 0.000121 0.000030 0.000012 0.000113 0.000016 0.000010 0.000053 0.000009 0.000019 0.000039 0.000008 0.000005 0.000012 0.000005 0.000010 0.000028 0.001062 0.002616 0.003798 0.000369 0.000603 0.000000 0.000039 0.000026 0.000102 0.003816 0.002218 0.024835 0.001352 0.002131 0.000003 0.000078 0.001413 0.008154 0.000307 0.002411 0.000730 0.002525 0.001906 0.003109 0.001653 0.002207 0.001533 0.000707 0.005142 0.005239 0.006233 0.007534 0.123606 0.002174 0.002871 0.017050 0.028695 0.010911 0.033795 0.000010 0.008406 0.006005 0.006349 0.003576 0.060918 0.044452 0.056694
0.001482 0.002397 0.014429 0.000195 0.016292 0.015043 0.006164 0.049734 0.001998 0.064009 0.028079 0.034163 0.204727 0.000084 0.000083 0.000274 0.000338 0.000015 0.000009 0.000011 0.000213 0.000417 0.002914 0.003476 0.000106 0.000040 0.000031 0.318720 2.949270 0.758571 0.057449 0.011147 0.002480 0.003909 0.005946 0.009240 0.009192 0.018778 0.070509 0.693417 0.000000 3.307259 0.363094 0.085705 0.027573 0.041751 0.093401 0.093809 0.045619 0.214576 0.386651 0.015388 0.007608 0.019192 0.003949 0.002193 0.011829 0.003913 0.011824 0.007185 0.038732 0.014029 0.000015 0.000027 0.000019 0.000079 0.000020 0.000011 0.000023 0.000090 0.000214 0.000014 0.000376 0.000005 0.000032 0.000019 0.000037 0.000067 0.000011 0.000015 0.000060 0.000141 0.000009 0.000053 0.000035 0.000064 0.000176 0.000023 0.000100 0.000041 0.000011 0.000006 0.000015 0.000012 0.000018 0.000009 0.000079 0.000045 0.000047 0.000033 0.000029 0.000007 0.000006 0.000009 0.000026 0.000034 0.000031 0.000006 0.000008 0.000047 0.000079 0.000004 0.000039 0.000044 0.000231 0.000051 0.000193 0.000126 0.000218 0.000819 0.000831 0.001328 0.000080 0.000310 0.000059 0.000270 0.000081 0.000131 0.000298 0.000067 0.000384 0.001095 0.000032 0.000154 0.000658 0.000732 0.000033 0.000069 0.000302 0.000106 0.000014 0.000073 0.000052 0.000131 0.000025 0.000184 0.000160 0.000042 0.000231 0.000118 0.000046 0.000291 0.000060 0.000020 0.000132 0.000022 0.000035 0.000174 0.000189 0.000021 0.000060 0.000017 0.000018 0.000030 0.000570 0.000532 0.001497 0.000429 0.000753 0.000000 0.000019 0.000056 0.000114 0.003175 0.000628 0.008604 0.001798 0.002399 0.000001 0.000075 0.001048 0.013698 0.000240 0.006780 0.001160 0.004431 0.001773 0.000755 0.003516 0.004935 0.003089 0.002163 0.006727 0.010350 0.018686 0.004779 0.143932 0.001815 0.005996 0.015481 0.037338 0.009376 0.004353 0.000021 0.013177 0.009367 0.008839 0.008079 0.067665 0.080796 0.141970
0.000916 0.002253 0.012516 0.000064 0.007794 0.007505 0.005493 0.030303 0.000527 0.033589 0.014450 0.078123 0.161731 0.000119 0.000058 0.000154 0.000156 0.000011 0.000008 0.000019 0.000172 0.000356 0.001573 0.002068 0.000055 0.000010 0.000021 0.026247 0.673758 2.149964 0.464207 0.022194 0.005161 0.006516 0.010277 0.013720 0.011207 0.022212 0.049315 0.096591 3.307259 0.000000 3.018448 0.275079 0.036947 0.046380 0.091272 0.084654 0.041876 0.181194 0.209168 0.002271 0.001195 0.002869 0.000664 0.000437 0.002450 0.000916 0.001322 0.001318 0.008538 0.002420 0.000011 0.000022 0.000017 0.000072 0.000039 0.000030 0.000024 0.000115 0.000209 0.000017 0.000354 0.000008 0.000033 0.000021 0.000036 0.000074 0.000013 0.000016 0.000077 0.000122 0.000010 0.000045 0.000027 0.000054 0.000126 0.000016 0.000060 0.000025 0.000016 0.000006 0.000019 0.000009 0.000018 0.000007 0.000100 0.000064 0.000052 0.000025 0.000045 0.000003 0.000005 0.000009 0.000027 0.000022 0.000024 0.000005 0.000007 0.000051 0.000139 0.000002 0.000049 0.000056 0.000312 0.000064 0.000343 0.000160 0.000186 0.000716 0.000725 0.001181 0.000094 0.000280 0.000056 0.000228 0.000097 0.000150 0.000363 0.000067 0.000399 0.000714 0.000043 0.000133 0.000465 0.000427 0.000042 0.000041 0.000172 0.000075 0.000034 0.000085 0.000036 0.000112 0.000027 0.000194 0.000111 0.000023 0.000254 0.000154 0.000057 0.000172 0.000078 0.000012 0.000080 0.000014 0.000024 0.000239 0.000722 0.000022 0.000063 0.000027 0.000005 0.000018 0.000148 0.000097 0.000248 0.000135 0.000292 0.000000 0.000005 0.000076 0.000096 0.001204 0.000226 0.001555 0.000715 0.000664 0.000000 0.000006 0.000189 0.004900 0.000073 0.002560 0.000434 0.001680 0.000511 0.000146 0.001179 0.001710 0.001075 0.001051 0.001900 0.003900 0.009132 0.000650 0.034747 0.000321 0.002518 0.002581 0.008316 0.003676 0.000427 0.000003 0.003650 0.002891 0.002477 0.003477 0.013826 0.022351 0.060756
0.000587 0.001836 0.008449 0.000016 0.003561 0.002415 0.002818 0.010344 0.000086 0.011147 0.006407 0.071828 0.091198 0.000081 0.000035 0.000052 0.000059 0.000004 0.000001 0.000010 0.000351 0.000258 0.000432 0.000646 0.000029 0.000003 0.000082 0.007083 0.058447 0.197061 1.071339 0.120877 0.007140 0.007635 0.014007 0.018626 0.010774 0.021932 0.026772 0.022671 0.363094 3.018448 0.000000 1.096547 0.054106 0.046726 0.085760 0.077122 0.032775 0.121759 0.097056 0.000354 0.000277 0.000533 0.000150 0.000119 0.000618 0.000239 0.000204 0.000252 0.001575 0.000295 0.000006 0.000014 0.000010 0.000046 0.000063 0.000022 0.000017 0.000092 0.000166 0.000010 0.000236 0.000007 0.000031 0.000015 0.000022 0.000052 0.000011 0.000010 0.000047 0.000094 0.000009 0.000025 0.000013 0.000027 0.000088 0.000006 0.000026 0.000012 0.000018 0.000004 0.000014 0.000005 0.000014 0.000003 0.000045 0.000036 0.000027 0.000013 0.000027 0.000001 0.000002 0.000005 0.000021 0.000014 0.000009 0.000001 0.000005 0.000026 0.000141 0.000002 0.000614 0.000033 0.000161 0.000047 0.002264 0.000095 0.000065 0.000383 0.000327 0.000655 0.000052 0.000152 0.000029 0.000122 0.000056 0.000085 0.000228 0.000033 0.000236 0.000308 0.000022 0.000062 0.000194 0.000159 0.000022 0.000014 0.000054 0.000039 0.000455 0.000052 0.000013 0.000047 0.000016 0.000104 0.000041 0.000007 0.000114 0.000090 0.000028 0.000060 0.000044 0.000004 0.000031 0.000005 0.000008 0.000157 0.015351 0.000010 0.000034 0.000013 0.000004 0.000005 0.000042 0.000023 0.000059 0.000047 0.000093 0.000000 0.000002 0.000050 0.000066 0.000303 0.000042 0.000271 0.000182 0.000159 0.000001 0.000083 0.000045 0.001158 0.000020 0.000551 0.000120 0.000507 0.000078 0.000037 0.000180 0.000212 0.000243 0.000264 0.000561 0.001593 0.002417 0.000105 0.005163 0.000061 0.000475 0.000393 0.001461 0.000597 0.000061 0.000000 0.000536 0.000397 0.000431 0.000798 0.002257 0.005325 0.012466
0.001629 0.006136 0.020193 0.000021 0.005988 0.003888 0.005749 0.016282 0.000079 0.010283 0.013018 0.311627 0.080310 0.000143 0.000073 0.000071 0.000101 0.000004 0.000001 0.000025 0.000105 0.000153 0.000288 0.000454 0.000022 0.000002 0.000011 0.001492 0.012949 0.019108 0.131907 0.164169 0.028554 0.019834 0.034752 0.020307 0.008929 0.015773 0.012094 0.013371 0.085705 0.275079 1.096547 0.000000 0.697041 0.080051 0.105777 0.043670 0.022174 0.070543 0.069633 0.000264 0.000213 0.000366 0.000104 0.000100 0.000522 0.000185 0.000154 0.000162 0.001101 0.000210 0.000014 0.000038 0.000017 0.000139 0.000024 0.000009 0.000037 0.000302 0.000556 0.000036 0.000490 0.000018 0.000081 0.000038 0.000056 0.000143 0.000022 0.000018 0.000129 0.000324 0.000018 0.000068 0.000050 0.000061 0.000227 0.000021 0.000074 0.000027 0.000117 0.000012 0.000032 0.000021 0.000046 0.000014 0.000085 0.000079 0.000052 0.000042 0.000068 0.000003 0.000007 0.000013 0.000077 0.000064 0.000032 0.000011 0.000019 0.000047 0.000289 0.000005 0.025605 0.002580 0.000369 0.000191 0.000618 0.000193 0.000126 0.000816 0.000526 0.001809 0.000118 0.000236 0.000061 0.000247 0.001767 0.000181 0.000566 0.000073 0.000499 0.000669 0.000047 0.000147 0.000364 0.000412 0.000037 0.000029 0.000121 0.000057 0.000861 0.000085 0.000025 0.000135 0.000093 0.000208 0.000090 0.000020 0.000232 0.000187 0.000066 0.000124 0.000097 0.000008 0.000087 0.000008 0.000017 0.000172 0.033482 0.000025 0.000074 0.000026 0.000006 0.000007 0.000047 0.000019 0.000051 0.000055 0.000124 0.000000 0.000002 0.000023 0.000028 0.000188 0.000035 0.000171 0.000144 0.000135 0.000000 0.000001 0.000032 0.000738 0.000017 0.000433 0.000067 0.000332 0.000019 0.000021 0.000088 0.000081 0.000163 0.000237 0.000493 0.001851 0.001808 0.000067 0.002392 0.000033 0.000173 0.000223 0.000974 0.000067 0.000030 0.000000 0.000181 0.000107 0.000157 0.000490 0.001791 0.005374 0.005043
0.001214 0.004072 0.013775 0.000019 0.004346 0.003369 0.004176 0.011431 0.000099 0.008670 0.011170 0.138365 0.042595 0.000082 0.000044 0.000045 0.000062 0.000004 0.000001 0.000014 0.000075 0.000108 0.000246 0.000354 0.000015 0.000002 0.000012 0.000154 0.002178 0.003942 0.009319 0.021474 0.024445 0.017294 0.022190 0.009381 0.004489 0.006461 0.004438 0.006087 0.027573 0.036947 0.054106 0.697041 0.000000 1.018413 0.087662 0.028338 0.014988 0.057005 0.033913 0.000314 0.000207 0.000419 0.000096 0.000084 0.000493 0.000148 0.000188 0.000162 0.001192 0.000263 0.000008 0.000022 0.000009 0.000086 0.000008 0.000005 0.000020 0.000183 0.000341 0.000021 0.000308 0.000011 0.000054 0.000025 0.000033 0.000088 0.000012 0.000013 0.000079 0.000220 0.000012 0.000042 0.000037 0.000034 0.000164 0.000018 0.000056 0.000022 0.000077 0.000006 0.000019 0.000016 0.000029 0.000011 0.000054 0.000046 0.000031 0.000032 0.000044 0.000003 0.000005 0.000008 0.000048 0.000050 0.000021 0.000009 0.000016 0.000034 0.000206 0.000003 0.004281 0.007412 0.000248 0.000087 0.000149 0.000124 0.000071 0.000511 0.000336 0.001119 0.000078 0.000169 0.000034 0.000150 0.003345 0.000128 0.000362 0.000041 0.000306 0.000470 0.000034 0.000102 0.000230 0.000309 0.000028 0.000022 0.000087 0.000057 0.000301 0.000060 0.000017 0.000089 0.000611 0.000149 0.000069 0.000016 0.000119 0.000124 0.000044 0.000104 0.000053 0.000007 0.000067 0.000005 0.000011 0.000113 0.001431 0.000017 0.000047 0.000018 0.000003 0.000005 0.000033 0.000020 0.000048 0.000041 0.000082 0.000000 0.000001 0.000016 0.000020 0.000162 0.000027 0.000178 0.000130 0.000118 0.000000 0.000001 0.000030 0.000558 0.000013 0.000325 0.000048 0.000240 0.000021 0.000012 0.000082 0.000084 0.000122 0.000203 0.000448 0.001763 0.001397 0.000086 0.003173 0.000038 0.000154 0.000320 0.001394 0.000070 0.000042 0.000000 0.000222 0.000113 0.000167 0.000516 0.002257 0.006850 0.006303
0.001991 0.006454 0.023113 0.000033 0.008218 0.005735 0.006592 0.020491 0.000171 0.015892 0.017376 0.162313 0.068577 0.000120 0.000070 0.000066 0.000094 0.000008 0.000001 0.000016 0.000118 0.000163 0.000340 0.000556 0.000031 0.000004 0.000013 0.000311 0.003812 0.006474 0.013540 0.030470 0.030619 0.028474 0.040307 0.019074 0.009042 0.013044 0.008456 0.008793 0.041751 0.046380 0.046726 0.080051 1.018413 0.000000 1.089382 0.175836 0.076364 0.145402 0.056613 0.000551 0.000366 0.000780 0.000162 0.000145 0.000918 0.000302 0.000339 0.000265 0.002086 0.000500 0.000015 0.000037 0.000014 0.000138 0.000011 0.000008 0.000037 0.000310 0.000583 0.000032 0.000495 0.000018 0.000091 0.000037 0.000052 0.000149 0.000021 0.000014 0.000138 0.000377 0.000017 0.000061 0.000060 0.000060 0.000266 0.000026 0.000092 0.000039 0.000060 0.000009 0.000032 0.000024 0.000047 0.000015 0.000085 0.000079 0.000055 0.000059 0.000071 0.000006 0.000008 0.000012 0.000075 0.000077 0.000041 0.000011 0.000023 0.000058 0.000185 0.000004 0.000138 0.001050 0.000377 0.000075 0.000206 0.000180 0.000135 0.000950 0.000589 0.001988 0.000130 0.000299 0.000064 0.000272 0.000152 0.000208 0.000599 0.000074 0.000516 0.000827 0.000051 0.000167 0.000430 0.000540 0.000046 0.000036 0.000150 0.000087 0.000148 0.000095 0.000032 0.000142 0.000047 0.000246 0.000114 0.000027 0.000214 0.000206 0.000071 0.000173 0.000097 0.000011 0.000107 0.000010 0.000020 0.000181 0.000255 0.000027 0.000076 0.000031 0.000005 0.000011 0.000061 0.000034 0.000089 0.000079 0.000135 0.000000 0.000002 0.000028 0.000037 0.000260 0.000043 0.000310 0.000220 0.000200 0.000001 0.000002 0.000057 0.001055 0.000025 0.000602 0.000086 0.000444 0.000033 0.000028 0.000156 0.000156 0.000211 0.000357 0.000806 0.003231 0.002576 0.000164 0.005960 0.000072 0.000272 0.000580 0.002470 0.000134 0.000084 0.000000 0.000418 0.000208 0.000305 0.000875 0.003993 0.012098 0.011193
0.002500 0.008463 0.036273 0.000057 0.013561 0.006454 0.007661 0.031659 0.000220 0.022896 0.017266 0.155674 0.091317 0.000209 0.000123 0.000127 0.000189 0.000013 0.000005 0.000033 0.000230 0.000254 0.000527 0.000810 0.000061 0.000006 0.000029 0.001323 0.010450 0.014075 0.026262 0.047206 0.029601 0.037689 0.166135 0.070713 0.023046 0.033289 0.020770 0.032467 0.093401 0.091272 0.085760 0.105777 0.087662 1.089382 0.000000 2.128410 0.649370 0.495682 0.174693 0.000697 0.000531 0.001162 0.000262 0.000227 0.001519 0.000494 0.000418 0.000351 0.003083 0.000747 0.000025 0.000060 0.000026 0.000194 0.000016 0.000010 0.000059 0.000507 0.000902 0.000047 0.000763 0.000030 0.000163 0.000046 0.000079 0.000223 0.000042 0.000035 0.000236 0.000544 0.000031 0.000083 0.000085 0.000118 0.000394 0.000036 0.000126 0.000040 0.000047 0.000014 0.000055 0.000033 0.000075 0.000021 0.000140 0.000137 0.000104 0.000080 0.000099 0.000005 0.000009 0.000019 0.000109 0.000082 0.000059 0.000016 0.000031 0.000096 0.000235 0.000006 0.000071 0.000083 0.000473 0.000082 0.000243 0.000256 0.000253 0.001569 0.001037 0.003048 0.000163 0.000397 0.000124 0.000454 0.000179 0.000241 0.000816 0.000134 0.000819 0.001200 0.000081 0.000185 0.000737 0.000717 0.000076 0.000046 0.000206 0.000088 0.000093 0.000157 0.000044 0.000220 0.000060 0.000339 0.000152 0.000027 0.000417 0.000298 0.000093 0.000219 0.000162 0.000013 0.000127 0.000013 0.000029 0.000277 0.000234 0.000030 0.000096 0.000038 0.000010 0.000020 0.000106 0.000055 0.000139 0.000128 0.000240 0.000000 0.000004 0.000046 0.000072 0.000370 0.000067 0.000432 0.000347 0.000357 0.000001 0.000006 0.000099 0.001691 0.000044 0.000965 0.000147 0.000657 0.000053 0.000050 0.000208 0.000196 0.000341 0.000475 0.001174 0.004193 0.003584 0.000187 0.007213 0.000098 0.000360 0.000654 0.002709 0.000177 0.000115 0.000000 0.000461 0.000235 0.000377 0.001025 0.004891 0.013366 0.012175
0.001354 0.004696 0.022375 0.000032 0.008811 0.003441 0.004138 0.019724 0.000120 0.014779 0.008795 0.095484 0.055547 0.000125 0.000076 0.000079 0.000130 0.000008 0.000003 0.000024 0.000145 0.000160 0.000275 0.000489 0.000037 0.000003 0.000015 0.001390 0.009133 0.011346 0.017902 0.025487 0.013460 0.018115 0.062771 0.153109 0.036134 0.034847 0.018847 0.035165 0.093809 0.084654 0.077122 0.043670 0.028338 0.175836 2.128410 0.000000 2.786753 0.662202 0.232328 0.000381 0.000303 0.000645 0.000141 0.000128 0.000874 0.000310 0.000221 0.000192 0.001722 0.000435 0.000013 0.000036 0.000012 0.000108 0.000011 0.000006 0.000034 0.000300 0.000545 0.000030 0.000471 0.000023 0.000091 0.000028 0.000047 0.000139 0.000027 0.000023 0.000151 0.000321 0.000022 0.000045 0.000050 0.000076 0.000237 0.000022 0.000068 0.000022 0.000026 0.000010 0.000034 0.000018 0.000045 0.000011 0.000080 0.000081 0.000072 0.000044 0.000058 0.000003 0.000005 0.000010 0.000060 0.000041 0.000032 0.000008 0.000016 0.000054 0.000137 0.000003 0.000033 0.000050 0.000258 0.000043 0.000135 0.000130 0.000159 0.000932 0.000638 0.001829 0.000090 0.000239 0.000079 0.000283 0.000087 0.000123 0.000461 0.000093 0.000501 0.000709 0.000056 0.000104 0.000490 0.000381 0.000039 0.000023 0.000125 0.000047 0.000036 0.000095 0.000024 0.000129 0.000033 0.000185 0.000083 0.000015 0.000315 0.000157 0.000049 0.000119 0.000097 0.000006 0.000066 0.000008 0.000018 0.000167 0.000115 0.000015 0.000053 0.000021 0.000007 0.000017 0.000055 0.000029 0.000081 0.000084 0.000157 0.000000 0.000004 0.000028 0.000050 0.000221 0.000043 0.000222 0.000197 0.000235 0.000001 0.000008 0.000050 0.001027 0.000023 0.000630 0.000085 0.000399 0.000037 0.000030 0.000115 0.000111 0.000199 0.000268 0.000644 0.002267 0.002031 0.000098 0.003805 0.000053 0.000245 0.000335 0.001420 0.000101 0.000061 0.000000 0.000255 0.000134 0.000212 0.000551 0.002585 0.006791 0.006372
0.000619 0.002039 0.009820 0.000017 0.004436 0.001768 0.001961 0.009711 0.000078 0.007667 0.004806 0.042454 0.062418 0.000057 0.000034 0.000030 0.000060 0.000004 0.000002 0.000008 0.000063 0.000074 0.000159 0.000262 0.000016 0.000002 0.000007 0.001120 0.006184 0.006608 0.008472 0.009406 0.005263 0.007046 0.015096 0.031645 0.049245 0.049362 0.016642 0.017606 0.045619 0.041876 0.032775 0.022174 0.014988 0.076364 0.649370 2.786753 0.000000 1.965665 0.426085 0.000299 0.000238 0.000496 0.000116 0.000094 0.000601 0.000253 0.000180 0.000133 0.001113 0.000316 0.000005 0.000013 0.000008 0.000047 0.000004 0.000003 0.000015 0.000135 0.000221 0.000011 0.000221 0.000009 0.000033 0.000014 0.000024 0.000054 0.000012 0.000011 0.000064 0.000136 0.000008 0.000020 0.000022 0.000035 0.000104 0.000008 0.000034 0.000010 0.000010 0.000003 0.000014 0.000007 0.000017 0.000004 0.000039 0.000034 0.000027 0.000022 0.000022 0.000002 0.000003 0.000004 0.000028 0.000020 0.000018 0.000004 0.000006 0.000023 0.000052 0.000002 0.000016 0.000020 0.000110 0.000020 0.000063 0.000058 0.000072 0.000405 0.000308 0.000755 0.000040 0.000119 0.000036 0.000121 0.000042 0.000061 0.000194 0.000035 0.000202 0.000325 0.000022 0.000047 0.000204 0.000182 0.000014 0.000012 0.000055 0.000019 0.000014 0.000045 0.000011 0.000053 0.000016 0.000086 0.000037 0.000007 0.000107 0.000067 0.000023 0.000059 0.000040 0.000003 0.000032 0.000003 0.000008 0.000074 0.000049 0.000006 0.000025 0.000012 0.000005 0.000005 0.000043 0.000022 0.000048 0.000051 0.000080 0.000000 0.000001 0.000014 0.000020 0.000118 0.000025 0.000158 0.000119 0.000108 0.000000 0.000001 0.000035 0.000665 0.000018 0.000369 0.000059 0.000276 0.000023 0.000024 0.000087 0.000078 0.000116 0.000155 0.000399 0.001412 0.001307 0.000069 0.002722 0.000033 0.000136 0.000258 0.000973 0.000067 0.000047 0.000000 0.000174 0.000084 0.000135 0.000338 0.001787 0.004335 0.004506
0.002004 0.005602 0.025838 0.000095 0.015321 0.007104 0.005868 0.030269 0.000440 0.028115 0.020054 0.094948 0.160592 0.000153 0.000089 0.000116 0.000157 0.000011 0.000004 0.000020 0.000142 0.000195 0.000514 0.000774 0.000046 0.000006 0.000020 0.010537 0.028474 0.028070 0.029475 0.025211 0.011213 0.015221 0.028289 0.043287 0.087080 0.338583 0.126956 0.110243 0.214576 0.181194 0.121759 0.070543 0.057005 0.145402 0.495682 0.662202 1.965665 0.000000 0.917545 0.001971 0.001434 0.002471 0.000596 0.000420 0.002724 0.001134 0.001099 0.000716 0.005044 0.002022 0.000019 0.000038 0.000017 0.000132 0.000013 0.000010 0.000036 0.000324 0.000550 0.000034 0.000600 0.000021 0.000103 0.000032 0.000065 0.000138 0.000023 0.000025 0.000145 0.000349 0.000019 0.000062 0.000058 0.000088 0.000295 0.000025 0.000105 0.000040 0.000022 0.000011 0.000033 0.000021 0.000050 0.000014 0.000089 0.000086 0.000075 0.000054 0.000054 0.000005 0.000007 0.000016 0.000063 0.000053 0.000045 0.000009 0.000017 0.000062 0.000142 0.000006 0.000042 0.000050 0.000262 0.000048 0.000160 0.000149 0.000203 0.001075 0.000770 0.001877 0.000095 0.000315 0.000079 0.000329 0.000094 0.000147 0.000439 0.000096 0.000486 0.000965 0.000051 0.000131 0.000530 0.000576 0.000048 0.000039 0.000193 0.000074 0.000030 0.000095 0.000039 0.000155 0.000036 0.000224 0.000124 0.000028 0.000281 0.000151 0.000058 0.000204 0.000092 0.000012 0.000104 0.000010 0.000026 0.000176 0.000131 0.000016 0.000060 0.000026 0.000012 0.000024 0.000145 0.000078 0.000215 0.000168 0.000245 0.000000 0.000005 0.000036 0.000061 0.000420 0.000067 0.000756 0.000401 0.000450 0.000002 0.000012 0.000189 0.002697 0.000059 0.001209 0.000229 0.001258 0.000086 0.000100 0.000354 0.000361 0.000472 0.000617 0.002106 0.006565 0.005208 0.000481 0.015108 0.000172 0.000510 0.001566 0.005848 0.000353 0.000287 0.000002 0.001007 0.000448 0.000700 0.001607 0.010616 0.024695 0.023419
0.001633 0.003635 0.024815 0.000169 0.020359 0.006241 0.003928 0.031965 0.000911 0.036836 0.018126 0.058664 0.131062 0.000152 0.000106 0.000210 0.000289 0.000029 0.000006 0.000027 0.000146 0.000222 0.000956 0.001349 0.000056 0.000027 0.000020 0.012708 0.044114 0.036453 0.020095 0.010773 0.004071 0.005898 0.010735 0.015755 0.029283 0.055049 0.144648 0.289934 0.386651 0.209168 0.097056 0.069633 0.033913 0.056613 0.174693 0.232328 0.426085 0.917545 0.000000 0.006766 0.004929 0.010743 0.002354 0.001440 0.009438 0.003546 0.004263 0.002306 0.017208 0.006538 0.000014 0.000030 0.000018 0.000087 0.000008 0.000007 0.000031 0.000217 0.000371 0.000024 0.000448 0.000015 0.000086 0.000019 0.000050 0.000107 0.000028 0.000024 0.000125 0.000257 0.000017 0.000044 0.000046 0.000076 0.000219 0.000021 0.000079 0.000035 0.000013 0.000007 0.000025 0.000016 0.000038 0.000011 0.000088 0.000068 0.000068 0.000047 0.000041 0.000004 0.000006 0.000010 0.000040 0.000037 0.000038 0.000011 0.000012 0.000062 0.000090 0.000004 0.000031 0.000033 0.000198 0.000043 0.000118 0.000107 0.000224 0.000791 0.000700 0.001269 0.000065 0.000256 0.000068 0.000271 0.000066 0.000105 0.000301 0.000075 0.000382 0.000787 0.000037 0.000100 0.000475 0.000459 0.000037 0.000038 0.000173 0.000067 0.000020 0.000093 0.000033 0.000110 0.000023 0.000179 0.000109 0.000021 0.000272 0.000124 0.000050 0.000172 0.000067 0.000010 0.000077 0.000012 0.000026 0.000158 0.000074 0.000012 0.000043 0.000020 0.000011 0.000055 0.000457 0.000300 0.000823 0.000375 0.000575 0.000000 0.000020 0.000051 0.000113 0.001203 0.000245 0.002904 0.000859 0.001025 0.000002 0.000046 0.000640 0.005779 0.000167 0.002640 0.000532 0.002170 0.000300 0.000383 0.000820 0.000785 0.001060 0.000817 0.004838 0.008500 0.007933 0.001646 0.034297 0.000570 0.001242 0.003989 0.010355 0.001076 0.001283 0.000003 0.002380 0.001044 0.001689 0.002187 0.026276 0.032887 0.033318
0.000209 0.000256 0.002059 0.000244 0.004639 0.010083 0.002564 0.042293 0.019648 0.050597 0.012940 0.003086 0.018710 0.000023 0.000010 0.000029 0.000065 0.000017 0.000001 0.000005 0.000337 0.000199 0.000979 0.001988 0.000683 0.000309 0.000094 0.002977 0.002458 0.000683 0.000276 0.000182 0.000139 0.000224 0.000282 0.000242 0.000192 0.000880 0.002923 0.024002 0.015388 0.002271 0.000354 0.000264 0.000314 0.000551 0.000697 0.000381 0.000299 0.001971 0.006766 0.000000 0.173686 0.350726 0.014534 0.001226 0.017761 0.001976 0.247194 0.057370 0.252535 0.050897 0.000001 0.000002 0.000002 0.000006 0.000001 0.000003 0.000004 0.000012 0.000030 0.000002 0.000029 0.000002 0.000004 0.000002 0.000002 0.000010 0.000001 0.000003 0.000010 0.000020 0.000001 0.000004 0.000005 0.000014 0.000034 0.000010 0.000046 0.000085 0.000001 0.000001 0.000003 0.000006 0.000005 0.000006 0.000022 0.000009 0.000014 0.000007 0.000009 0.000006 0.000000 0.000001 0.000004 0.000014 0.000011 0.000002 0.000003 0.000006 0.000009 0.000002 0.000013 0.000015 0.000072 0.000017 0.000059 0.000046 0.000113 0.000267 0.000242 0.000332 0.000036 0.000129 0.000029 0.000119 0.000025 0.000039 0.000096 0.000030 0.000100 0.000305 0.000015 0.000065 0.000154 0.000230 0.000014 0.000058 0.000208 0.000309 0.000005 0.000035 0.000062 0.000049 0.000007 0.000057 0.000062 0.000056 0.000107 0.000035 0.000017 0.000141 0.000024 0.000023 0.000094 0.000034 0.000043 0.000063 0.000014 0.000006 0.000019 0.000009 0.000001 0.000010 0.000155 0.000160 0.000402 0.000090 0.000539 0.000000 0.000039 0.000275 0.000790 0.003834 0.001104 0.025741 0.004716 0.007326 0.000163 0.000524 0.001580 0.001983 0.000388 0.000342 0.000366 0.001723 0.000075 0.000654 0.000212 0.000164 0.000216 0.000271 0.002014 0.001221 0.001130 0.086055 0.024952 0.012586 0.002595 0.010415 0.025648 0.001021 0.015499 0.000018 0.004111 0.002147 0.002955 0.006848 0.148040 0.025824 0.011299
0.006741 0.002807 0.021823 0.006378 0.057497 0.000539 0.000198 0.002639 0.000366 0.003432 0.016955 0.003854 0.030711 0.000051 0.000054 0.000426 0.001866 0.000574 0.000190 0.000039 0.000005 0.000008 0.000100 0.000131 0.000022 0.000011 0.000004 0.019138 0.012176 0.002270 0.000905 0.000443 0.000477 0.000958 0.000954 0.000896 0.000754 0.003760 0.012646 0.012849 0.007608 0.001195 0.000277 0.000213 0.000207 0.000366 0.000531 0.000303 0.000238 0.001434 0.004929 0.173686 0.000000 0.383483 0.257012 0.079001 0.212538 0.073206 0.015858 0.001018 0.014650 0.001905 0.000006 0.000009 0.000012 0.000031 0.000004 0.000003 0.000009 0.000121 0.000234 0.000009 0.000193 0.000011 0.000056 0.000009 0.000019 0.000029 0.000017 0.000034 0.000053 0.000258 0.000010 0.000028 0.000083 0.000039 0.000255 0.000059 0.000137 0.000213 0.000007 0.000003 0.000012 0.000036 0.000047 0.000036 0.000016 0.000026 0.000050 0.000096 0.000007 0.000010 0.000001 0.000003 0.000014 0.000075 0.000068 0.000040 0.000052 0.000014 0.000017 0.000003 0.000001 0.000001 0.000006 0.000001 0.000007 0.000003 0.000015 0.000034 0.000022 0.000054 0.000002 0.000008 0.000004 0.000011 0.000003 0.000004 0.000009 0.000002 0.000011 0.000043 0.000002 0.000005 0.000031 0.000049 0.000002 0.000008 0.000040 0.000042 0.000000 0.000003 0.000006 0.000007 0.000001 0.000008 0.000010 0.000004 0.000022 0.000007 0.000003 0.000022 0.000005 0.000005 0.000014 0.000000 0.000004 0.000007 0.000003 0.000000 0.000002 0.000001 0.000192 0.000296 0.002685 0.003959 0.009624 0.002159 0.002786 0.000078 0.000010 0.000004 0.000006 0.000122 0.000040 0.000608 0.000092 0.000307 0.000000 0.000003 0.072334 0.042470 0.009389 0.001921 0.011486 0.029035 0.000304 0.025461 0.004466 0.001268 0.003629 0.007100 0.133740 0.028297 0.014445 0.002628 0.003404 0.000268 0.000223 0.000791 0.001937 0.000155 0.000703 0.000000 0.000360 0.000218 0.000251 0.000387 0.005439 0.003094 0.002348
0.002169 0.001600 0.015052 0.002054 0.040329 0.003240 0.001711 0.018764 0.004121 0.048064 0.015357 0.005482 0.038340 0.000210 0.000082 0.000371 0.000787 0.000202 0.000112 0.000045 0.001903 0.000524 0.003940 0.006308 0.000882 0.000769 0.000372 0.026618 0.010213 0.002061 0.000792 0.000429 0.000415 0.000880 0.000974 0.000941 0.000762 0.003190 0.013742 0.051633 0.019192 0.002869 0.000533 0.000366 0.000419 0.000780 0.001162 0.000645 0.000496 0.002471 0.010743 0.350726 0.383483 0.000000 0.050517 0.023013 0.107718 0.051422 0.031522 0.061738 0.146987 0.035219 0.000016 0.000022 0.000022 0.000056 0.000010 0.000011 0.000018 0.000080 0.000149 0.000009 0.000136 0.000008 0.000032 0.000013 0.000029 0.000044 0.000012 0.000014 0.000051 0.000131 0.000006 0.000033 0.000037 0.000039 0.000134 0.000026 0.000061 0.000393 0.000007 0.000006 0.000012 0.000015 0.000016 0.000015 0.000082 0.000041 0.000029 0.000034 0.000023 0.000004 0.000003 0.000008 0.000020 0.000033 0.000027 0.000013 0.000015 0.000046 0.000022 0.000002 0.000073 0.000096 0.000241 0.000120 0.000222 0.000197 0.000088 0.000216 0.000175 0.000279 0.000034 0.000082 0.000028 0.000091 0.000069 0.000071 0.000142 0.000022 0.000086 0.000251 0.000012 0.000074 0.000106 0.000183 0.000011 0.000032 0.000121 0.001278 0.000014 0.000029 0.000024 0.000044 0.000015 0.000082 0.000053 0.000021 0.000124 0.000092 0.000025 0.000100 0.000030 0.000010 0.000055 0.000011 0.000018 0.000129 0.000062 0.000014 0.000039 0.000010 0.000051 0.000158 0.002135 0.003235 0.008852 0.002288 0.009946 0.000008 0.000666 0.000214 0.002499 0.004497 0.002692 0.019112 0.012726 0.061240 0.000231 0.010394 0.030446 0.041199 0.003258 0.007016 0.008946 0.016569 0.001350 0.035512 0.003030 0.002100 0.003062 0.003544 0.061134 0.016661 0.009744 0.021884 0.025162 0.004287 0.038534 0.006382 0.009202 0.021288 0.017071 0.000000 0.005247 0.018805 0.007455 0.007999 0.061466 0.016234 0.013220
0.007043 0.019651 0.101796 0.043961 0.046437 0.000595 0.002002 0.020395 0.007976 0.002545 0.005201 0.001503 0.014044 0.000050 0.000782 0.001565 0.004603 0.001322 0.000436 0.000077 0.000093 0.000308 0.000395 0.000269 0.000085 0.000062 0.000025 0.018997 0.007773 0.001272 0.000574 0.000264 0.000285 0.000567 0.000577 0.000585 0.000489 0.002154 0.008161 0.008869 0.003949 0.000664 0.000150 0.000104 0.000096 0.000162 0.000262 0.000141 0.000116 0.000596 0.002354 0.014534 0.257012 0.050517 0.000000 0.029369 0.531589 0.058449 0.007723 0.000736 0.041030 0.000779 0.000019 0.000019 0.000021 0.000033 0.000026 0.000054 0.000027 0.000052 0.000090 0.000011 0.000106 0.000004 0.000023 0.000022 0.000015 0.000027 0.000009 0.000010 0.000035 0.000102 0.000008 0.000210 0.000032 0.000025 0.000097 0.000027 0.000048 0.000357 0.000134 0.000031 0.000012 0.000018 0.000013 0.000017 0.000014 0.000029 0.000033 0.000040 0.000004 0.000006 0.000038 0.000015 0.000012 0.000034 0.000022 0.000014 0.000020 0.000023 0.000042 0.000001 0.000016 0.000006 0.000009 0.000013 0.000078 0.000007 0.000005 0.000011 0.000013 0.000025 0.000004 0.000007 0.000000 0.000005 0.000003 0.000002 0.000014 0.000003 0.000017 0.000016 0.000003 0.000008 0.000026 0.000021 0.000007 0.000002 0.000020 0.000054 0.000025 0.000010 0.000002 0.000004 0.000004 0.000007 0.000003 0.000002 0.000029 0.000009 0.000007 0.000005 0.000006 0.000003 0.000004 0.000000 0.000001 0.000017 0.000020 0.000009 0.000005 0.000004 0.004428 0.011204 0.078253 0.005943 0.024578 0.002974 0.003487 0.000127 0.000019 0.000895 0.001397 0.016262 0.000027 0.003712 0.000487 0.000486 0.000054 0.000000 0.141326 0.030749 0.012145 0.001449 0.009452 0.026617 0.000235 0.037675 0.003690 0.001707 0.003151 0.007175 0.119029 0.016906 0.009343 0.020814 0.001153 0.001566 0.000217 0.000430 0.003508 0.000183 0.000290 0.000000 0.000691 0.000373 0.000249 0.001078 0.007229 0.001139 0.001238
0.010213 0.005377 0.038305 0.010778 0.071448 0.000161 0.000085 0.001078 0.000259 0.001352 0.005758 0.001813 0.010649 0.001031 0.000477 0.002841 0.008569 0.002260 0.000725 0.000239 0.000015 0.000021 0.000072 0.000129 0.000030 0.000015 0.000008 0.009667 0.006023 0.001687 0.000485 0.000261 0.000263 0.000462 0.000485 0.000440 0.000355 0.001526 0.005186 0.004100 0.002193 0.000437 0.000119 0.000100 0.000084 0.000145 0.000227 0.000128 0.000094 0.000420 0.001440 0.001226 0.079001 0.023013 0.029369 0.000000 0.442123 0.063059 0.000964 0.002552 0.021925 0.000414 0.000077 0.000123 0.000104 0.000237 0.000043 0.000037 0.000068 0.000399 0.000430 0.000046 0.000740 0.000034 0.000165 0.000054 0.000138 0.000150 0.000062 0.000099 0.000200 0.000364 0.000036 0.000182 0.000110 0.000055 0.000272 0.000076 0.000141 0.001295 0.000042 0.000018 0.000056 0.000050 0.000068 0.000043 0.000099 0.000072 0.000099 0.000115 0.000019 0.000009 0.000016 0.000031 0.000084 0.000094 0.000091 0.000056 0.000059 0.000067 0.000131 0.000012 0.000002 0.000002 0.000006 0.000005 0.000014 0.000005 0.000008 0.000016 0.000013 0.000029 0.000003 0.000005 0.000001 0.000006 0.000002 0.000002 0.000015 0.000001 0.000018 0.000024 0.000002 0.000005 0.000036 0.000034 0.000005 0.000005 0.000044 0.000228 0.000000 0.000008 0.000003 0.000007 0.000001 0.000007 0.000007 0.000004 0.000035 0.000017 0.000003 0.000011 0.000023 0.000006 0.000008 0.000000 0.000003 0.000020 0.000002 0.000000 0.000002 0.000002 0.002170 0.002535 0.020270 0.020040 0.059862 0.008294 0.046792 0.000964 0.001615 0.000004 0.000003 0.000119 0.000079 0.000750 0.000077 0.000725 0.000000 0.000007 0.149779 0.029324 0.022066 0.034966 0.009756 0.034876 0.005135 0.024660 0.007426 0.010958 0.008518 0.015466 0.143409 0.017610 0.012798 0.002290 0.000809 0.000325 0.000484 0.000202 0.000872 0.000396 0.000207 0.000000 0.000231 0.000366 0.000187 0.000308 0.001272 0.000757 0.000760
0.084818 0.085709 0.247216 0.540872 0.811873 0.002400 0.004052 0.020061 0.031202 0.019998 0.034808 0.010903 0.062966 0.010734 0.004418 0.015164 0.043901 0.017496 0.011358 0.004943 0.000498 0.000873 0.002058 0.002305 0.000765 0.000484 0.000147 0.033274 0.028223 0.006942 0.002210 0.001237 0.001200 0.002347 0.002604 0.002488 0.001913 0.007158 0.026249 0.016797 0.011829 0.002450 0.000618 0.000522 0.000493 0.000918 0.001519 0.000874 0.000601 0.002724 0.009438 0.017761 0.212538 0.107718 0.531589 0.442123 0.000000 0.529204 0.009612 0.019011 0.336639 0.007387 0.001076 0.001443 0.001501 0.002103 0.000627 0.000426 0.000602 0.001806 0.002051 0.000285 0.002757 0.000140 0.000683 0.000524 0.001102 0.001069 0.000317 0.000412 0.000974 0.001338 0.000183 0.001853 0.000301 0.000239 0.000852 0.000136 0.000260 0.024073 0.000604 0.000193 0.000313 0.000110 0.000265 0.000100 0.000747 0.000469 0.000557 0.000238 0.000155 0.000079 0.000194 0.000241 0.000578 0.000202 0.000251 0.000148 0.000121 0.000631 0.001099 0.000063 0.000057 0.000043 0.000107 0.000074 0.000487 0.000091 0.000061 0.000183 0.000184 0.000294 0.000061 0.000080 0.000017 0.000064 0.000041 0.000050 0.000223 0.000030 0.000202 0.000202 0.000029 0.000054 0.000343 0.000187 0.000052 0.000023 0.000131 0.006488 0.000026 0.000074 0.000016 0.000039 0.000018 0.000106 0.000036 0.000013 0.000497 0.000256 0.000051 0.000056 0.000238 0.000027 0.000033 0.000005 0.000010 0.000279 0.000058 0.000017 0.000053 0.000022 0.022595 0.048251 0.199103 0.179736 0.442840 0.159886 0.556662 0.008349 0.001216 0.000874 0.001367 0.006074 0.000607 0.008067 0.001832 0.010415 0.000123 0.000018 0.883412 0.206404 0.126807 0.330080 0.056183 0.282324 0.031772 0.121124 0.038681 0.103805 0.040637 0.118750 0.815203 0.088279 0.066723 0.060331 0.008816 0.007773 0.007861 0.003028 0.017347 0.003655 0.001898 0.000003 0.003119 0.005140 0.001862 0.006064 0.027492 0.006567 0.006702
0.020554 0.012726 0.070438 0.009722 0.068853 0.000375 0.000185 0.001973 0.000213 0.003469 0.008910 0.006127 0.028169 0.000163 0.000254 0.000982 0.003779 0.001280 0.000380 0.000142 0.000015 0.000017 0.000069 0.000108 0.000024 0.000008 0.000003 0.015362 0.013013 0.002791 0.000953 0.000463 0.000483 0.001003 0.000993 0.000985 0.000866 0.003850 0.012489 0.005297 0.003913 0.000916 0.000239 0.000185 0.000148 0.000302 0.000494 0.000310 0.000253 0.001134 0.003546 0.001976 0.073206 0.051422 0.058449 0.063059 0.529204 0.000000 0.001978 0.000801 0.009194 0.001869 0.000030 0.000052 0.000039 0.000108 0.000027 0.000029 0.000045 0.000641 0.001097 0.000042 0.000519 0.000093 0.000355 0.000033 0.000063 0.000133 0.000110 0.000158 0.000315 0.001392 0.000048 0.000146 0.000708 0.000247 0.001871 0.000675 0.001223 0.000699 0.000026 0.000017 0.000055 0.000505 0.000336 0.000573 0.000081 0.000105 0.000239 0.000876 0.000047 0.000118 0.000008 0.000023 0.000072 0.000960 0.000526 0.000538 0.000802 0.000077 0.000038 0.000007 0.000001 0.000002 0.000006 0.000001 0.000015 0.000005 0.000023 0.000027 0.000030 0.000113 0.000006 0.000007 0.000007 0.000017 0.000003 0.000006 0.000018 0.000007 0.000023 0.000092 0.000003 0.000025 0.000104 0.000289 0.000006 0.000064 0.000440 0.000071 0.000001 0.000011 0.000052 0.000046 0.000002 0.000011 0.000070 0.000039 0.000105 0.000019 0.000004 0.000111 0.000024 0.000083 0.000113 0.000004 0.000022 0.000017 0.000002 0.000000 0.000004 0.000002 0.001348 0.002775 0.018248 0.008736 0.025258 0.011465 0.007481 0.000283 0.000043 0.000010 0.000006 0.000075 0.000017 0.000359 0.000068 0.000172 0.000001 0.000004 0.051622 0.030722 0.009589 0.004317 0.007801 0.023344 0.000601 0.006024 0.004764 0.002648 0.004101 0.010425 0.074071 0.025551 0.018522 0.002040 0.001752 0.000326 0.000292 0.000217 0.001146 0.000242 0.000072 0.000002 0.000263 0.000202 0.000192 0.000378 0.001687 0.001754 0.001676
0.000186 0.000181 0.001351 0.000631 0.001656 0.005306 0.001560 0.013923 0.014767 0.022815 0.005651 0.001116 0.008766 0.000012 0.000069 0.000390 0.000321 0.000079 0.000018 0.000009 0.000286 0.000313 0.000950 0.001651 0.000517 0.000352 0.000061 0.001740 0.001185 0.000300 0.000159 0.000090 0.000078 0.000124 0.000142 0.000114 0.000100 0.000359 0.001534 0.024033 0.011824 0.001322 0.000204 0.000154 0.000188 0.000339 0.000418 0.000221 0.000180 0.001099 0.004263 0.247194 0.015858 0.031522 0.007723 0.000964 0.009612 0.001978 0.000000 0.027737 0.371615 0.039653 0.000003 0.000004 0.000006 0.000006 0.000005 0.000011 0.000004 0.000006 0.000014 0.000004 0.000018 0.000001 0.000002 0.000004 0.000001 0.000012 0.000001 0.000005 0.000010 0.000009 0.000002 0.000004 0.000003 0.000004 0.000016 0.000004 0.000024 0.000027 0.000002 0.000008 0.000003 0.000002 0.000003 0.000002 0.000011 0.000014 0.000012 0.000004 0.000005 0.000003 0.000001 0.000006 0.000002 0.000005 0.000003 0.000001 0.000001 0.000006 0.000003 0.000001 0.000024 0.000009 0.000020 0.000016 0.000129 0.000016 0.000026 0.000089 0.000067 0.000110 0.000011 0.000030 0.000008 0.000028 0.000008 0.000007 0.000031 0.000011 0.000034 0.000137 0.000008 0.000024 0.000060 0.000123 0.000005 0.000027 0.000106 0.000193 0.000011 0.000016 0.000024 0.000019 0.000003 0.000019 0.000029 0.000026 0.000040 0.000010 0.000008 0.000079 0.000007 0.000012 0.000051 0.000009 0.000016 0.000028 0.000028 0.000002 0.000005 0.000003 0.000020 0.000040 0.000353 0.000125 0.000350 0.000059 0.000168 0.000000 0.000000 0.000524 0.000731 0.007349 0.000563 0.011634 0.001784 0.002908 0.000219 0.000012 0.003252 0.000674 0.000816 0.000230 0.000163 0.000888 0.000031 0.000193 0.000156 0.000175 0.000186 0.000306 0.001260 0.000519 0.000711 0.083113 0.015057 0.009586 0.000980 0.006882 0.013449 0.000626 0.010507 0.000000 0.003726 0.001424 0.001954 0.005471 0.086669 0.015656 0.007619
0.000105 0.000126 0.000929 0.000100 0.001680 0.006539 0.002767 0.025332 0.009106 0.063052 0.004393 0.001463 0.005943 0.000027 0.000025 0.000100 0.000125 0.000039 0.000019 0.000004 0.001120 0.000738 0.005698 0.009900 0.001423 0.000842 0.000312 0.000746 0.000689 0.000242 0.000136 0.000092 0.000069 0.000093 0.000127 0.000097 0.000086 0.000225 0.000935 0.009947 0.007185 0.001318 0.000252 0.000162 0.000162 0.000265 0.000351 0.000192 0.000133 0.000716 0.002306 0.057370 0.001018 0.061738 0.000736 0.002552 0.019011 0.000801 0.027737 0.000000 0.328629 0.039324 0.000003 0.000004 0.000005 0.000012 0.000003 0.000012 0.000011 0.000009 0.000022 0.000005 0.000026 0.000001 0.000004 0.000004 0.000005 0.000025 0.000002 0.000004 0.000016 0.000014 0.000004 0.000008 0.000004 0.000016 0.000030 0.000008 0.000034 0.000286 0.000001 0.000003 0.000007 0.000004 0.000004 0.000003 0.000074 0.000033 0.000019 0.000007 0.000022 0.000003 0.000002 0.000003 0.000008 0.000010 0.000007 0.000001 0.000002 0.000034 0.000007 0.000002 0.000073 0.000075 0.000238 0.000122 0.000282 0.000198 0.000142 0.000344 0.000358 0.000392 0.000062 0.000139 0.000036 0.000144 0.000075 0.000089 0.000194 0.000054 0.000150 0.000324 0.000028 0.000108 0.000160 0.000211 0.000027 0.000057 0.000189 0.001816 0.000027 0.000062 0.000052 0.000059 0.000020 0.000125 0.000068 0.000046 0.000178 0.000092 0.000039 0.000135 0.000039 0.000013 0.000079 0.000026 0.000037 0.000142 0.000051 0.000021 0.000051 0.000019 0.000003 0.000012 0.000084 0.000223 0.001138 0.000071 0.002140 0.000000 0.000035 0.002051 0.002607 0.011997 0.004000 0.042196 0.010392 0.061337 0.001353 0.001788 0.001170 0.000648 0.000363 0.000703 0.000154 0.000720 0.000148 0.000412 0.000247 0.000493 0.000221 0.000261 0.000991 0.000401 0.000642 0.076153 0.013826 0.009450 0.031137 0.006055 0.016899 0.016622 0.005878 0.000082 0.007203 0.016702 0.007530 0.011812 0.056639 0.010186 0.011023
0.001848 0.004024 0.016205 0.011560 0.023406 0.068183 0.061741 0.255372 0.530906 0.754708 0.031109 0.011459 0.050825 0.000285 0.000388 0.001147 0.001607 0.000543 0.000258 0.000108 0.015324 0.009006 0.038929 0.063148 0.017190 0.011303 0.005934 0.006199 0.006271 0.002044 0.000968 0.000703 0.000517 0.000887 0.001183 0.001004 0.000722 0.002186 0.008229 0.052366 0.038732 0.008538 0.001575 0.001101 0.001192 0.002086 0.003083 0.001722 0.001113 0.005044 0.017208 0.252535 0.014650 0.146987 0.041030 0.021925 0.336639 0.009194 0.371615 0.328629 0.000000 0.302725 0.000041 0.000080 0.000106 0.000146 0.000037 0.000095 0.000117 0.000093 0.000183 0.000064 0.000240 0.000009 0.000033 0.000053 0.000069 0.000281 0.000017 0.000031 0.000151 0.000107 0.000039 0.000149 0.000037 0.000123 0.000156 0.000032 0.000131 0.007184 0.000047 0.000048 0.000076 0.000018 0.000027 0.000015 0.000718 0.000315 0.000208 0.000032 0.000233 0.000018 0.000024 0.000051 0.000081 0.000043 0.000039 0.000011 0.000010 0.000277 0.000067 0.000012 0.000836 0.001056 0.002679 0.001325 0.003323 0.002048 0.000654 0.001977 0.002150 0.002211 0.000464 0.000910 0.000176 0.000749 0.000891 0.000851 0.001712 0.000334 0.001061 0.001266 0.000175 0.000941 0.000951 0.000762 0.000195 0.000139 0.000505 0.025573 0.000453 0.000446 0.000139 0.000255 0.000194 0.001089 0.000314 0.000126 0.001352 0.000934 0.000392 0.000427 0.000343 0.000141 0.000260 0.000107 0.000095 0.001572 0.000616 0.000265 0.000512 0.000154 0.000455 0.001156 0.004693 0.002520 0.010339 0.001549 0.017646 0.000014 0.000087 0.028151 0.045070 0.214610 0.036854 0.654561 0.225108 0.782917 0.017488 0.001969 0.032137 0.007963 0.005829 0.008983 0.001640 0.013191 0.001029 0.003625 0.001992 0.004101 0.001976 0.004125 0.019222 0.004531 0.005517 0.603197 0.128156 0.118671 0.335539 0.050627 0.159989 0.111712 0.052584 0.000067 0.055189 0.190943 0.051674 0.139877 0.634725 0.072131 0.071296
0.000211 0.000228 0.002072 0.000051 0.004440 0.028753 0.008129 0.087584 0.017103 0.065566 0.005328 0.005644 0.020990 0.000010 0.000015 0.000043 0.000041 0.000037 0.000000 0.000006 0.000158 0.000231 0.000706 0.001276 0.000601 0.000269 0.000098 0.001200 0.001493 0.000543 0.000240 0.000140 0.000123 0.000216 0.000301 0.000269 0.000201 0.000800 0.002847 0.023966 0.014029 0.002420 0.000295 0.000210 0.000263 0.000500 0.000747 0.000435 0.000316 0.002022 0.006538 0.050897 0.001905 0.035219 0.000779 0.000414 0.007387 0.001869 0.039653 0.039324 0.302725 0.000000 0.000001 0.000002 0.000003 0.000006 0.000001 0.000002 0.000005 0.000017 0.000082 0.000003 0.000020 0.000003 0.000009 0.000002 0.000003 0.000013 0.000002 0.000004 0.000017 0.000069 0.000004 0.000011 0.000049 0.000045 0.000236 0.000110 0.000356 0.000057 0.000002 0.000002 0.000004 0.000061 0.000036 0.000063 0.000020 0.000013 0.000020 0.000080 0.000014 0.000050 0.000001 0.000002 0.000005 0.000136 0.000081 0.000006 0.000031 0.000010 0.000006 0.000000 0.000021 0.000017 0.000073 0.000025 0.000087 0.000039 0.000256 0.000502 0.000360 0.000781 0.000038 0.000131 0.000121 0.000241 0.000033 0.000046 0.000110 0.000059 0.000172 0.001112 0.000036 0.000323 0.000359 0.001311 0.000031 0.000473 0.001845 0.000499 0.000013 0.000055 0.000675 0.000298 0.000017 0.000088 0.000337 0.000699 0.000284 0.000045 0.000033 0.001017 0.000044 0.000239 0.001008 0.000371 0.000636 0.000064 0.000016 0.000008 0.000027 0.000016 0.000006 0.000011 0.000108 0.000070 0.000209 0.000111 0.000121 0.000000 0.000006 0.001032 0.001929 0.009937 0.002558 0.030458 0.009555 0.006508 0.000370 0.000058 0.000455 0.001303 0.000234 0.000310 0.000120 0.000742 0.000044 0.000122 0.000151 0.000191 0.000139 0.000192 0.000618 0.001124 0.000924 0.021633 0.017944 0.004768 0.002376 0.004329 0.010780 0.000694 0.001963 0.000023 0.002667 0.001925 0.001792 0.005052 0.055309 0.018434 0.011200
0.000878 0.034316 0.001719 0.000271 0.011085 0.000030 0.000364 0.000103 0.000031 0.000230 0.001696 0.000301 0.000625 0.002378 0.012677 0.032365 0.010533 0.000191 0.000046 0.000345 0.000148 0.000340 0.000374 0.000136 0.000009 0.000005 0.000014 0.000012 0.000069 0.000064 0.000051 0.023762 0.012847 0.000437 0.000048 0.000026 0.000015 0.000033 0.000038 0.000003 0.000015 0.000011 0.000006 0.000014 0.000008 0.000015 0.000025 0.000013 0.000005 0.000019 0.000014 0.000001 0.000006 0.000016 0.000019 0.000077 0.001076 0.000030 0.000003 0.000003 0.000041 0.000001 0.000000 0.925607 0.725861 0.135808 1.861792 0.143264 0.012728 0.000256 0.000064 0.002399 0.000505 0.000034 0.000162 0.788676 0.026599 0.009055 0.000031 0.000122 0.000316 0.000396 0.000210 0.037338 0.000417 0.000025 0.000088 0.000155 0.000040 0.000573 0.013459 0.021529 0.000392 0.000334 0.000455 0.000197 0.002312 0.000366 0.002801 0.000171 0.000289 0.000055 0.014353 0.011869 0.001753 0.000051 0.000844 0.002300 0.000199 0.007072 0.071681 0.000476 0.000412 0.000952 0.000486 0.000807 0.005431 0.000937 0.000006 0.000005 0.000012 0.000018 0.000114 0.000011 0.000001 0.000003 0.000241 0.000067 0.000809 0.000005 0.000180 0.000017 0.000010 0.000084 0.000075 0.000034 0.000020 0.000003 0.000023 0.000009 0.000038 0.000047 0.000002 0.000008 0.000045 0.000121 0.000010 0.000004 0.001030 0.001764 0.000031 0.000011 0.000673 0.000015 0.000006 0.000003 0.000001 0.005606 0.000156 0.000029 0.000089 0.000018 0.002940 0.001088 0.000757 0.000099 0.000419 0.000460 0.000678 0.000055 0.000003 0.000015 0.000006 0.000013 0.000002 0.000007 0.000008 0.000006 0.000000 0.000000 0.000265 0.000673 0.000582 0.015517 0.000253 0.000784 0.000636 0.000007 0.001614 0.008186 0.001923 0.032382 0.000546 0.001359 0.003377 0.000021 0.000047 0.000011 0.000092 0.000006 0.000041 0.000020 0.000000 0.000000 0.000046 0.000105 0.000035 0.000838 0.000017 0.000040 0.000135
0.001210 0.037849 0.002988 0.000211 0.019244 0.000050 0.000855 0.000231 0.000040 0.000453 0.003459 0.000838 0.001512 0.000679 0.003462 0.004847 0.005943 0.000083 0.000017 0.000107 0.000147 0.000454 0.000364 0.000185 0.000011 0.000004 0.000016 0.000018 0.000098 0.000136 0.000089 0.000185 0.000584 0.000158 0.000115 0.000063 0.000032 0.000063 0.000077 0.000005 0.000027 0.000022 0.000014 0.000038 0.000022 0.000037 0.000060 0.000036 0.000013 0.000038 0.000030 0.000002 0.000009 0.000022 0.000019 0.000123 0.001443 0.000052 0.000004 0.000004 0.000080 0.000002 0.925607 0.000000 1.056886 1.691247 0.045600 0.032223 0.031983 0.000206 0.000070 0.005861 0.000733 0.000031 0.000127 0.392888 0.368547 0.017982 0.000027 0.000084 0.000306 0.000306 0.000275 0.039937 0.000377 0.000041 0.000085 0.000116 0.000037 0.000327 0.006217 0.016742 0.000627 0.000334 0.000409 0.000126 0.004506 0.000508 0.007169 0.000141 0.000563 0.000027 0.015548 0.014329 0.002088 0.000048 0.000658 0.001228 0.000151 0.025162 0.006669 0.000860 0.000990 0.002717 0.001623 0.002322 0.018303 0.003000 0.000007 0.000007 0.000015 0.000028 0.000293 0.000018 0.000003 0.000003 0.000694 0.000220 0.002324 0.000008 0.000307 0.000022 0.000022 0.000217 0.000104 0.000044 0.000038 0.000004 0.000038 0.000012 0.000102 0.000078 0.000003 0.000009 0.000133 0.000337 0.000010 0.000003 0.002696 0.005253 0.000067 0.000012 0.001790 0.000013 0.000006 0.000008 0.000001 0.022710 0.000357 0.000077 0.000220 0.000041 0.001067 0.000558 0.000778 0.000131 0.000439 0.000467 0.000764 0.000022 0.000004 0.000032 0.000012 0.000018 0.000002 0.000013 0.000012 0.000009 0.000000 0.000000 0.000296 0.001148 0.000816 0.018757 0.000296 0.001007 0.001036 0.000009 0.002502 0.008316 0.003378 0.043027 0.000716 0.002078 0.007087 0.000028 0.000081 0.000021 0.000152 0.000009 0.000073 0.000041 0.000001 0.000000 0.000063 0.000170 0.000055 0.001263 0.000030 0.000071 0.000241
0.000564 0.024747 0.001617 0.000305 0.012865 0.000036 0.000688 0.000182 0.000077 0.000514 0.001834 0.000298 0.000681 0.002228 0.009024 0.028013 0.012350 0.000139 0.000043 0.000280 0.000369 0.000937 0.000999 0.000416 0.000021 0.000010 0.000032 0.000012 0.000082 0.000095 0.000046 0.000073 0.000081 0.000042 0.000046 0.000029 0.000021 0.000036 0.000044 0.000003 0.000019 0.000017 0.000010 0.000017 0.000009 0.000014 0.000026 0.000012 0.000008 0.000017 0.000018 0.000002 0.000012 0.000022 0.000021 0.000104 0.001501 0.000039 0.000006 0.000005 0.000106 0.000003 0.725861 1.056886 0.000000 0.677330 0.522727 1.003388 0.856263 0.000034 0.000014 0.001768 0.000261 0.000011 0.000041 0.013823 0.001638 0.002029 0.000010 0.000031 0.000091 0.000053 0.000112 0.025396 0.000195 0.000018 0.000023 0.000024 0.000020 0.000278 0.004248 0.009006 0.000148 0.000085 0.000134 0.000087 0.002820 0.000277 0.004676 0.000019 0.000340 0.000026 0.007912 0.007108 0.000462 0.000017 0.000119 0.001122 0.000085 0.027569 0.012342 0.000282 0.000852 0.010087 0.001079 0.016477 0.017162 0.003747 0.000007 0.000007 0.000016 0.000016 0.000182 0.000017 0.000002 0.000006 0.000398 0.000128 0.001659 0.000008 0.000286 0.000013 0.000017 0.000172 0.000067 0.000014 0.000022 0.000002 0.000018 0.000007 0.000078 0.000087 0.000001 0.000006 0.000099 0.000232 0.000006 0.000002 0.001948 0.003824 0.000058 0.000006 0.001202 0.000009 0.000003 0.000004 0.000001 0.020715 0.000289 0.000065 0.000166 0.000028 0.001399 0.000660 0.000876 0.000155 0.000535 0.000492 0.000856 0.000034 0.000003 0.000046 0.000021 0.000031 0.000003 0.000022 0.000011 0.000018 0.000002 0.000000 0.000377 0.000854 0.000894 0.017948 0.000291 0.000946 0.000940 0.000009 0.002201 0.009327 0.002936 0.050069 0.000640 0.001438 0.004500 0.000081 0.000076 0.000023 0.000273 0.000010 0.000097 0.000054 0.000000 0.000000 0.000094 0.000281 0.000072 0.002041 0.000034 0.000059 0.000233
0.007644 0.078842 0.011381 0.000334 0.038856 0.000223 0.001760 0.000643 0.000057 0.000960 0.007608 0.002825 0.005362 0.002240 0.006620 0.007915 0.009356 0.000108 0.000035 0.000288 0.000225 0.000660 0.000720 0.000386 0.000019 0.000005 0.000028 0.000046 0.000342 0.000417 0.000275 0.000473 0.000395 0.000319 0.000405 0.000205 0.000107 0.000206 0.000247 0.000012 0.000079 0.000072 0.000046 0.000139 0.000086 0.000138 0.000194 0.000108 0.000047 0.000132 0.000087 0.000006 0.000031 0.000056 0.000033 0.000237 0.002103 0.000108 0.000006 0.000012 0.000146 0.000006 0.135808 1.691247 0.677330 0.000000 0.055279 0.157213 1.463659 0.003435 0.001324 0.038794 0.007735 0.000339 0.001371 0.362108 0.768408 0.887512 0.000306 0.001182 0.006676 0.005385 0.002194 0.075113 0.001800 0.000520 0.001385 0.002140 0.000383 0.000425 0.009664 0.034927 0.028110 0.003651 0.003983 0.000611 0.050128 0.008362 0.020145 0.002759 0.003204 0.000046 0.033870 0.044730 0.093610 0.000525 0.010037 0.001528 0.000724 0.134558 0.011011 0.006999 0.001418 0.003400 0.003890 0.005135 0.037222 0.007158 0.000038 0.000034 0.000112 0.000242 0.000885 0.000082 0.000013 0.000025 0.001130 0.000628 0.006940 0.000037 0.001470 0.000186 0.000087 0.000489 0.000937 0.000463 0.000185 0.000039 0.000259 0.000020 0.000174 0.000354 0.000025 0.000088 0.000263 0.001104 0.000114 0.000009 0.008057 0.016718 0.000238 0.000123 0.006809 0.000033 0.000065 0.000011 0.000013 0.055925 0.000561 0.000169 0.000619 0.000131 0.001300 0.000714 0.001123 0.000210 0.000617 0.000609 0.000998 0.000030 0.000005 0.000041 0.000018 0.000037 0.000006 0.000026 0.000020 0.000021 0.000001 0.000000 0.000600 0.003528 0.001885 0.029375 0.000577 0.002162 0.002055 0.000022 0.005790 0.012818 0.008323 0.085636 0.001568 0.005835 0.020801 0.000038 0.000189 0.000049 0.000251 0.000021 0.000130 0.000075 0.000001 0.000000 0.000156 0.000320 0.000128 0.002605 0.000082 0.000208 0.000599
0.000786 0.025747 0.001278 0.000382 0.006081 0.000027 0.000211 0.000083 0.000064 0.000156 0.000859 0.000189 0.000400 0.029902 0.108632 0.174497 0.036440 0.000286 0.000368 0.003757 0.000712 0.001527 0.001442 0.000549 0.000031 0.000023 0.000066 0.000006 0.000088 0.000210 0.004481 0.012153 0.000237 0.000030 0.000030 0.000018 0.000010 0.000025 0.000027 0.000002 0.000020 0.000039 0.000063 0.000024 0.000008 0.000011 0.000016 0.000011 0.000004 0.000013 0.000008 0.000001 0.000004 0.000010 0.000026 0.000043 0.000627 0.000027 0.000005 0.000003 0.000037 0.000001 1.861792 0.045600 0.522727 0.055279 0.000000 1.535072 0.032975 0.000201 0.000057 0.001500 0.000451 0.000028 0.000126 0.142091 0.014640 0.007259 0.000028 0.000098 0.000274 0.000337 0.000190 0.026638 0.000369 0.000043 0.000081 0.000138 0.000111 0.000622 0.018244 0.022727 0.000383 0.000312 0.000375 0.000222 0.003900 0.000361 0.001805 0.000151 0.001001 0.000072 0.012139 0.007598 0.001522 0.000053 0.000704 0.002310 0.000187 0.038645 0.825514 0.000391 0.000899 0.000538 0.000254 0.001395 0.008175 0.000691 0.000007 0.000006 0.000012 0.000027 0.000076 0.000007 0.000002 0.000003 0.000118 0.000040 0.000536 0.000005 0.000167 0.000016 0.000011 0.000050 0.000095 0.000030 0.000018 0.000003 0.000020 0.000006 0.000022 0.000044 0.000002 0.000007 0.000027 0.000110 0.000009 0.000004 0.000800 0.001094 0.000034 0.000009 0.000581 0.000017 0.000007 0.000002 0.000001 0.003940 0.000249 0.000017 0.000056 0.000014 0.003923 0.001154 0.000516 0.000053 0.000259 0.000279 0.000428 0.000098 0.000003 0.000011 0.000004 0.000009 0.000000 0.000004 0.000003 0.000004 0.000000 0.000000 0.000359 0.000354 0.000556 0.009256 0.000173 0.000652 0.000310 0.000006 0.000868 0.005694 0.000946 0.055266 0.000434 0.000841 0.001784 0.000053 0.000027 0.000009 0.000062 0.000004 0.000059 0.000016 0.000000 0.000000 0.000026 0.000080 0.000025 0.002015 0.000031 0.000027 0.000093
0.000670 0.007610 0.000844 0.000481 0.003891 0.000104 0.000853 0.000265 0.000194 0.000546 0.000641 0.000148 0.000306 0.127285 0.180766 0.433358 0.108189 0.000470 0.000926 0.006743 0.002389 0.004847 0.007109 0.002610 0.000075 0.000066 0.000241 0.000003 0.000041 0.000164 0.001597 0.000260 0.000018 0.000014 0.000020 0.000012 0.000006 0.000014 0.000020 0.000003 0.000011 0.000030 0.000022 0.000009 0.000005 0.000008 0.000010 0.000006 0.000003 0.000010 0.000007 0.000003 0.000003 0.000011 0.000054 0.000037 0.000426 0.000029 0.000011 0.000012 0.000095 0.000002 0.143264 0.032223 1.003388 0.157213 1.535072 0.000000 1.855760 0.000025 0.000332 0.001894 0.000745 0.000014 0.000028 0.005732 0.001276 0.013379 0.000009 0.000018 0.000146 0.000054 0.000192 0.006149 0.000138 0.000854 0.000518 0.000053 0.003987 0.000149 0.006750 0.003221 0.000440 0.000072 0.000096 0.000083 0.099420 0.001579 0.022691 0.000040 0.036150 0.000956 0.002026 0.001944 0.000859 0.000278 0.000077 0.000391 0.000052 1.458026 0.325435 0.000201 0.002479 0.003905 0.002326 0.012414 0.077478 0.007278 0.000029 0.000032 0.000093 0.000134 0.000414 0.000047 0.000009 0.000019 0.000558 0.000265 0.003308 0.000036 0.000886 0.000044 0.000051 0.000229 0.001586 0.000177 0.000121 0.000014 0.000261 0.000013 0.000090 0.000232 0.000011 0.000025 0.000117 0.000549 0.000025 0.000011 0.006737 0.009996 0.000137 0.000034 0.005928 0.000106 0.000028 0.000008 0.000006 0.077922 0.000748 0.000077 0.000293 0.000067 0.000731 0.000261 0.000312 0.000038 0.000137 0.000212 0.000222 0.000016 0.000004 0.000040 0.000014 0.000023 0.000005 0.000016 0.000018 0.000013 0.000001 0.000000 0.000534 0.000357 0.000703 0.003734 0.000102 0.000609 0.000228 0.000002 0.000708 0.002460 0.001115 0.244874 0.000387 0.000617 0.001819 0.000156 0.000091 0.000048 0.000206 0.000010 0.000149 0.000040 0.000000 0.000000 0.000101 0.000277 0.000084 0.008782 0.000079 0.000076 0.000272
0.001583 0.019177 0.003950 0.000164 0.012248 0.000108 0.001710 0.000568 0.000072 0.001044 0.002412 0.000661 0.001507 0.006085 0.013918 0.014249 0.006803 0.000086 0.000111 0.000798 0.000423 0.001276 0.001549 0.000662 0.000031 0.000011 0.000053 0.000011 0.000088 0.000108 0.000075 0.000116 0.000078 0.000072 0.000103 0.000051 0.000030 0.000056 0.000078 0.000003 0.000023 0.000024 0.000017 0.000037 0.000020 0.000037 0.000059 0.000034 0.000015 0.000036 0.000031 0.000004 0.000009 0.000018 0.000027 0.000068 0.000602 0.000045 0.000004 0.000011 0.000117 0.000005 0.012728 0.031983 0.856263 1.463659 0.032975 1.855760 0.000000 0.000210 0.000353 0.012079 0.003500 0.000071 0.000149 0.011528 0.008949 0.325339 0.000054 0.000126 0.001429 0.000618 0.000744 0.014132 0.000299 0.000566 0.000486 0.000189 0.000257 0.000076 0.001476 0.004523 0.007287 0.000279 0.000412 0.000058 0.520128 0.008917 0.024063 0.000312 0.067498 0.000055 0.004843 0.008203 0.009148 0.000093 0.000716 0.000257 0.000078 0.569964 0.006444 0.000906 0.001322 0.003838 0.003768 0.014497 0.041212 0.016097 0.000021 0.000026 0.000082 0.000096 0.000917 0.000082 0.000007 0.000016 0.000874 0.000619 0.007067 0.000026 0.001179 0.000075 0.000078 0.000448 0.000696 0.000129 0.000158 0.000009 0.000168 0.000012 0.000158 0.000342 0.000009 0.000032 0.000235 0.001157 0.000039 0.000002 0.009381 0.020079 0.000240 0.000032 0.008050 0.000044 0.000013 0.000012 0.000004 0.071997 0.000560 0.000179 0.000642 0.000147 0.000349 0.000201 0.000329 0.000059 0.000163 0.000150 0.000270 0.000008 0.000002 0.000054 0.000026 0.000052 0.000009 0.000036 0.000026 0.000025 0.000001 0.000001 0.000395 0.001524 0.001093 0.009022 0.000259 0.000928 0.000856 0.000006 0.002738 0.005112 0.004161 0.066783 0.000713 0.002243 0.008851 0.000053 0.000143 0.000057 0.000361 0.000018 0.000122 0.000097 0.000000 0.000000 0.000175 0.000465 0.000170 0.003397 0.000063 0.000125 0.000595
0.393575 0.533197 0.227803 0.000193 0.087254 0.001672 0.000875 0.001400 0.000036 0.000831 0.012849 0.004996 0.023339 0.000299 0.000610 0.000632 0.000463 0.000030 0.000010 0.000179 0.000007 0.000012 0.000012 0.000012 0.000003 0.000000 0.000002 0.000084 0.000459 0.000391 0.000363 0.000584 0.000376 0.000412 0.000627 0.000424 0.000212 0.000424 0.000507 0.000022 0.000090 0.000115 0.000092 0.000302 0.000183 0.000310 0.000507 0.000300 0.000135 0.000324 0.000217 0.000012 0.000121 0.000080 0.000052 0.000399 0.001806 0.000641 0.000006 0.000009 0.000093 0.000017 0.000256 0.000206 0.000034 0.003435 0.000201 0.000025 0.000210 0.000000 0.572552 0.005769 0.206448 0.028586 0.728962 0.015696 0.014877 0.065612 0.503573 0.959404 0.656154 0.809503 0.027180 0.080787 0.043537 0.007826 0.012694 0.006052 0.002924 0.000148 0.000674 0.006710 0.176322 0.016958 0.102022 0.001121 0.000573 0.002830 0.013651 0.025541 0.000557 0.000043 0.001165 0.003112 0.078753 0.002540 0.108647 0.002705 0.004774 0.000207 0.000342 0.004032 0.000007 0.000004 0.000064 0.000004 0.000045 0.000014 0.001587 0.001225 0.001096 0.008814 0.000262 0.000182 0.000214 0.000696 0.000062 0.000073 0.000432 0.000616 0.001679 0.003968 0.000445 0.000176 0.015651 0.003315 0.000323 0.000128 0.001071 0.000013 0.000014 0.000355 0.000087 0.001052 0.000055 0.000163 0.000530 0.000041 0.008700 0.000670 0.000094 0.000382 0.001266 0.000051 0.000207 0.000006 0.000040 0.000113 0.000014 0.000010 0.000115 0.000055 0.000090 0.000056 0.000102 0.000038 0.000120 0.000060 0.001017 0.000015 0.000010 0.000002 0.000002 0.000006 0.000001 0.000006 0.000005 0.000008 0.000000 0.000000 0.000124 0.055977 0.003513 0.003250 0.001603 0.006100 0.000579 0.000121 0.012159 0.001905 0.011590 0.019787 0.003703 0.131250 0.227496 0.000009 0.000450 0.000122 0.000019 0.000024 0.000159 0.000012 0.000001 0.000000 0.000092 0.000028 0.000097 0.000485 0.000121 0.000958 0.000806
0.501221 0.529922 0.292602 0.000493 0.141395 0.022731 0.011192 0.011659 0.000137 0.005359 0.022703 0.010266 0.042225 0.000489 0.000701 0.000716 0.000681 0.000065 0.000019 0.000230 0.000037 0.000048 0.000033 0.000034 0.000007 0.000003 0.000011 0.000178 0.000895 0.000686 0.000571 0.001085 0.000710 0.000769 0.001153 0.000737 0.000369 0.000792 0.000870 0.000052 0.000214 0.000209 0.000166 0.000556 0.000341 0.000583 0.000902 0.000545 0.000221 0.000550 0.000371 0.000030 0.000234 0.000149 0.000090 0.000430 0.002051 0.001097 0.000014 0.000022 0.000183 0.000082 0.000064 0.000070 0.000014 0.001324 0.000057 0.000332 0.000353 0.572552 0.000000 0.004575 0.121794 0.023263 0.075086 0.001819 0.001931 0.021293 0.034097 0.018469 0.735723 0.608962 0.009775 0.039184 0.049114 1.017210 0.702942 0.005057 0.325233 0.000320 0.000184 0.001296 0.009694 0.010123 0.055119 0.001483 0.003351 0.034620 0.178413 0.020788 0.026993 0.003728 0.000375 0.001188 0.010284 0.009564 0.019992 0.002541 0.005481 0.004012 0.000196 0.000534 0.000039 0.000014 0.000571 0.000012 0.000225 0.000080 0.016274 0.012017 0.005042 0.153579 0.001121 0.001409 0.002468 0.008192 0.000590 0.000851 0.002145 0.003793 0.007440 0.046887 0.002148 0.002535 0.188399 0.070338 0.001519 0.000642 0.016031 0.000041 0.000118 0.001643 0.000596 0.016268 0.000507 0.001546 0.007426 0.000206 0.067932 0.002918 0.000670 0.003380 0.005957 0.000411 0.001410 0.000055 0.000340 0.000879 0.000103 0.000079 0.000552 0.000289 0.000053 0.000040 0.000089 0.000046 0.000127 0.000074 0.000979 0.000013 0.000009 0.000009 0.000004 0.000011 0.000003 0.000017 0.000010 0.000019 0.000000 0.000000 0.000217 0.105244 0.004109 0.004496 0.003722 0.011892 0.000851 0.000250 0.023980 0.003743 0.023304 0.044206 0.008446 0.270978 0.420100 0.000030 0.004774 0.000435 0.000067 0.000287 0.001063 0.000034 0.000014 0.000000 0.000914 0.000152 0.001073 0.003424 0.000773 0.016720 0.008247
0.018325 0.069023 0.007571 0.000154 0.008369 0.000426 0.001444 0.000591 0.000047 0.000790 0.001718 0.000678 0.001419 0.000551 0.001029 0.000712 0.000772 0.000016 0.000008 0.000063 0.000032 0.000170 0.000119 0.000066 0.000010 0.000001 0.000008 0.000005 0.000065 0.000075 0.000059 0.000100 0.000072 0.000060 0.000082 0.000044 0.000026 0.000046 0.000058 0.000003 0.000014 0.000017 0.000010 0.000036 0.000021 0.000032 0.000047 0.000030 0.000011 0.000034 0.000024 0.000002 0.000009 0.000009 0.000011 0.000046 0.000285 0.000042 0.000004 0.000005 0.000064 0.000003 0.002399 0.005861 0.001768 0.038794 0.001500 0.001894 0.012079 0.005769 0.004575 0.000000 0.872551 0.145458 0.009339 0.017043 0.021125 0.099831 0.008898 0.006945 0.048786 0.005097 0.700925 0.398386 0.067573 0.003666 0.002265 0.001209 0.000866 0.000164 0.003969 0.040552 0.031862 0.013684 0.042771 0.000479 0.026265 0.033668 0.015710 0.001938 0.011764 0.000079 0.317748 0.743661 0.096793 0.001409 0.004869 0.002949 0.008983 0.017620 0.001061 0.299194 0.000108 0.000123 0.000476 0.000170 0.001578 0.000394 0.000061 0.000100 0.000659 0.000624 0.001400 0.000208 0.000036 0.000068 0.000253 0.000300 0.004090 0.000212 0.004968 0.000183 0.000470 0.000383 0.004415 0.000420 0.000844 0.000068 0.000319 0.000009 0.000093 0.001003 0.000053 0.000126 0.000275 0.001072 0.000124 0.000024 0.008743 0.006559 0.000678 0.000139 0.009363 0.000044 0.000102 0.000009 0.000024 0.003394 0.000119 0.000117 0.000746 0.000323 0.000402 0.000185 0.000171 0.000022 0.000066 0.000068 0.000113 0.000015 0.000001 0.000022 0.000007 0.000019 0.000004 0.000015 0.000011 0.000013 0.000000 0.000000 0.000204 0.004442 0.001477 0.003778 0.000196 0.000843 0.000437 0.000007 0.002826 0.001482 0.007642 0.014976 0.000929 0.004619 0.014738 0.000028 0.000267 0.000066 0.000138 0.000017 0.000076 0.000058 0.000001 0.000000 0.000189 0.000215 0.000213 0.001599 0.000058 0.000208 0.000765
0.116045 0.447937 0.120879 0.000495 0.043727 0.000824 0.001148 0.001732 0.000050 0.001158 0.011531 0.006644 0.023829 0.001165 0.001169 0.001190 0.001719 0.000057 0.000014 0.000529 0.000038 0.000148 0.000160 0.000099 0.000009 0.000002 0.000011 0.000209 0.001685 0.001662 0.001215 0.001326 0.000959 0.001022 0.001292 0.000867 0.000570 0.001022 0.001289 0.000079 0.000376 0.000354 0.000236 0.000490 0.000308 0.000495 0.000763 0.000471 0.000221 0.000600 0.000448 0.000029 0.000193 0.000136 0.000106 0.000740 0.002757 0.000519 0.000018 0.000026 0.000240 0.000020 0.000505 0.000733 0.000261 0.007735 0.000451 0.000745 0.003500 0.206448 0.121794 0.872551 0.000000 0.746057 0.124113 0.009364 0.008434 0.093264 0.085954 0.067274 0.253214 0.046540 0.193219 1.119370 0.688895 0.025484 0.009731 0.002427 0.001886 0.000280 0.002848 0.028193 0.042956 0.020320 0.118656 0.000777 0.016204 0.046178 0.016274 0.005833 0.010550 0.000101 0.018407 0.082268 0.046704 0.002726 0.011542 0.008933 0.014471 0.007873 0.000936 0.021679 0.000050 0.000044 0.000281 0.000075 0.000753 0.000186 0.000229 0.000316 0.001266 0.001603 0.000925 0.000358 0.000071 0.000173 0.000158 0.000224 0.002862 0.000422 0.004637 0.000446 0.000577 0.000269 0.008869 0.000898 0.001030 0.000105 0.000649 0.000020 0.000049 0.001249 0.000075 0.000203 0.000164 0.001112 0.000214 0.000039 0.010843 0.004862 0.000671 0.000224 0.008562 0.000074 0.000142 0.000007 0.000030 0.002217 0.000069 0.000068 0.000446 0.000238 0.000600 0.000416 0.000852 0.000152 0.000440 0.000319 0.001138 0.000065 0.000009 0.000018 0.000010 0.000029 0.000008 0.000025 0.000021 0.000023 0.000000 0.000000 0.000273 0.018739 0.002028 0.009239 0.000665 0.002357 0.001141 0.000066 0.006464 0.001893 0.011178 0.014188 0.002475 0.024032 0.073940 0.000051 0.000711 0.000093 0.000133 0.000057 0.000222 0.000082 0.000004 0.000000 0.000261 0.000230 0.000289 0.001509 0.000253 0.000719 0.001561
0.029216 0.073770 0.019497 0.000033 0.007956 0.000340 0.000192 0.000204 0.000010 0.000138 0.000960 0.000293 0.001250 0.000029 0.000057 0.000043 0.000041 0.000002 0.000001 0.000009 0.000001 0.000007 0.000005 0.000003 0.000000 0.000000 0.000000 0.000003 0.000020 0.000022 0.000015 0.000027 0.000017 0.000019 0.000031 0.000024 0.000010 0.000021 0.000028 0.000002 0.000005 0.000008 0.000007 0.000018 0.000011 0.000018 0.000030 0.000023 0.000009 0.000021 0.000015 0.000002 0.000011 0.000008 0.000004 0.000034 0.000140 0.000093 0.000001 0.000001 0.000009 0.000003 0.000034 0.000031 0.000011 0.000339 0.000028 0.000014 0.000071 0.028586 0.023263 0.145458 0.746057 0.000000 0.700628 0.001671 0.001009 0.003962 0.569012 0.040022 0.010662 0.024256 0.314369 0.106519 0.402265 0.002294 0.013245 0.000407 0.001538 0.000028 0.000321 0.003915 0.015080 0.001729 0.292840 0.000131 0.000362 0.001505 0.003291 0.001631 0.000325 0.000014 0.001214 0.007702 0.009927 0.000683 0.002229 0.001440 0.002261 0.000141 0.000035 0.003014 0.000002 0.000001 0.000014 0.000002 0.000014 0.000004 0.000124 0.000113 0.000193 0.001616 0.000082 0.000041 0.000046 0.000073 0.000013 0.000015 0.000120 0.000132 0.000415 0.000648 0.000105 0.000059 0.002104 0.001421 0.000073 0.000034 0.000477 0.000001 0.000003 0.000086 0.000020 0.000260 0.000015 0.000037 0.000188 0.000010 0.001570 0.000169 0.000027 0.000132 0.000302 0.000010 0.000067 0.000001 0.000012 0.000033 0.000003 0.000004 0.000035 0.000015 0.000028 0.000013 0.000014 0.000003 0.000011 0.000007 0.000072 0.000005 0.000001 0.000001 0.000001 0.000000 0.000000 0.000001 0.000001 0.000001 0.000000 0.000000 0.000013 0.004159 0.000176 0.000402 0.000191 0.000557 0.000088 0.000012 0.000982 0.000194 0.001389 0.002128 0.000454 0.010046 0.013078 0.000003 0.000092 0.000009 0.000005 0.000007 0.000025 0.000002 0.000001 0.000000 0.000022 0.000008 0.000027 0.000151 0.000022 0.000236 0.000141
0.282125 0.151043 0.092897 0.000082 0.035696 0.001036 0.000494 0.000731 0.000017 0.000444 0.004158 0.001296 0.007069 0.000112 0.000303 0.000285 0.000273 0.000022 0.000006 0.000049 0.000002 0.000009 0.000008 0.000005 0.000001 0.000000 0.000001 0.000028 0.000133 0.000130 0.000107 0.000151 0.000099 0.000106 0.000176 0.000131 0.000062 0.000124 0.000181 0.000007 0.000032 0.000033 0.000031 0.000081 0.000054 0.000091 0.000163 0.000091 0.000033 0.000103 0.000086 0.000004 0.000056 0.000032 0.000023 0.000165 0.000683 0.000355 0.000002 0.000004 0.000033 0.000009 0.000162 0.000127 0.000041 0.001371 0.000126 0.000028 0.000149 0.728962 0.075086 0.009339 0.124113 0.700628 0.000000 0.018458 0.011550 0.017001 0.878291 0.226142 0.032888 0.147779 0.051692 0.018430 0.022820 0.004574 0.015782 0.001042 0.002470 0.000046 0.001125 0.018565 0.071288 0.011943 0.605425 0.000212 0.000620 0.002078 0.009146 0.002549 0.000454 0.000016 0.001797 0.010916 0.055167 0.000623 0.025348 0.000693 0.001759 0.000257 0.000263 0.012771 0.000004 0.000001 0.000034 0.000002 0.000031 0.000008 0.000923 0.000522 0.000301 0.006439 0.000100 0.000068 0.000121 0.000361 0.000034 0.000038 0.000237 0.000201 0.000615 0.002858 0.000122 0.000090 0.008320 0.002907 0.000092 0.000041 0.000797 0.000004 0.000005 0.000139 0.000029 0.000736 0.000024 0.000099 0.000325 0.000014 0.005018 0.000287 0.000049 0.000149 0.000558 0.000013 0.000071 0.000002 0.000018 0.000068 0.000008 0.000005 0.000048 0.000021 0.000084 0.000029 0.000035 0.000010 0.000041 0.000022 0.000459 0.000008 0.000004 0.000002 0.000001 0.000003 0.000001 0.000004 0.000002 0.000003 0.000000 0.000000 0.000066 0.027065 0.002056 0.000933 0.001133 0.003848 0.000165 0.000093 0.005767 0.000990 0.006887 0.011385 0.002183 0.071908 0.069493 0.000004 0.000281 0.000066 0.000013 0.000017 0.000072 0.000007 0.000002 0.000000 0.000057 0.000024 0.000068 0.000279 0.000056 0.000729 0.000465
0.014567 0.044530 0.005782 0.000183 0.009542 0.000275 0.001219 0.000333 0.000031 0.000538 0.002059 0.000882 0.001559 0.000670 0.005806 0.004451 0.002590 0.000075 0.000012 0.000101 0.000037 0.000188 0.000155 0.000070 0.000008 0.000001 0.000005 0.000010 0.000080 0.000099 0.000337 0.024176 0.007643 0.000080 0.000098 0.000049 0.000023 0.000051 0.000050 0.000004 0.000019 0.000021 0.000015 0.000038 0.000025 0.000037 0.000046 0.000028 0.000014 0.000032 0.000019 0.000002 0.000009 0.000013 0.000022 0.000054 0.000524 0.000033 0.000004 0.000004 0.000053 0.000002 0.788676 0.392888 0.013823 0.362108 0.142091 0.005732 0.011528 0.015696 0.001819 0.017043 0.009364 0.001671 0.018458 0.000000 1.013963 0.049291 0.002972 0.007429 0.007579 0.019785 0.011262 0.040893 0.005829 0.000431 0.003694 0.004435 0.000794 0.000559 0.144039 0.794301 0.009904 0.029462 0.042775 0.001214 0.007596 0.003497 0.007283 0.004278 0.001936 0.000056 0.027418 0.054697 0.184216 0.001306 0.038124 0.001902 0.005244 0.008273 0.160671 0.179961 0.000412 0.000761 0.000817 0.000593 0.004703 0.001010 0.000028 0.000028 0.000079 0.000347 0.000491 0.000045 0.000013 0.000022 0.000543 0.000252 0.002876 0.000026 0.001119 0.000278 0.000069 0.000338 0.000673 0.001096 0.000148 0.000073 0.000372 0.000012 0.000144 0.000257 0.000047 0.000161 0.000211 0.000568 0.000206 0.000023 0.003159 0.004375 0.000205 0.000228 0.003021 0.000036 0.000147 0.000008 0.000022 0.005698 0.000245 0.000093 0.000317 0.000093 0.002453 0.000553 0.000394 0.000048 0.000204 0.000193 0.000325 0.000040 0.000001 0.000024 0.000009 0.000018 0.000003 0.000011 0.000010 0.000009 0.000001 0.000000 0.000159 0.001396 0.000514 0.007432 0.000182 0.000676 0.000381 0.000006 0.001337 0.003251 0.002191 0.015731 0.000533 0.003061 0.005877 0.000022 0.000090 0.000026 0.000134 0.000011 0.000059 0.000037 0.000001 0.000000 0.000077 0.000157 0.000077 0.000940 0.000039 0.000173 0.000290
0.010918 0.041912 0.007746 0.000169 0.016056 0.000219 0.000542 0.000306 0.000014 0.000351 0.002272 0.000923 0.002198 0.000425 0.001825 0.001858 0.002954 0.000058 0.000007 0.000062 0.000018 0.000094 0.000086 0.000047 0.000005 0.000000 0.000003 0.000025 0.000220 0.000230 0.000143 0.000177 0.000157 0.000120 0.000156 0.000080 0.000048 0.000100 0.000119 0.000008 0.000037 0.000036 0.000022 0.000056 0.000033 0.000052 0.000079 0.000047 0.000024 0.000065 0.000050 0.000002 0.000019 0.000029 0.000015 0.000138 0.001102 0.000063 0.000001 0.000005 0.000069 0.000003 0.026599 0.368547 0.001638 0.768408 0.014640 0.001276 0.008949 0.014877 0.001931 0.021125 0.008434 0.001009 0.011550 1.013963 0.000000 0.106638 0.002136 0.009151 0.011457 0.015861 0.007146 0.046020 0.003173 0.000446 0.002185 0.003662 0.000533 0.000270 0.008500 0.071117 0.022704 0.012130 0.021328 0.000786 0.010601 0.005308 0.005245 0.004535 0.001316 0.000027 0.023433 0.057034 0.507661 0.000635 0.031766 0.001328 0.001823 0.008190 0.006360 0.480106 0.000176 0.000323 0.000484 0.000370 0.003161 0.000547 0.000043 0.000029 0.000096 0.000280 0.000268 0.000036 0.000013 0.000023 0.000206 0.000151 0.001666 0.000030 0.000971 0.000264 0.000060 0.000146 0.000783 0.000711 0.000119 0.000053 0.000264 0.000009 0.000038 0.000222 0.000032 0.000120 0.000072 0.000405 0.000164 0.000013 0.002715 0.002829 0.000143 0.000176 0.002190 0.000019 0.000093 0.000004 0.000016 0.004818 0.000084 0.000037 0.000166 0.000061 0.000960 0.000490 0.000682 0.000124 0.000350 0.000353 0.000569 0.000023 0.000002 0.000014 0.000005 0.000011 0.000003 0.000009 0.000007 0.000008 0.000000 0.000000 0.000237 0.002331 0.000819 0.014811 0.000298 0.001003 0.000801 0.000013 0.002430 0.005541 0.003819 0.018992 0.000834 0.004175 0.009765 0.000014 0.000108 0.000020 0.000086 0.000014 0.000068 0.000029 0.000000 0.000000 0.000072 0.000116 0.000065 0.000622 0.000048 0.000182 0.000285
0.029127 0.102202 0.029482 0.000343 0.032028 0.000951 0.006137 0.002365 0.000136 0.003343 0.007140 0.002626 0.006490 0.002740 0.006548 0.005731 0.004412 0.000104 0.000045 0.000319 0.000191 0.001003 0.000858 0.000457 0.000054 0.000003 0.000046 0.000031 0.000228 0.000285 0.000215 0.000379 0.000272 0.000255 0.000372 0.000201 0.000103 0.000190 0.000237 0.000013 0.000067 0.000074 0.000052 0.000143 0.000088 0.000149 0.000223 0.000139 0.000054 0.000138 0.000107 0.000010 0.000029 0.000044 0.000027 0.000150 0.001069 0.000133 0.000012 0.000025 0.000281 0.000013 0.009055 0.017982 0.002029 0.887512 0.007259 0.013379 0.325339 0.065612 0.021293 0.099831 0.093264 0.003962 0.017001 0.049291 0.106638 0.000000 0.040349 0.136834 0.779378 0.032800 0.046525 0.062147 0.005796 0.015598 0.010670 0.003763 0.001987 0.000205 0.004189 0.018898 1.606569 0.005427 0.015135 0.000790 0.460735 0.513639 0.047657 0.008970 0.039982 0.000193 0.017038 0.036759 0.628926 0.001793 0.021299 0.000804 0.001192 0.112943 0.004353 0.007804 0.001104 0.001406 0.004419 0.002203 0.020046 0.004296 0.000278 0.000360 0.001745 0.001748 0.004459 0.000643 0.000109 0.000266 0.001560 0.002019 0.028775 0.000512 0.018027 0.000849 0.001146 0.001624 0.012981 0.001390 0.002956 0.000092 0.000568 0.000034 0.000432 0.005061 0.000110 0.000487 0.001017 0.007845 0.000438 0.000030 0.034830 0.043042 0.003234 0.000338 0.048981 0.000072 0.000140 0.000037 0.000053 0.038597 0.000775 0.000506 0.002587 0.001138 0.000721 0.000384 0.000519 0.000093 0.000287 0.000261 0.000457 0.000021 0.000004 0.000115 0.000056 0.000115 0.000024 0.000077 0.000059 0.000054 0.000004 0.000000 0.000691 0.016802 0.003426 0.015499 0.000793 0.002760 0.001827 0.000025 0.009774 0.008275 0.022596 0.075578 0.002574 0.016815 0.057511 0.000122 0.000697 0.000231 0.000772 0.000064 0.000276 0.000250 0.000001 0.000000 0.000673 0.001102 0.000684 0.007630 0.000187 0.000682 0.002503
0.061983 0.063554 0.029902 0.000059 0.015815 0.000304 0.000203 0.000203 0.000015 0.000164 0.001613 0.000405 0.002004 0.000052 0.000113 0.000159 0.000157 0.000005 0.000001 0.000042 0.000004 0.000009 0.000005 0.000007 0.000002 0.000001 0.000002 0.000011 0.000051 0.000047 0.000034 0.000054 0.000028 0.000033 0.000061 0.000046 0.000024 0.000040 0.000066 0.000003 0.000011 0.000013 0.000011 0.000022 0.000012 0.000021 0.000042 0.000027 0.000012 0.000023 0.000028 0.000001 0.000017 0.000012 0.000009 0.000062 0.000317 0.000110 0.000001 0.000002 0.000017 0.000002 0.000031 0.000027 0.000010 0.000306 0.000028 0.000009 0.000054 0.503573 0.034097 0.008898 0.085954 0.569012 0.878291 0.002972 0.002136 0.040349 0.000000 1.210773 0.092342 0.007952 0.785954 0.010373 0.008310 0.004719 0.000863 0.000268 0.000193 0.000018 0.000223 0.003186 0.301982 0.002054 0.027679 0.000058 0.000314 0.002010 0.006207 0.000575 0.000372 0.000007 0.000456 0.002503 0.024556 0.000166 0.004919 0.000301 0.000662 0.000078 0.000057 0.002243 0.000002 0.000001 0.000014 0.000002 0.000018 0.000006 0.000196 0.000334 0.000767 0.001335 0.000178 0.000135 0.000072 0.000165 0.000016 0.000016 0.000189 0.000506 0.001056 0.000131 0.000335 0.000051 0.005480 0.000158 0.000207 0.000012 0.000065 0.000001 0.000006 0.000209 0.000012 0.000073 0.000023 0.000037 0.000052 0.000003 0.004063 0.000351 0.000040 0.000030 0.000710 0.000004 0.000016 0.000002 0.000007 0.000059 0.000004 0.000006 0.000072 0.000035 0.000029 0.000015 0.000031 0.000012 0.000028 0.000014 0.000134 0.000004 0.000002 0.000003 0.000001 0.000002 0.000000 0.000001 0.000001 0.000002 0.000000 0.000000 0.000061 0.013785 0.000700 0.001404 0.000257 0.000832 0.000316 0.000016 0.004152 0.000634 0.004381 0.005578 0.000810 0.018988 0.067014 0.000008 0.000156 0.000021 0.000008 0.000005 0.000023 0.000006 0.000000 0.000000 0.000040 0.000014 0.000058 0.000318 0.000019 0.000088 0.000304
0.051175 0.051300 0.024859 0.000081 0.015318 0.000305 0.000229 0.000245 0.000027 0.000221 0.001574 0.000304 0.001603 0.000067 0.000287 0.000450 0.000402 0.000010 0.000004 0.000052 0.000005 0.000026 0.000018 0.000020 0.000005 0.000001 0.000004 0.000018 0.000072 0.000065 0.000043 0.000042 0.000027 0.000030 0.000044 0.000040 0.000024 0.000042 0.000086 0.000003 0.000015 0.000016 0.000010 0.000018 0.000013 0.000014 0.000035 0.000023 0.000011 0.000025 0.000024 0.000003 0.000034 0.000014 0.000010 0.000099 0.000412 0.000158 0.000005 0.000004 0.000031 0.000004 0.000122 0.000084 0.000031 0.001182 0.000098 0.000018 0.000126 0.959404 0.018469 0.006945 0.067274 0.040022 0.226142 0.007429 0.009151 0.136834 1.210773 0.000000 0.389363 0.023348 0.146863 0.012532 0.006429 0.004930 0.001352 0.000791 0.000295 0.000017 0.000301 0.004922 0.653466 0.006493 0.044065 0.000116 0.000724 0.003604 0.006557 0.001702 0.000533 0.000011 0.000637 0.003327 0.069298 0.000224 0.020164 0.000341 0.000897 0.000174 0.000155 0.005651 0.000003 0.000003 0.000029 0.000005 0.000035 0.000012 0.000230 0.000329 0.001094 0.001097 0.000248 0.000154 0.000070 0.000168 0.000027 0.000024 0.000314 0.000628 0.001586 0.000162 0.000405 0.000055 0.005977 0.000254 0.000332 0.000017 0.000099 0.000001 0.000008 0.000397 0.000016 0.000087 0.000039 0.000079 0.000076 0.000006 0.004363 0.000528 0.000093 0.000047 0.001006 0.000005 0.000020 0.000002 0.000009 0.000123 0.000008 0.000012 0.000111 0.000056 0.000064 0.000035 0.000062 0.000018 0.000058 0.000029 0.000173 0.000008 0.000001 0.000007 0.000002 0.000003 0.000000 0.000002 0.000001 0.000005 0.000000 0.000000 0.000129 0.019876 0.001530 0.002493 0.000398 0.001213 0.000525 0.000033 0.007374 0.001291 0.008834 0.008884 0.001385 0.020563 0.092710 0.000025 0.000238 0.000039 0.000029 0.000009 0.000033 0.000017 0.000001 0.000000 0.000066 0.000040 0.000110 0.000697 0.000037 0.000132 0.000455
0.101071 0.193689 0.079204 0.000383 0.046707 0.002529 0.003392 0.002083 0.000156 0.001964 0.007424 0.002405 0.009047 0.000268 0.001298 0.001622 0.001233 0.000056 0.000013 0.000129 0.000095 0.000270 0.000232 0.000159 0.000023 0.000005 0.000037 0.000062 0.000372 0.000329 0.000218 0.000317 0.000210 0.000217 0.000341 0.000220 0.000123 0.000231 0.000287 0.000016 0.000060 0.000077 0.000047 0.000129 0.000079 0.000138 0.000236 0.000151 0.000064 0.000145 0.000125 0.000010 0.000053 0.000051 0.000035 0.000200 0.000974 0.000315 0.000010 0.000016 0.000151 0.000017 0.000316 0.000306 0.000091 0.006676 0.000274 0.000146 0.001429 0.656154 0.735723 0.048786 0.253214 0.010662 0.032888 0.007579 0.011457 0.779378 0.092342 0.389363 0.000000 0.107862 0.071053 0.062455 0.015239 0.341051 0.057813 0.004324 0.006239 0.000089 0.000807 0.005259 0.341220 0.005780 0.023808 0.000777 0.007963 0.503808 0.034502 0.016197 0.012098 0.000291 0.003074 0.009694 0.114945 0.004305 0.024479 0.000640 0.001830 0.001582 0.000474 0.003065 0.000082 0.000046 0.000756 0.000060 0.000747 0.000228 0.001407 0.002218 0.009485 0.009720 0.003887 0.001362 0.000550 0.001261 0.000686 0.000745 0.009742 0.003474 0.032024 0.002132 0.004299 0.001010 0.070250 0.003288 0.006578 0.000164 0.001026 0.000013 0.000248 0.006920 0.000185 0.001195 0.000986 0.002821 0.000926 0.000045 0.036192 0.015031 0.002873 0.000609 0.031417 0.000053 0.000232 0.000027 0.000108 0.002667 0.000219 0.000324 0.002164 0.001237 0.000200 0.000110 0.000174 0.000042 0.000128 0.000087 0.000329 0.000009 0.000005 0.000044 0.000016 0.000029 0.000010 0.000027 0.000018 0.000021 0.000001 0.000000 0.000449 0.059780 0.003893 0.010258 0.001260 0.004197 0.002032 0.000065 0.020033 0.004119 0.036212 0.036666 0.004380 0.054599 0.235236 0.000088 0.001458 0.000231 0.000213 0.000058 0.000255 0.000124 0.000002 0.000000 0.000566 0.000378 0.000813 0.004031 0.000212 0.001182 0.003186
0.618827 0.390526 0.233684 0.000117 0.076319 0.008158 0.004352 0.004538 0.000028 0.002292 0.011220 0.005028 0.021363 0.000162 0.000340 0.000298 0.000492 0.000081 0.000025 0.000050 0.000007 0.000023 0.000015 0.000016 0.000003 0.000001 0.000002 0.000105 0.000569 0.000464 0.000286 0.000505 0.000336 0.000399 0.000556 0.000374 0.000191 0.000468 0.000532 0.000039 0.000141 0.000122 0.000094 0.000324 0.000220 0.000377 0.000544 0.000321 0.000136 0.000349 0.000257 0.000020 0.000258 0.000131 0.000102 0.000364 0.001338 0.001392 0.000009 0.000014 0.000107 0.000069 0.000396 0.000306 0.000053 0.005385 0.000337 0.000054 0.000618 0.809503 0.608962 0.005097 0.046540 0.024256 0.147779 0.019785 0.015861 0.032800 0.007952 0.023348 0.107862 0.000000 0.006843 0.041830 0.131801 0.035031 0.575469 0.034629 0.023852 0.000176 0.001272 0.012892 0.036672 0.046314 0.456537 0.005318 0.002081 0.015346 0.008364 0.804988 0.002030 0.000121 0.002037 0.005742 0.057968 0.054293 0.663952 0.002266 0.013655 0.000544 0.000427 0.005535 0.000019 0.000008 0.000217 0.000007 0.000084 0.000035 0.003177 0.001445 0.000551 0.024078 0.000191 0.000201 0.000861 0.001433 0.000340 0.000466 0.000751 0.000223 0.001228 0.020765 0.000209 0.001802 0.013836 0.043268 0.000353 0.000962 0.007383 0.000020 0.000064 0.000492 0.000704 0.009002 0.000284 0.000697 0.007787 0.000245 0.005213 0.000652 0.000382 0.005469 0.001155 0.000169 0.001962 0.000037 0.000418 0.000201 0.000058 0.000030 0.000211 0.000114 0.000089 0.000037 0.000057 0.000032 0.000075 0.000042 0.000734 0.000039 0.000004 0.000003 0.000002 0.000005 0.000002 0.000011 0.000007 0.000010 0.000000 0.000000 0.000146 0.048254 0.003457 0.001575 0.005922 0.015566 0.000236 0.000271 0.013320 0.002138 0.014665 0.037301 0.014214 0.209712 0.080030 0.000015 0.001627 0.000169 0.000038 0.000174 0.000592 0.000015 0.000008 0.000000 0.000314 0.000072 0.000342 0.001224 0.000596 0.006698 0.002018
0.029242 0.037428 0.011164 0.000090 0.010069 0.000461 0.000812 0.000430 0.000041 0.000527 0.001657 0.000356 0.001133 0.000126 0.000556 0.000653 0.000589 0.000021 0.000003 0.000031 0.000019 0.000087 0.000062 0.000051 0.000007 0.000001 0.000006 0.000006 0.000028 0.000033 0.000034 0.000045 0.000030 0.000025 0.000049 0.000032 0.000016 0.000029 0.000033 0.000002 0.000009 0.000010 0.000009 0.000018 0.000012 0.000017 0.000031 0.000022 0.000008 0.000019 0.000017 0.000001 0.000010 0.000006 0.000008 0.000036 0.000183 0.000048 0.000002 0.000004 0.000039 0.000004 0.000210 0.000275 0.000112 0.002194 0.000190 0.000192 0.000744 0.027180 0.009775 0.700925 0.193219 0.314369 0.051692 0.011262 0.007146 0.046525 0.785954 0.146863 0.071053 0.006843 0.000000 0.022031 0.022503 0.005602 0.002114 0.000887 0.000515 0.000060 0.002121 0.037536 0.289588 0.010102 0.044425 0.000243 0.005521 0.017631 0.013261 0.001404 0.005645 0.000031 0.014434 0.119473 0.421684 0.000606 0.008275 0.000761 0.004003 0.002406 0.000248 0.275430 0.000020 0.000018 0.000131 0.000020 0.000197 0.000055 0.000115 0.000217 0.001245 0.001087 0.000867 0.000238 0.000074 0.000137 0.000116 0.000110 0.001850 0.000501 0.005143 0.000203 0.000678 0.000222 0.007244 0.000376 0.000854 0.000037 0.000176 0.000003 0.000037 0.001023 0.000034 0.000136 0.000143 0.000449 0.000122 0.000012 0.007704 0.002906 0.000400 0.000093 0.005505 0.000014 0.000053 0.000005 0.000017 0.000524 0.000036 0.000050 0.000441 0.000206 0.000168 0.000056 0.000077 0.000011 0.000037 0.000027 0.000066 0.000008 0.000001 0.000010 0.000006 0.000010 0.000003 0.000009 0.000005 0.000006 0.000000 0.000000 0.000216 0.012147 0.001854 0.003180 0.000287 0.001089 0.000691 0.000011 0.005463 0.001480 0.014130 0.016275 0.001263 0.008483 0.041749 0.000030 0.000289 0.000051 0.000074 0.000011 0.000058 0.000037 0.000000 0.000000 0.000150 0.000134 0.000210 0.001252 0.000044 0.000180 0.000686
0.078725 0.617718 0.018110 0.013331 0.028385 0.001758 0.001933 0.000861 0.000217 0.000896 0.003668 0.001268 0.002612 0.000900 0.030311 0.009618 0.006091 0.000653 0.000069 0.000223 0.000041 0.000225 0.000162 0.000087 0.000017 0.000002 0.000009 0.000033 0.000263 0.000274 0.000150 0.000197 0.000176 0.000137 0.000170 0.000093 0.000055 0.000118 0.000119 0.000010 0.000053 0.000045 0.000025 0.000068 0.000042 0.000061 0.000083 0.000045 0.000020 0.000062 0.000044 0.000004 0.000028 0.000033 0.000210 0.000182 0.001853 0.000146 0.000004 0.000008 0.000149 0.000011 0.037338 0.039937 0.025396 0.075113 0.026638 0.006149 0.014132 0.080787 0.039184 0.398386 1.119370 0.106519 0.018430 0.040893 0.046020 0.062147 0.010373 0.012532 0.062455 0.041830 0.022031 0.000000 1.201736 0.005206 0.025440 0.013651 0.013054 0.102053 0.231495 0.027198 0.017770 0.014720 0.017452 0.019387 0.015307 0.017076 0.010493 0.017611 0.006398 0.005237 0.212722 0.071657 0.045364 0.026725 0.015458 0.419219 0.033838 0.012938 0.016226 0.008052 0.000123 0.000180 0.000447 0.000229 0.001795 0.000442 0.000113 0.000102 0.000263 0.001372 0.000785 0.000123 0.000043 0.000069 0.000254 0.000260 0.003401 0.000097 0.002389 0.000711 0.000199 0.000586 0.002484 0.003958 0.000431 0.000701 0.004367 0.000213 0.000095 0.000595 0.000394 0.000452 0.000208 0.000932 0.000614 0.000609 0.005870 0.005065 0.000525 0.000989 0.005840 0.001914 0.001199 0.000050 0.000149 0.003218 0.000129 0.000104 0.000467 0.000213 0.065829 0.009279 0.002901 0.000145 0.000959 0.000916 0.005832 0.018058 0.000006 0.000031 0.000013 0.000034 0.000006 0.000026 0.000016 0.000018 0.000001 0.000000 0.000608 0.003769 0.001461 0.030258 0.000842 0.002607 0.000929 0.000030 0.003347 0.014276 0.004238 0.040244 0.002610 0.010425 0.013789 0.000033 0.000292 0.000066 0.000190 0.000060 0.000207 0.000063 0.000002 0.000000 0.000190 0.000265 0.000184 0.001516 0.000266 0.000648 0.000709
0.456413 0.373375 0.064552 0.000127 0.016607 0.008160 0.004021 0.002355 0.000046 0.000809 0.001873 0.000713 0.002416 0.000067 0.000326 0.000163 0.000313 0.000077 0.000027 0.000023 0.000004 0.000007 0.000007 0.000013 0.000004 0.000000 0.000001 0.000024 0.000115 0.000095 0.000047 0.000067 0.000051 0.000070 0.000073 0.000052 0.000028 0.000078 0.000091 0.000007 0.000035 0.000027 0.000013 0.000050 0.000037 0.000060 0.000085 0.000050 0.000022 0.000058 0.000046 0.000005 0.000083 0.000037 0.000032 0.000110 0.000301 0.000708 0.000003 0.000004 0.000037 0.000049 0.000417 0.000377 0.000195 0.001800 0.000369 0.000138 0.000299 0.043537 0.049114 0.067573 0.688895 0.402265 0.022820 0.005829 0.003173 0.005796 0.008310 0.006429 0.015239 0.131801 0.022503 1.201736 0.000000 0.014304 0.158035 0.081954 0.075337 0.003412 0.002531 0.014385 0.005476 0.127857 0.299947 0.035372 0.001215 0.004230 0.004301 0.098524 0.003022 0.002580 0.008285 0.027628 0.010354 0.130856 0.061620 0.829218 0.533124 0.001497 0.000269 0.007034 0.000006 0.000002 0.000054 0.000003 0.000051 0.000014 0.000246 0.000196 0.000133 0.004843 0.000094 0.000100 0.000134 0.000136 0.000107 0.000150 0.000216 0.000064 0.000357 0.003103 0.000094 0.002037 0.003156 0.025652 0.000140 0.005073 0.029312 0.000139 0.000019 0.000137 0.002717 0.002476 0.000106 0.000207 0.004183 0.001973 0.001558 0.000291 0.000145 0.007274 0.000616 0.004963 0.006990 0.000106 0.000892 0.000176 0.000019 0.000010 0.000094 0.000051 0.000161 0.000034 0.000026 0.000010 0.000031 0.000015 0.000100 0.000015 0.000001 0.000001 0.000000 0.000001 0.000000 0.000003 0.000001 0.000002 0.000000 0.000000 0.000165 0.009690 0.001864 0.000702 0.004106 0.009753 0.000083 0.000171 0.004470 0.000779 0.004021 0.018091 0.019790 0.041540 0.016357 0.000017 0.000824 0.000148 0.000015 0.000287 0.000749 0.000005 0.000007 0.000000 0.000234 0.000047 0.000199 0.001192 0.001669 0.003692 0.000774
0.134806 0.041553 0.025458 0.003705 0.014033 0.011896 0.006357 0.006591 0.000155 0.003377 0.002071 0.000804 0.004050 0.000521 0.000417 0.000331 0.000275 0.000036 0.000019 0.000080 0.000225 0.000150 0.000155 0.000099 0.000016 0.000006 0.000069 0.000034 0.000179 0.000102 0.000061 0.000086 0.000055 0.000066 0.000102 0.000079 0.000037 0.000101 0.000130 0.000022 0.000064 0.000054 0.000027 0.000061 0.000034 0.000060 0.000118 0.000076 0.000035 0.000088 0.000076 0.000014 0.000039 0.000039 0.000025 0.000055 0.000239 0.000247 0.000004 0.000016 0.000123 0.000045 0.000025 0.000041 0.000018 0.000520 0.000043 0.000854 0.000566 0.007826 1.017210 0.003666 0.025484 0.002294 0.004574 0.000431 0.000446 0.015598 0.004719 0.004930 0.341051 0.035031 0.005602 0.005206 0.014304 0.000000 0.215991 0.004663 0.381738 0.001300 0.000089 0.000559 0.003180 0.004314 0.009581 0.002100 0.019246 0.389200 1.116611 0.012735 0.380628 0.028701 0.000299 0.001029 0.002315 0.017538 0.003459 0.000511 0.001965 0.013666 0.000240 0.000291 0.000046 0.000020 0.000642 0.000024 0.000880 0.000158 0.015088 0.016790 0.017410 0.086477 0.002676 0.002438 0.001602 0.007567 0.000539 0.000702 0.006008 0.008583 0.032107 0.015969 0.004808 0.001509 0.511912 0.024647 0.005465 0.000827 0.010870 0.000122 0.000140 0.006180 0.000642 0.004271 0.000654 0.002097 0.003246 0.000328 0.160327 0.017949 0.001576 0.002860 0.042260 0.001618 0.001509 0.000066 0.000328 0.006717 0.000144 0.000166 0.001149 0.000682 0.000043 0.000018 0.000017 0.000009 0.000023 0.000015 0.000081 0.000006 0.000001 0.000019 0.000011 0.000018 0.000005 0.000018 0.000012 0.000012 0.000000 0.000000 0.000141 0.022702 0.002350 0.001739 0.001356 0.003521 0.000327 0.000066 0.008589 0.001323 0.010154 0.016548 0.005064 0.038838 0.094721 0.000067 0.004732 0.000651 0.000096 0.000200 0.000664 0.000065 0.000009 0.000000 0.001067 0.000204 0.001314 0.004507 0.000851 0.007579 0.009427
0.367126 0.257323 0.156296 0.000184 0.053396 0.030903 0.016988 0.015670 0.000045 0.006080 0.006632 0.003212 0.013071 0.000333 0.000244 0.000163 0.000545 0.000121 0.000043 0.000079 0.000026 0.000045 0.000025 0.000036 0.000013 0.000002 0.000008 0.000108 0.000429 0.000315 0.000206 0.000305 0.000216 0.000277 0.000359 0.000247 0.000127 0.000358 0.000411 0.000062 0.000176 0.000126 0.000088 0.000227 0.000164 0.000266 0.000394 0.000237 0.000104 0.000295 0.000219 0.000034 0.000255 0.000134 0.000097 0.000272 0.000852 0.001871 0.000016 0.000030 0.000156 0.000236 0.000088 0.000085 0.000023 0.001385 0.000081 0.000518 0.000486 0.012694 0.702942 0.002265 0.009731 0.013245 0.015782 0.003694 0.002185 0.010670 0.000863 0.001352 0.057813 0.575469 0.002114 0.025440 0.158035 0.215991 0.000000 0.019344 0.738551 0.000193 0.000428 0.004349 0.003244 0.033616 0.171234 0.004428 0.004574 0.029299 0.024594 0.144430 0.022028 0.002134 0.000757 0.002452 0.005893 0.278483 0.044253 0.002013 0.018156 0.006896 0.000193 0.001468 0.000044 0.000015 0.000532 0.000015 0.000166 0.000073 0.004797 0.002280 0.000972 0.051118 0.000312 0.000581 0.002147 0.002450 0.001054 0.001487 0.001235 0.000350 0.001747 0.042462 0.000399 0.008610 0.027743 0.200476 0.000892 0.004786 0.045461 0.000060 0.000197 0.001050 0.003517 0.026174 0.001009 0.002069 0.030259 0.001006 0.008640 0.001048 0.001203 0.026408 0.002386 0.000753 0.010654 0.000153 0.002174 0.000733 0.000179 0.000085 0.000579 0.000334 0.000038 0.000015 0.000030 0.000022 0.000061 0.000031 0.000294 0.000012 0.000001 0.000013 0.000005 0.000009 0.000002 0.000019 0.000007 0.000016 0.000000 0.000000 0.000166 0.037275 0.003567 0.001176 0.009026 0.020661 0.000183 0.000352 0.014552 0.002223 0.013756 0.047401 0.027266 0.187703 0.048170 0.000030 0.006537 0.000613 0.000084 0.000976 0.002779 0.000025 0.000040 0.000000 0.001448 0.000227 0.001442 0.005445 0.003481 0.029216 0.007018
0.379801 0.103614 0.029785 0.000078 0.010207 0.024685 0.008267 0.003667 0.000141 0.001122 0.000995 0.000341 0.000974 0.000029 0.000066 0.000058 0.000230 0.000072 0.000023 0.000014 0.000003 0.000006 0.000010 0.000016 0.000006 0.000001 0.000001 0.000009 0.000049 0.000033 0.000018 0.000032 0.000020 0.000024 0.000031 0.000019 0.000012 0.000035 0.000038 0.000010 0.000023 0.000016 0.000006 0.000021 0.000018 0.000026 0.000036 0.000022 0.000008 0.000025 0.000021 0.000010 0.000059 0.000026 0.000027 0.000076 0.000136 0.000675 0.000004 0.000008 0.000032 0.000110 0.000155 0.000116 0.000024 0.002140 0.000138 0.000053 0.000189 0.006052 0.005057 0.001209 0.002427 0.000407 0.001042 0.004435 0.003662 0.003763 0.000268 0.000791 0.004324 0.034629 0.000887 0.013651 0.081954 0.004663 0.019344 0.000000 0.069577 0.000759 0.000344 0.002701 0.003563 0.696684 0.019791 0.308447 0.000587 0.001977 0.001872 0.589762 0.001586 0.007823 0.000564 0.001349 0.009340 0.540422 0.495665 0.012527 0.046416 0.000916 0.000137 0.000850 0.000005 0.000002 0.000045 0.000004 0.000036 0.000005 0.000060 0.000173 0.000100 0.000572 0.000173 0.000166 0.000106 0.000062 0.000127 0.000183 0.000111 0.000042 0.000144 0.000886 0.000194 0.004090 0.000932 0.009303 0.000192 0.026701 0.081360 0.000693 0.000022 0.000119 0.013114 0.002325 0.000148 0.000194 0.004664 0.012830 0.000860 0.000120 0.000199 0.014609 0.000372 0.025370 0.031311 0.000545 0.003763 0.000149 0.000021 0.000013 0.000158 0.000102 0.000024 0.000007 0.000009 0.000004 0.000013 0.000007 0.000022 0.000001 0.000000 0.000004 0.000001 0.000001 0.000000 0.000004 0.000002 0.000002 0.000001 0.000000 0.000188 0.005085 0.001878 0.000282 0.003740 0.008878 0.000032 0.000136 0.003134 0.000491 0.002217 0.015558 0.019624 0.025563 0.006024 0.000042 0.000871 0.000263 0.000020 0.000557 0.001532 0.000004 0.000021 0.000001 0.000304 0.000049 0.000179 0.001959 0.003845 0.003705 0.000627
0.237459 0.133767 0.049615 0.034979 0.019946 0.072528 0.035203 0.018793 0.001908 0.005071 0.002863 0.001217 0.003528 0.002121 0.001168 0.000499 0.000449 0.000102 0.000063 0.000562 0.000036 0.000052 0.000056 0.000092 0.000028 0.000008 0.000017 0.000024 0.000107 0.000074 0.000050 0.000093 0.000067 0.000076 0.000102 0.000069 0.000034 0.000095 0.000093 0.000041 0.000100 0.000060 0.000026 0.000074 0.000056 0.000092 0.000126 0.000068 0.000034 0.000105 0.000079 0.000046 0.000137 0.000061 0.000048 0.000141 0.000260 0.001223 0.000024 0.000034 0.000131 0.000356 0.000040 0.000037 0.000020 0.000383 0.000111 0.003987 0.000257 0.002924 0.325233 0.000866 0.001886 0.001538 0.002470 0.000794 0.000533 0.001987 0.000193 0.000295 0.006239 0.023852 0.000515 0.013054 0.075337 0.381738 0.738551 0.069577 0.000000 0.016428 0.000213 0.000809 0.000668 0.049975 0.021376 0.039252 0.011105 0.014655 0.476528 0.065617 0.167624 0.529869 0.000203 0.000650 0.001443 0.679201 0.026149 0.006520 0.020971 0.065656 0.000927 0.000312 0.000032 0.000019 0.000297 0.000040 0.000712 0.000077 0.000898 0.001018 0.000527 0.025503 0.000605 0.000703 0.000663 0.000605 0.000667 0.000911 0.000780 0.000180 0.001362 0.013029 0.000517 0.017425 0.025326 0.230539 0.000743 0.035031 0.414691 0.002388 0.000135 0.000528 0.018010 0.014306 0.000735 0.001121 0.023275 0.012365 0.032173 0.002049 0.000843 0.051994 0.007241 0.059579 0.060811 0.000787 0.006314 0.003179 0.000113 0.000072 0.000576 0.000348 0.000074 0.000017 0.000012 0.000006 0.000019 0.000011 0.000048 0.000020 0.000000 0.000014 0.000003 0.000007 0.000001 0.000016 0.000009 0.000016 0.000006 0.000000 0.000233 0.009283 0.002416 0.000381 0.005311 0.012798 0.000051 0.000196 0.004719 0.000710 0.003415 0.023013 0.028015 0.047377 0.010191 0.000086 0.005058 0.001162 0.000093 0.002329 0.006052 0.000015 0.000065 0.000002 0.001628 0.000252 0.001128 0.009016 0.014579 0.025693 0.004606
0.404993 0.325342 0.012936 0.260883 0.021882 0.026301 0.002540 0.000728 0.007037 0.002016 0.001386 0.000542 0.001198 0.000271 0.000710 0.000197 0.000344 0.000316 0.000139 0.000138 0.000021 0.000020 0.000034 0.000076 0.000022 0.000006 0.000012 0.000034 0.000097 0.000072 0.000037 0.000058 0.000054 0.000061 0.000069 0.000041 0.000027 0.000076 0.000073 0.000024 0.000041 0.000025 0.000012 0.000027 0.000022 0.000039 0.000040 0.000022 0.000010 0.000040 0.000035 0.000085 0.000213 0.000393 0.000357 0.001295 0.024073 0.000699 0.000027 0.000286 0.007184 0.000057 0.000573 0.000327 0.000278 0.000425 0.000622 0.000149 0.000076 0.000148 0.000320 0.000164 0.000280 0.000028 0.000046 0.000559 0.000270 0.000205 0.000018 0.000017 0.000089 0.000176 0.000060 0.102053 0.003412 0.001300 0.000193 0.000759 0.016428 0.000000 0.019081 0.000660 0.000053 0.000969 0.000180 0.478921 0.000173 0.000120 0.009817 0.000258 0.003129 0.680732 0.002186 0.000516 0.000238 0.002966 0.000341 0.610690 0.232208 0.001625 0.000608 0.000070 0.000007 0.000009 0.000024 0.000009 0.000059 0.000016 0.000005 0.000017 0.000012 0.000155 0.000015 0.000013 0.000004 0.000007 0.000015 0.000015 0.000048 0.000003 0.000040 0.000035 0.000006 0.000201 0.000219 0.000537 0.000007 0.000531 0.003907 0.035678 0.000019 0.000008 0.000340 0.000028 0.000007 0.000014 0.000034 0.010387 0.000979 0.000081 0.000008 0.000101 0.000249 0.072054 0.001619 0.002231 0.000283 0.000186 0.000005 0.000016 0.000011 0.000005 0.009777 0.000909 0.000327 0.000345 0.001581 0.001743 0.008182 0.011029 0.000028 0.000037 0.000010 0.000014 0.000008 0.000153 0.000074 0.000420 0.000031 0.000001 0.001514 0.000739 0.000340 0.003940 0.000369 0.002475 0.000126 0.000143 0.000295 0.001361 0.000292 0.003152 0.003833 0.001525 0.000902 0.000229 0.000113 0.000053 0.000350 0.000044 0.000279 0.000075 0.000008 0.000000 0.000047 0.000168 0.000045 0.000380 0.000490 0.000236 0.000202
0.003711 0.123506 0.007352 0.003652 0.006819 0.000084 0.000500 0.000242 0.000099 0.000292 0.000949 0.001986 0.000710 0.115069 0.123623 0.008154 0.007309 0.001406 0.000253 0.002474 0.000015 0.000101 0.000057 0.000028 0.000006 0.000001 0.000004 0.000004 0.000043 0.000076 0.002103 0.001949 0.000624 0.000155 0.000235 0.000082 0.000035 0.000065 0.000078 0.000002 0.000011 0.000016 0.000018 0.000117 0.000077 0.000060 0.000047 0.000026 0.000010 0.000022 0.000013 0.000001 0.000007 0.000007 0.000134 0.000042 0.000604 0.000026 0.000002 0.000001 0.000047 0.000002 0.013459 0.006217 0.004248 0.009664 0.018244 0.006750 0.001476 0.000674 0.000184 0.003969 0.002848 0.000321 0.001125 0.144039 0.008500 0.004189 0.000223 0.000301 0.000807 0.001272 0.002121 0.231495 0.002531 0.000089 0.000428 0.000344 0.000213 0.019081 0.000000 0.414382 0.001048 0.003118 0.004361 0.000771 0.001702 0.001216 0.001786 0.000337 0.001045 0.000512 0.579525 0.015361 0.007891 0.000249 0.002301 0.026018 0.001464 0.004228 0.446402 0.003598 0.000036 0.000065 0.000095 0.000062 0.000450 0.000107 0.000005 0.000007 0.000029 0.000054 0.000192 0.000018 0.000004 0.000005 0.000064 0.000045 0.000776 0.000010 0.000581 0.000032 0.000030 0.000092 0.000214 0.000105 0.000066 0.000008 0.000057 0.000024 0.000051 0.000113 0.000006 0.000018 0.000057 0.000146 0.000019 0.000015 0.000999 0.001040 0.000092 0.000019 0.001136 0.000073 0.000018 0.000003 0.000002 0.000530 0.000056 0.000026 0.000120 0.000041 0.355231 0.012916 0.004495 0.000056 0.001037 0.001164 0.002964 0.005353 0.001823 0.000011 0.000005 0.000012 0.000002 0.000006 0.000005 0.000004 0.000000 0.000000 0.000442 0.000315 0.000668 0.005475 0.000181 0.000795 0.000097 0.000005 0.000581 0.004837 0.000742 0.019941 0.000554 0.001172 0.001118 0.000011 0.000037 0.000013 0.000062 0.000007 0.000030 0.000018 0.000000 0.000000 0.000043 0.000079 0.000044 0.000415 0.000016 0.000047 0.000135
0.012082 0.032059 0.004121 0.000246 0.003147 0.000226 0.000983 0.000313 0.000034 0.000502 0.000649 0.000241 0.000565 0.000644 0.013240 0.002347 0.001388 0.000114 0.000018 0.000100 0.000026 0.000166 0.000119 0.000045 0.000012 0.000001 0.000006 0.000003 0.000023 0.000023 0.000017 0.000583 0.001125 0.000018 0.000025 0.000012 0.000005 0.000012 0.000015 0.000001 0.000006 0.000006 0.000004 0.000012 0.000006 0.000009 0.000014 0.000010 0.000003 0.000011 0.000007 0.000001 0.000003 0.000006 0.000031 0.000018 0.000193 0.000017 0.000008 0.000003 0.000048 0.000002 0.021529 0.016742 0.009006 0.034927 0.022727 0.003221 0.004523 0.006710 0.001296 0.040552 0.028193 0.003915 0.018565 0.794301 0.071117 0.018898 0.003186 0.004922 0.005259 0.012892 0.037536 0.027198 0.014385 0.000559 0.004349 0.002701 0.000809 0.000660 0.414382 0.000000 0.007587 0.034173 0.058154 0.000914 0.005536 0.005098 0.005340 0.003044 0.002796 0.000071 0.508233 0.391140 0.115462 0.001628 0.024408 0.002771 0.008589 0.004181 0.086543 0.143403 0.000085 0.000132 0.000270 0.000141 0.001093 0.000251 0.000024 0.000023 0.000098 0.000295 0.000482 0.000058 0.000012 0.000019 0.000183 0.000149 0.002134 0.000032 0.001489 0.000215 0.000087 0.000237 0.000766 0.000858 0.000210 0.000065 0.000342 0.000007 0.000080 0.000345 0.000043 0.000112 0.000151 0.000500 0.000144 0.000022 0.002958 0.002874 0.000281 0.000174 0.003397 0.000040 0.000116 0.000007 0.000017 0.001600 0.000094 0.000065 0.000290 0.000116 0.006250 0.001023 0.000324 0.000013 0.000119 0.000062 0.000178 0.000070 0.000000 0.000024 0.000009 0.000018 0.000003 0.000010 0.000010 0.000009 0.000001 0.000000 0.000162 0.001154 0.000550 0.002299 0.000122 0.000475 0.000127 0.000004 0.000885 0.001463 0.002065 0.009185 0.000435 0.002136 0.003948 0.000022 0.000089 0.000029 0.000122 0.000010 0.000045 0.000037 0.000000 0.000000 0.000086 0.000154 0.000094 0.000864 0.000035 0.000139 0.000291
0.026161 0.040509 0.014352 0.000103 0.010242 0.000430 0.001295 0.000621 0.000063 0.000820 0.001831 0.000585 0.001828 0.000232 0.001576 0.002073 0.001519 0.000041 0.000008 0.000043 0.000027 0.000174 0.000139 0.000079 0.000012 0.000002 0.000008 0.000006 0.000054 0.000061 0.000049 0.000076 0.000056 0.000055 0.000078 0.000057 0.000026 0.000048 0.000065 0.000003 0.000015 0.000019 0.000014 0.000032 0.000019 0.000032 0.000055 0.000034 0.000014 0.000033 0.000025 0.000003 0.000012 0.000012 0.000012 0.000056 0.000313 0.000055 0.000003 0.000007 0.000076 0.000004 0.000392 0.000627 0.000148 0.028110 0.000383 0.000440 0.007287 0.176322 0.009694 0.031862 0.042956 0.015080 0.071288 0.009904 0.022704 1.606569 0.301982 0.653466 0.341220 0.036672 0.289588 0.017770 0.005476 0.003180 0.003244 0.003563 0.000668 0.000053 0.001048 0.007587 0.000000 0.010179 0.043089 0.000593 0.028410 0.040557 0.007612 0.007703 0.004862 0.000020 0.003784 0.011788 0.957305 0.000805 0.042376 0.000285 0.001456 0.004330 0.000677 0.007578 0.000111 0.000096 0.000412 0.000142 0.001257 0.000286 0.000127 0.000117 0.000763 0.000834 0.000948 0.000175 0.000043 0.000098 0.000214 0.000294 0.004742 0.000217 0.005220 0.000452 0.000387 0.000329 0.004842 0.000887 0.000759 0.000051 0.000287 0.000006 0.000060 0.001378 0.000044 0.000196 0.000186 0.001361 0.000214 0.000014 0.007067 0.005698 0.000625 0.000197 0.008404 0.000014 0.000091 0.000006 0.000019 0.002383 0.000098 0.000080 0.000508 0.000229 0.000223 0.000107 0.000133 0.000024 0.000076 0.000063 0.000147 0.000008 0.000001 0.000025 0.000012 0.000022 0.000005 0.000016 0.000012 0.000014 0.000000 0.000000 0.000293 0.007796 0.001627 0.004510 0.000340 0.001158 0.000572 0.000012 0.004316 0.002674 0.010227 0.021924 0.001249 0.009466 0.026861 0.000039 0.000233 0.000062 0.000165 0.000022 0.000073 0.000056 0.000001 0.000000 0.000187 0.000261 0.000222 0.001758 0.000065 0.000262 0.000728
0.455090 0.090883 0.023857 0.000071 0.009081 0.014297 0.005369 0.002207 0.000049 0.000766 0.001039 0.000392 0.000994 0.000032 0.000142 0.000090 0.000217 0.000055 0.000018 0.000011 0.000002 0.000005 0.000006 0.000009 0.000003 0.000001 0.000001 0.000007 0.000032 0.000028 0.000019 0.000029 0.000025 0.000023 0.000031 0.000021 0.000009 0.000028 0.000031 0.000005 0.000012 0.000009 0.000005 0.000021 0.000016 0.000024 0.000033 0.000018 0.000007 0.000021 0.000016 0.000006 0.000036 0.000015 0.000018 0.000050 0.000110 0.000505 0.000002 0.000004 0.000018 0.000061 0.000334 0.000334 0.000085 0.003651 0.000312 0.000072 0.000279 0.016958 0.010123 0.013684 0.020320 0.001729 0.011943 0.029462 0.012130 0.005427 0.002054 0.006493 0.005780 0.046314 0.010102 0.014720 0.127857 0.004314 0.033616 0.696684 0.049975 0.000969 0.003118 0.034173 0.010179 0.000000 0.667950 0.199045 0.000618 0.001869 0.001611 0.095832 0.001366 0.004211 0.005471 0.017123 0.031096 0.121258 0.401546 0.021624 1.044034 0.000683 0.000450 0.010278 0.000006 0.000002 0.000039 0.000005 0.000036 0.000007 0.000059 0.000128 0.000079 0.000823 0.000114 0.000086 0.000085 0.000051 0.000108 0.000137 0.000142 0.000037 0.000205 0.001096 0.000114 0.002688 0.001015 0.012242 0.000126 0.013788 0.038843 0.000687 0.000017 0.000097 0.007619 0.002109 0.000107 0.000155 0.003971 0.009706 0.000713 0.000156 0.000135 0.009726 0.000371 0.015586 0.018802 0.000427 0.002359 0.000095 0.000016 0.000009 0.000105 0.000062 0.000119 0.000030 0.000021 0.000006 0.000015 0.000013 0.000034 0.000003 0.000000 0.000003 0.000000 0.000001 0.000000 0.000002 0.000001 0.000001 0.000000 0.000000 0.000175 0.004432 0.001543 0.000522 0.002800 0.007008 0.000039 0.000092 0.002570 0.000518 0.002072 0.013267 0.013784 0.023588 0.006892 0.000021 0.000540 0.000142 0.000012 0.000296 0.000824 0.000002 0.000010 0.000000 0.000182 0.000030 0.000112 0.001103 0.001934 0.002519 0.000445
0.386032 0.086042 0.045582 0.000043 0.017566 0.003790 0.002130 0.001853 0.000013 0.000957 0.002135 0.000772 0.003093 0.000069 0.000306 0.000207 0.000241 0.000020 0.000006 0.000013 0.000005 0.000017 0.000009 0.000009 0.000003 0.000001 0.000001 0.000012 0.000071 0.000058 0.000045 0.000069 0.000052 0.000052 0.000079 0.000047 0.000025 0.000064 0.000079 0.000006 0.000018 0.000018 0.000014 0.000046 0.000029 0.000047 0.000075 0.000045 0.000017 0.000050 0.000038 0.000005 0.000047 0.000016 0.000013 0.000068 0.000265 0.000336 0.000003 0.000004 0.000027 0.000036 0.000455 0.000409 0.000134 0.003983 0.000375 0.000096 0.000412 0.102022 0.055119 0.042771 0.118656 0.292840 0.605425 0.042775 0.021328 0.015135 0.027679 0.044065 0.023808 0.456537 0.044425 0.017452 0.299947 0.009581 0.171234 0.019791 0.021376 0.000180 0.004361 0.058154 0.043089 0.667950 0.000000 0.002501 0.001448 0.005483 0.004060 0.076590 0.001721 0.000094 0.009067 0.041911 0.070839 0.023453 0.613722 0.001602 0.213489 0.000770 0.000579 0.027439 0.000009 0.000004 0.000077 0.000005 0.000053 0.000018 0.000710 0.000355 0.000228 0.010502 0.000129 0.000080 0.000281 0.000324 0.000136 0.000172 0.000385 0.000109 0.000728 0.007030 0.000117 0.000994 0.005509 0.024114 0.000171 0.000745 0.006256 0.000010 0.000021 0.000231 0.000492 0.003478 0.000113 0.000275 0.003688 0.000163 0.002607 0.000433 0.000163 0.003419 0.000796 0.000114 0.001512 0.000018 0.000298 0.000143 0.000024 0.000010 0.000105 0.000054 0.000213 0.000055 0.000043 0.000009 0.000022 0.000025 0.000141 0.000013 0.000001 0.000002 0.000001 0.000002 0.000001 0.000002 0.000002 0.000003 0.000000 0.000000 0.000053 0.011159 0.000972 0.000928 0.001352 0.003717 0.000116 0.000058 0.003542 0.000788 0.004425 0.010492 0.003310 0.044986 0.021264 0.000005 0.000755 0.000069 0.000024 0.000099 0.000300 0.000007 0.000005 0.000000 0.000166 0.000040 0.000181 0.000709 0.000383 0.003132 0.000852
0.496935 0.267328 0.028694 0.008054 0.006819 0.056813 0.011609 0.002289 0.001080 0.000528 0.000783 0.000258 0.000550 0.000031 0.000178 0.000061 0.000117 0.000039 0.000011 0.000017 0.000003 0.000011 0.000006 0.000009 0.000005 0.000002 0.000002 0.000006 0.000023 0.000018 0.000008 0.000016 0.000013 0.000015 0.000018 0.000010 0.000007 0.000018 0.000020 0.000005 0.000009 0.000007 0.000003 0.000014 0.000011 0.000015 0.000021 0.000011 0.000004 0.000014 0.000011 0.000006 0.000036 0.000015 0.000017 0.000043 0.000100 0.000573 0.000002 0.000003 0.000015 0.000063 0.000197 0.000126 0.000087 0.000611 0.000222 0.000083 0.000058 0.001121 0.001483 0.000479 0.000777 0.000131 0.000212 0.001214 0.000786 0.000790 0.000058 0.000116 0.000777 0.005318 0.000243 0.019387 0.035372 0.002100 0.004428 0.308447 0.039252 0.478921 0.000771 0.000914 0.000593 0.199045 0.002501 0.000000 0.000227 0.000470 0.004802 0.021165 0.002186 0.400855 0.000689 0.000575 0.001922 0.356095 0.017518 0.155182 0.428785 0.001233 0.000171 0.000202 0.000003 0.000002 0.000011 0.000003 0.000035 0.000002 0.000023 0.000065 0.000029 0.000233 0.000086 0.000073 0.000039 0.000024 0.000034 0.000056 0.000036 0.000013 0.000046 0.000232 0.000077 0.002056 0.000344 0.002195 0.000064 0.015746 0.036932 0.023789 0.000017 0.000031 0.008755 0.000442 0.000052 0.000050 0.000758 0.087069 0.001411 0.000061 0.000066 0.002562 0.000293 0.215066 0.032770 0.007354 0.003627 0.000204 0.000005 0.000017 0.000060 0.000040 0.000438 0.000109 0.000010 0.000002 0.000011 0.000004 0.000031 0.000029 0.000000 0.000030 0.000005 0.000000 0.000000 0.000002 0.000000 0.000001 0.000007 0.000000 0.000499 0.002524 0.001161 0.000135 0.002396 0.007905 0.000011 0.000130 0.001286 0.000218 0.000736 0.008578 0.012968 0.010918 0.001925 0.000055 0.000324 0.000141 0.000007 0.000311 0.001085 0.000001 0.000011 0.000001 0.000116 0.000020 0.000063 0.000973 0.002032 0.001283 0.000193
0.004867 0.022182 0.007603 0.000559 0.012909 0.000828 0.008586 0.004081 0.000132 0.005980 0.002738 0.000874 0.002643 0.014625 0.022083 0.014763 0.005178 0.000141 0.000187 0.001247 0.000650 0.002542 0.002844 0.001351 0.000154 0.000008 0.000105 0.000016 0.000136 0.000140 0.000092 0.000120 0.000078 0.000082 0.000133 0.000099 0.000051 0.000081 0.000138 0.000020 0.000079 0.000100 0.000045 0.000085 0.000054 0.000085 0.000140 0.000080 0.000039 0.000089 0.000088 0.000022 0.000016 0.000082 0.000014 0.000099 0.000747 0.000081 0.000011 0.000074 0.000718 0.000020 0.002312 0.004506 0.002820 0.050128 0.003900 0.099420 0.520128 0.000573 0.003351 0.026265 0.016204 0.000362 0.000620 0.007596 0.010601 0.460735 0.000314 0.000724 0.007963 0.002081 0.005521 0.015307 0.001215 0.019246 0.004574 0.000587 0.011105 0.000173 0.001702 0.005536 0.028410 0.000618 0.001448 0.000227 0.000000 0.402314 0.155176 0.001214 0.626935 0.002212 0.004349 0.011437 0.032476 0.000913 0.001365 0.000325 0.000216 0.945915 0.010292 0.002467 0.001585 0.001830 0.007283 0.004275 0.037002 0.008057 0.000240 0.000342 0.001399 0.001053 0.006714 0.000996 0.000068 0.000229 0.001945 0.003105 0.039978 0.000397 0.015915 0.000476 0.000955 0.002161 0.013674 0.001008 0.002709 0.000075 0.000923 0.000046 0.000482 0.004768 0.000103 0.000296 0.001193 0.011513 0.000318 0.000034 0.081408 0.090198 0.003656 0.000238 0.088636 0.000276 0.000099 0.000060 0.000044 0.098579 0.001213 0.000804 0.003758 0.001490 0.000580 0.000312 0.000381 0.000069 0.000246 0.000186 0.000345 0.000016 0.000003 0.000250 0.000118 0.000363 0.000082 0.000247 0.000172 0.000175 0.000011 0.000000 0.000649 0.006039 0.002714 0.011322 0.000587 0.001613 0.001336 0.000020 0.006000 0.006907 0.013516 0.072999 0.001647 0.005270 0.019790 0.000273 0.001401 0.000653 0.002218 0.000165 0.000519 0.000807 0.000005 0.000000 0.001891 0.003470 0.001802 0.016209 0.000382 0.001020 0.005180
0.022820 0.038225 0.016217 0.000371 0.015626 0.001963 0.005972 0.002952 0.000125 0.003932 0.003374 0.001087 0.003409 0.000774 0.002651 0.002987 0.001854 0.000067 0.000018 0.000117 0.000269 0.001045 0.000966 0.000465 0.000067 0.000008 0.000082 0.000019 0.000125 0.000118 0.000097 0.000143 0.000089 0.000089 0.000148 0.000103 0.000053 0.000096 0.000131 0.000011 0.000045 0.000064 0.000036 0.000079 0.000046 0.000079 0.000137 0.000081 0.000034 0.000086 0.000068 0.000009 0.000026 0.000041 0.000029 0.000072 0.000469 0.000105 0.000014 0.000033 0.000315 0.000013 0.000366 0.000508 0.000277 0.008362 0.000361 0.001579 0.008917 0.002830 0.034620 0.033668 0.046178 0.001505 0.002078 0.003497 0.005308 0.513639 0.002010 0.003604 0.503808 0.015346 0.017631 0.017076 0.004230 0.389200 0.029299 0.001977 0.014655 0.000120 0.001216 0.005098 0.040557 0.001869 0.005483 0.000470 0.402314 0.000000 0.086188 0.005438 0.528183 0.001212 0.003796 0.010398 0.039429 0.002962 0.003316 0.000285 0.000726 0.015738 0.001088 0.002545 0.000304 0.000202 0.001657 0.000307 0.003551 0.000888 0.000892 0.001337 0.005583 0.005642 0.005646 0.001310 0.000329 0.000840 0.001089 0.001486 0.023041 0.001904 0.036478 0.001339 0.003099 0.001572 0.050992 0.002648 0.006915 0.000144 0.001137 0.000030 0.000462 0.008043 0.000187 0.000855 0.001409 0.007194 0.000752 0.000042 0.057980 0.035776 0.005306 0.000522 0.067449 0.000118 0.000220 0.000045 0.000106 0.010303 0.000545 0.000618 0.003256 0.001912 0.000357 0.000176 0.000164 0.000038 0.000105 0.000090 0.000179 0.000011 0.000003 0.000135 0.000057 0.000126 0.000030 0.000096 0.000070 0.000064 0.000003 0.000000 0.000445 0.016916 0.002758 0.006845 0.000666 0.002025 0.001076 0.000021 0.008078 0.003636 0.020605 0.031690 0.002268 0.014014 0.050412 0.000160 0.001618 0.000417 0.000851 0.000103 0.000344 0.000346 0.000002 0.000000 0.001086 0.001333 0.001312 0.009086 0.000287 0.001246 0.004415
0.063362 0.032050 0.016972 0.040146 0.022218 0.013256 0.004566 0.003026 0.000915 0.002365 0.003674 0.000828 0.002811 0.011730 0.009926 0.005708 0.003982 0.000251 0.000223 0.002308 0.000436 0.000833 0.000905 0.000333 0.000029 0.000009 0.000088 0.000018 0.000135 0.000095 0.000070 0.000091 0.000059 0.000070 0.000107 0.000079 0.000043 0.000079 0.000128 0.000022 0.000047 0.000052 0.000027 0.000052 0.000031 0.000055 0.000104 0.000072 0.000027 0.000075 0.000068 0.000014 0.000050 0.000029 0.000033 0.000099 0.000557 0.000239 0.000012 0.000019 0.000208 0.000020 0.002801 0.007169 0.004676 0.020145 0.001805 0.022691 0.024063 0.013651 0.178413 0.015710 0.016274 0.003291 0.009146 0.007283 0.005245 0.047657 0.006207 0.006557 0.034502 0.008364 0.013261 0.010493 0.004301 1.116611 0.024594 0.001872 0.476528 0.009817 0.001786 0.005340 0.007612 0.001611 0.004060 0.004802 0.155176 0.086188 0.000000 0.001255 0.862723 0.153845 0.002883 0.008004 0.012384 0.015496 0.001319 0.001627 0.001225 0.486239 0.004247 0.002608 0.000386 0.000490 0.001537 0.000884 0.011305 0.001823 0.002780 0.003860 0.006422 0.028017 0.002972 0.001080 0.000366 0.001502 0.000615 0.000791 0.011350 0.002043 0.024805 0.003354 0.001681 0.001129 0.231980 0.010725 0.002701 0.000598 0.014761 0.000923 0.000166 0.003631 0.000385 0.001092 0.000515 0.003217 0.000924 0.000996 0.786216 0.037635 0.001723 0.001074 0.088264 0.009145 0.001189 0.000159 0.000164 0.051096 0.000364 0.000242 0.001404 0.000676 0.000703 0.000324 0.000325 0.000068 0.000169 0.000145 0.000273 0.000041 0.000006 0.000064 0.000026 0.000062 0.000014 0.000049 0.000025 0.000034 0.000006 0.000000 0.000586 0.013254 0.031061 0.008506 0.000941 0.005292 0.001129 0.000057 0.006375 0.005222 0.024554 0.075670 0.003445 0.018721 0.040400 0.000153 0.002072 0.008048 0.000406 0.000154 0.001210 0.000198 0.000004 0.000000 0.002062 0.000647 0.001835 0.008016 0.000559 0.003135 0.004856
0.287050 0.120517 0.057301 0.000045 0.017216 0.008629 0.004087 0.002900 0.000019 0.001077 0.001700 0.000665 0.002265 0.000035 0.000080 0.000089 0.000288 0.000071 0.000022 0.000015 0.000005 0.000011 0.000006 0.000009 0.000003 0.000001 0.000001 0.000028 0.000107 0.000089 0.000040 0.000061 0.000044 0.000055 0.000065 0.000045 0.000030 0.000076 0.000086 0.000012 0.000033 0.000025 0.000013 0.000042 0.000032 0.000059 0.000080 0.000044 0.000022 0.000054 0.000047 0.000007 0.000096 0.000034 0.000040 0.000115 0.000238 0.000876 0.000004 0.000007 0.000032 0.000080 0.000171 0.000141 0.000019 0.002759 0.000151 0.000040 0.000312 0.025541 0.020788 0.001938 0.005833 0.001631 0.002549 0.004278 0.004535 0.008970 0.000575 0.001702 0.016197 0.804988 0.001404 0.017611 0.098524 0.012735 0.144430 0.589762 0.065617 0.000258 0.000337 0.003044 0.007703 0.095832 0.076590 0.021165 0.001214 0.005438 0.001255 0.000000 0.001815 0.000278 0.000644 0.001804 0.014211 0.559688 0.683484 0.002052 0.024262 0.000721 0.000143 0.001078 0.000009 0.000003 0.000088 0.000003 0.000045 0.000016 0.000139 0.000210 0.000143 0.001565 0.000109 0.000098 0.000156 0.000097 0.000204 0.000254 0.000237 0.000055 0.000361 0.003334 0.000114 0.002637 0.002001 0.029206 0.000196 0.005454 0.024857 0.000040 0.000037 0.000186 0.003055 0.003648 0.000172 0.000304 0.008000 0.000965 0.000828 0.000267 0.000212 0.013873 0.000562 0.000770 0.007340 0.000068 0.001457 0.000153 0.000038 0.000015 0.000137 0.000076 0.000025 0.000010 0.000017 0.000010 0.000020 0.000014 0.000073 0.000003 0.000001 0.000003 0.000000 0.000003 0.000001 0.000006 0.000002 0.000003 0.000000 0.000000 0.000083 0.009977 0.001910 0.000526 0.004501 0.009706 0.000065 0.000156 0.005109 0.000789 0.003963 0.019952 0.021972 0.047399 0.012054 0.000011 0.000953 0.000147 0.000021 0.000304 0.000783 0.000005 0.000012 0.000000 0.000269 0.000045 0.000185 0.001227 0.001789 0.004147 0.000789
0.012446 0.016649 0.005027 0.006618 0.005169 0.003252 0.008201 0.003390 0.000227 0.003616 0.001776 0.000728 0.001814 0.004253 0.005192 0.002237 0.000901 0.000040 0.000052 0.000366 0.000366 0.001006 0.000965 0.000508 0.000046 0.000003 0.000095 0.000006 0.000039 0.000044 0.000035 0.000068 0.000042 0.000041 0.000072 0.000043 0.000020 0.000039 0.000039 0.000005 0.000029 0.000045 0.000027 0.000068 0.000044 0.000071 0.000099 0.000058 0.000022 0.000054 0.000041 0.000009 0.000007 0.000023 0.000004 0.000019 0.000155 0.000047 0.000005 0.000022 0.000233 0.000014 0.000289 0.000563 0.000340 0.003204 0.001001 0.036150 0.067498 0.000557 0.026993 0.011764 0.010550 0.000325 0.000454 0.001936 0.001316 0.039982 0.000372 0.000533 0.012098 0.002030 0.005645 0.006398 0.003022 0.380628 0.022028 0.001586 0.167624 0.003129 0.001045 0.002796 0.004862 0.001366 0.001721 0.002186 0.626935 0.528183 0.862723 0.001815 0.000000 0.054744 0.001912 0.004480 0.009728 0.010673 0.000871 0.000544 0.000745 0.619384 0.004938 0.001246 0.000555 0.000346 0.002760 0.000617 0.009278 0.001802 0.000670 0.001398 0.005181 0.006780 0.007489 0.001604 0.000216 0.000728 0.001486 0.002244 0.035573 0.001369 0.044254 0.001302 0.002525 0.002349 0.076345 0.006129 0.006922 0.000490 0.006274 0.000320 0.000531 0.009363 0.000378 0.000930 0.001563 0.010212 0.000982 0.000431 0.131353 0.073939 0.005925 0.001074 0.181005 0.003271 0.000977 0.000084 0.000165 0.033001 0.000804 0.000668 0.003684 0.001839 0.000173 0.000077 0.000074 0.000015 0.000041 0.000039 0.000065 0.000008 0.000000 0.000110 0.000039 0.000096 0.000021 0.000063 0.000050 0.000048 0.000002 0.000001 0.000149 0.003642 0.000839 0.002448 0.000327 0.000965 0.000306 0.000009 0.002156 0.001449 0.005378 0.016963 0.001306 0.004407 0.011128 0.000121 0.001458 0.000376 0.000641 0.000108 0.000397 0.000259 0.000002 0.000000 0.001031 0.001063 0.001097 0.010456 0.000375 0.001395 0.004416
0.283893 0.065887 0.005286 0.225915 0.001268 0.080901 0.014539 0.002472 0.014726 0.000465 0.000207 0.000072 0.000172 0.000436 0.000295 0.000139 0.000069 0.000009 0.000012 0.000189 0.000011 0.000017 0.000020 0.000015 0.000006 0.000001 0.000005 0.000002 0.000005 0.000005 0.000002 0.000004 0.000004 0.000004 0.000005 0.000003 0.000002 0.000004 0.000006 0.000003 0.000007 0.000003 0.000001 0.000003 0.000003 0.000006 0.000005 0.000003 0.000002 0.000005 0.000004 0.000006 0.000010 0.000004 0.000006 0.000009 0.000079 0.000118 0.000003 0.000003 0.000018 0.000050 0.000055 0.000027 0.000026 0.000046 0.000072 0.000956 0.000055 0.000043 0.003728 0.000079 0.000101 0.000014 0.000016 0.000056 0.000027 0.000193 0.000007 0.000011 0.000291 0.000121 0.000031 0.005237 0.002580 0.028701 0.002134 0.007823 0.529869 0.680732 0.000512 0.000071 0.000020 0.004211 0.000094 0.400855 0.002212 0.001212 0.153845 0.000278 0.054744 0.000000 0.000171 0.000074 0.000050 0.427480 0.000155 0.024458 0.016382 0.025990 0.000251 0.000012 0.000005 0.000005 0.000023 0.000013 0.000329 0.000018 0.000030 0.000061 0.000035 0.001905 0.000095 0.000081 0.000028 0.000025 0.000026 0.000044 0.000108 0.000012 0.000184 0.000300 0.000062 0.002075 0.002901 0.008011 0.000054 0.010026 0.078532 0.048330 0.000031 0.000036 0.004816 0.000308 0.000040 0.000054 0.000364 0.066793 0.009444 0.000575 0.000056 0.001446 0.002530 0.488546 0.025768 0.007772 0.002115 0.001762 0.000010 0.000035 0.000061 0.000031 0.000672 0.000102 0.000017 0.000002 0.000008 0.000005 0.000108 0.000240 0.000000 0.000084 0.000016 0.000001 0.000000 0.000002 0.000001 0.000003 0.000060 0.000000 0.000109 0.000404 0.000174 0.000030 0.000385 0.001318 0.000003 0.000024 0.000172 0.000041 0.000112 0.001483 0.002176 0.001481 0.000304 0.000060 0.000341 0.000153 0.000008 0.000357 0.001150 0.000001 0.000011 0.000001 0.000136 0.000021 0.000075 0.001132 0.002215 0.001402 0.000228
0.003567 0.048201 0.002637 0.000383 0.003120 0.000085 0.000528 0.000166 0.000028 0.000249 0.000619 0.000203 0.000353 0.000196 0.007886 0.001517 0.001148 0.000161 0.000021 0.000051 0.000009 0.000067 0.000048 0.000024 0.000005 0.000000 0.000002 0.000002 0.000020 0.000026 0.000015 0.000028 0.000035 0.000017 0.000021 0.000010 0.000006 0.000014 0.000012 0.000001 0.000006 0.000005 0.000002 0.000007 0.000005 0.000008 0.000009 0.000005 0.000003 0.000007 0.000006 0.000000 0.000001 0.000003 0.000038 0.000016 0.000194 0.000008 0.000001 0.000002 0.000024 0.000001 0.014353 0.015548 0.007912 0.033870 0.012139 0.002026 0.004843 0.001165 0.000375 0.317748 0.018407 0.001214 0.001797 0.027418 0.023433 0.017038 0.000456 0.000637 0.003074 0.002037 0.014434 0.212722 0.008285 0.000299 0.000757 0.000564 0.000203 0.002186 0.579525 0.508233 0.003784 0.005471 0.009067 0.000689 0.004349 0.003796 0.002883 0.000644 0.001912 0.000171 0.000000 0.736480 0.029000 0.000461 0.003659 0.009165 0.002304 0.003821 0.008818 0.029266 0.000037 0.000056 0.000140 0.000066 0.000538 0.000130 0.000009 0.000011 0.000072 0.000100 0.000301 0.000035 0.000005 0.000008 0.000081 0.000075 0.001180 0.000017 0.001054 0.000041 0.000062 0.000118 0.000527 0.000152 0.000144 0.000014 0.000078 0.000009 0.000036 0.000202 0.000009 0.000024 0.000080 0.000249 0.000027 0.000013 0.001810 0.001706 0.000155 0.000031 0.002095 0.000046 0.000027 0.000003 0.000003 0.000906 0.000041 0.000035 0.000179 0.000071 0.014383 0.001651 0.000543 0.000017 0.000197 0.000102 0.000288 0.000143 0.000000 0.000008 0.000003 0.000008 0.000001 0.000006 0.000004 0.000003 0.000000 0.000000 0.000129 0.000535 0.000391 0.003285 0.000086 0.000340 0.000116 0.000002 0.000622 0.001964 0.001233 0.008303 0.000289 0.001005 0.002115 0.000009 0.000051 0.000017 0.000055 0.000005 0.000025 0.000018 0.000000 0.000000 0.000049 0.000077 0.000053 0.000440 0.000014 0.000051 0.000177
0.008754 0.028846 0.003090 0.000114 0.004648 0.000225 0.000822 0.000321 0.000033 0.000512 0.000772 0.000250 0.000590 0.000323 0.002038 0.001360 0.001098 0.000039 0.000008 0.000035 0.000026 0.000134 0.000104 0.000047 0.000007 0.000001 0.000005 0.000007 0.000038 0.000041 0.000022 0.000038 0.000039 0.000024 0.000031 0.000018 0.000011 0.000020 0.000022 0.000002 0.000009 0.000009 0.000005 0.000013 0.000008 0.000012 0.000019 0.000010 0.000004 0.000016 0.000010 0.000001 0.000003 0.000008 0.000015 0.000031 0.000241 0.000023 0.000006 0.000003 0.000051 0.000002 0.011869 0.014329 0.007108 0.044730 0.007598 0.001944 0.008203 0.003112 0.001188 0.743661 0.082268 0.007702 0.010916 0.054697 0.057034 0.036759 0.002503 0.003327 0.009694 0.005742 0.119473 0.071657 0.027628 0.001029 0.002452 0.001349 0.000650 0.000516 0.015361 0.391140 0.011788 0.017123 0.041911 0.000575 0.011437 0.010398 0.008004 0.001804 0.004480 0.000074 0.736480 0.000000 0.143810 0.001099 0.009969 0.004050 0.006693 0.008986 0.004420 1.018586 0.000066 0.000084 0.000283 0.000109 0.000929 0.000235 0.000028 0.000039 0.000258 0.000268 0.000651 0.000092 0.000018 0.000031 0.000148 0.000160 0.002176 0.000081 0.002422 0.000144 0.000193 0.000215 0.001671 0.000427 0.000404 0.000054 0.000258 0.000007 0.000057 0.000533 0.000037 0.000087 0.000145 0.000586 0.000100 0.000019 0.004322 0.003231 0.000373 0.000112 0.004308 0.000037 0.000080 0.000004 0.000016 0.001822 0.000068 0.000062 0.000407 0.000174 0.001525 0.000335 0.000167 0.000025 0.000080 0.000074 0.000139 0.000023 0.000000 0.000020 0.000009 0.000014 0.000003 0.000010 0.000008 0.000006 0.000001 0.000000 0.000204 0.001840 0.001043 0.004322 0.000174 0.000655 0.000250 0.000004 0.001645 0.002198 0.004279 0.012743 0.000660 0.002577 0.006193 0.000021 0.000137 0.000038 0.000106 0.000014 0.000052 0.000037 0.000001 0.000000 0.000108 0.000158 0.000140 0.000970 0.000043 0.000128 0.000416
0.041092 0.079247 0.018533 0.000124 0.016948 0.000634 0.002121 0.000825 0.000044 0.001020 0.004121 0.001599 0.003608 0.000424 0.002891 0.003325 0.002989 0.000063 0.000011 0.000061 0.000030 0.000203 0.000146 0.000087 0.000014 0.000001 0.000007 0.000014 0.000104 0.000131 0.000113 0.000204 0.000164 0.000143 0.000188 0.000100 0.000055 0.000094 0.000108 0.000004 0.000026 0.000027 0.000021 0.000077 0.000048 0.000075 0.000109 0.000060 0.000028 0.000063 0.000040 0.000004 0.000014 0.000020 0.000012 0.000084 0.000578 0.000072 0.000002 0.000008 0.000081 0.000005 0.001753 0.002088 0.000462 0.093610 0.001522 0.000859 0.009148 0.078753 0.010284 0.096793 0.046704 0.009927 0.055167 0.184216 0.507661 0.628926 0.024556 0.069298 0.114945 0.057968 0.421684 0.045364 0.010354 0.002315 0.005893 0.009340 0.001443 0.000238 0.007891 0.115462 0.957305 0.031096 0.070839 0.001922 0.032476 0.039429 0.012384 0.014211 0.009728 0.000050 0.029000 0.143810 0.000000 0.002121 0.082545 0.000944 0.004681 0.008739 0.002240 0.618347 0.000150 0.000146 0.000592 0.000183 0.001733 0.000423 0.000115 0.000101 0.000519 0.001091 0.001436 0.000196 0.000042 0.000086 0.000347 0.000407 0.006230 0.000135 0.006522 0.000696 0.000345 0.000545 0.004249 0.001877 0.000776 0.000116 0.000620 0.000013 0.000108 0.001391 0.000084 0.000344 0.000297 0.001565 0.000380 0.000030 0.008654 0.007772 0.000814 0.000402 0.011774 0.000038 0.000228 0.000010 0.000036 0.003171 0.000147 0.000117 0.000748 0.000293 0.000593 0.000229 0.000283 0.000057 0.000160 0.000153 0.000271 0.000011 0.000001 0.000027 0.000013 0.000023 0.000005 0.000018 0.000012 0.000011 0.000001 0.000000 0.000479 0.007330 0.002516 0.009018 0.000546 0.001954 0.000866 0.000021 0.005609 0.005190 0.012891 0.039279 0.001881 0.012302 0.027685 0.000030 0.000266 0.000068 0.000176 0.000023 0.000107 0.000063 0.000001 0.000000 0.000217 0.000278 0.000225 0.001937 0.000077 0.000371 0.000834
0.302732 0.235193 0.055599 0.000322 0.017367 0.045550 0.017794 0.006204 0.000370 0.001744 0.002104 0.001080 0.002265 0.000140 0.000109 0.000064 0.000246 0.000080 0.000027 0.000047 0.000008 0.000010 0.000008 0.000021 0.000009 0.000002 0.000003 0.000018 0.000078 0.000061 0.000032 0.000077 0.000058 0.000063 0.000073 0.000042 0.000023 0.000070 0.000065 0.000013 0.000034 0.000022 0.000014 0.000064 0.000050 0.000077 0.000082 0.000041 0.000020 0.000053 0.000037 0.000014 0.000075 0.000033 0.000034 0.000094 0.000202 0.000960 0.000005 0.000010 0.000043 0.000136 0.000051 0.000048 0.000017 0.000525 0.000053 0.000278 0.000093 0.002540 0.009564 0.001409 0.002726 0.000683 0.000623 0.001306 0.000635 0.001793 0.000166 0.000224 0.004305 0.054293 0.000606 0.026725 0.130856 0.017538 0.278483 0.540422 0.679201 0.002966 0.000249 0.001628 0.000805 0.121258 0.023453 0.356095 0.000913 0.002962 0.015496 0.559688 0.010673 0.427480 0.000461 0.001099 0.002121 0.000000 0.037135 0.017286 0.051319 0.004800 0.000100 0.000392 0.000010 0.000004 0.000082 0.000006 0.000074 0.000014 0.000103 0.000283 0.000133 0.001668 0.000292 0.000230 0.000169 0.000109 0.000252 0.000327 0.000189 0.000056 0.000223 0.001866 0.000268 0.007748 0.002050 0.026136 0.000273 0.036813 0.150370 0.002660 0.000052 0.000167 0.018198 0.004186 0.000303 0.000331 0.007873 0.029306 0.001678 0.000234 0.000311 0.021226 0.000801 0.080488 0.065735 0.001222 0.005313 0.000329 0.000037 0.000022 0.000250 0.000150 0.000016 0.000006 0.000008 0.000007 0.000015 0.000008 0.000030 0.000001 0.000000 0.000007 0.000002 0.000001 0.000001 0.000005 0.000001 0.000002 0.000001 0.000000 0.000224 0.006657 0.002001 0.000270 0.004826 0.012117 0.000030 0.000172 0.003715 0.000533 0.002224 0.020664 0.026899 0.034870 0.006554 0.000051 0.001213 0.000372 0.000023 0.000803 0.002368 0.000004 0.000028 0.000001 0.000415 0.000059 0.000248 0.002911 0.005453 0.006017 0.000925
0.427507 0.080531 0.039706 0.000058 0.014022 0.006603 0.003336 0.002742 0.000015 0.001214 0.001375 0.000516 0.002039 0.000043 0.000281 0.000249 0.000379 0.000050 0.000016 0.000013 0.000004 0.000013 0.000012 0.000010 0.000002 0.000001 0.000002 0.000017 0.000101 0.000075 0.000042 0.000054 0.000043 0.000049 0.000058 0.000042 0.000022 0.000067 0.000088 0.000012 0.000031 0.000024 0.000009 0.000032 0.000021 0.000041 0.000059 0.000032 0.000018 0.000045 0.000038 0.000011 0.000068 0.000027 0.000022 0.000091 0.000251 0.000526 0.000003 0.000007 0.000039 0.000081 0.000844 0.000658 0.000119 0.010037 0.000704 0.000077 0.000716 0.108647 0.019992 0.004869 0.011542 0.002229 0.025348 0.038124 0.031766 0.021299 0.004919 0.020164 0.024479 0.663952 0.008275 0.015458 0.061620 0.003459 0.044253 0.495665 0.026149 0.000341 0.002301 0.024408 0.042376 0.401546 0.613722 0.017518 0.001365 0.003316 0.001319 0.683484 0.000871 0.000155 0.003659 0.009969 0.082545 0.037135 0.000000 0.001195 0.024731 0.000718 0.000908 0.011235 0.000011 0.000005 0.000109 0.000008 0.000068 0.000020 0.000273 0.000267 0.000243 0.002724 0.000120 0.000092 0.000229 0.000146 0.000206 0.000256 0.000350 0.000089 0.000624 0.005165 0.000134 0.002092 0.002502 0.030117 0.000227 0.003099 0.012988 0.000028 0.000035 0.000261 0.001871 0.004141 0.000172 0.000359 0.008379 0.000568 0.001131 0.000366 0.000237 0.010628 0.000720 0.000389 0.004779 0.000049 0.001015 0.000172 0.000037 0.000016 0.000137 0.000079 0.000177 0.000056 0.000055 0.000017 0.000044 0.000033 0.000127 0.000012 0.000000 0.000003 0.000001 0.000003 0.000001 0.000003 0.000002 0.000004 0.000000 0.000000 0.000085 0.009914 0.001535 0.001420 0.002977 0.006538 0.000128 0.000103 0.004754 0.001043 0.004621 0.016302 0.011240 0.043662 0.016677 0.000010 0.001095 0.000139 0.000022 0.000245 0.000657 0.000010 0.000014 0.000000 0.000277 0.000053 0.000236 0.001155 0.001255 0.004402 0.000931
0.158816 0.407153 0.026916 0.011133 0.006489 0.003719 0.000763 0.000246 0.000241 0.000087 0.000523 0.000141 0.000353 0.000045 0.002521 0.000575 0.000355 0.000060 0.000008 0.000013 0.000001 0.000016 0.000014 0.000005 0.000002 0.000000 0.000002 0.000006 0.000028 0.000020 0.000009 0.000013 0.000011 0.000012 0.000014 0.000009 0.000004 0.000014 0.000022 0.000002 0.000006 0.000005 0.000001 0.000011 0.000009 0.000011 0.000016 0.000008 0.000004 0.000009 0.000011 0.000002 0.000040 0.000013 0.000014 0.000056 0.000148 0.000538 0.000001 0.000001 0.000011 0.000006 0.002300 0.001228 0.001122 0.001528 0.002310 0.000391 0.000257 0.002705 0.002541 0.002949 0.008933 0.001440 0.000693 0.001902 0.001328 0.000804 0.000301 0.000341 0.000640 0.002266 0.000761 0.419219 0.829218 0.000511 0.002013 0.012527 0.006520 0.610690 0.026018 0.002771 0.000285 0.021624 0.001602 0.155182 0.000325 0.000285 0.001627 0.002052 0.000544 0.024458 0.009165 0.004050 0.000944 0.017286 0.001195 0.000000 0.916214 0.000513 0.001696 0.000570 0.000003 0.000006 0.000012 0.000007 0.000052 0.000010 0.000006 0.000009 0.000010 0.000092 0.000020 0.000009 0.000004 0.000004 0.000008 0.000008 0.000096 0.000004 0.000081 0.000061 0.000010 0.000143 0.000145 0.000485 0.000013 0.000936 0.003453 0.001172 0.000003 0.000021 0.000520 0.000063 0.000007 0.000024 0.000110 0.003401 0.000285 0.000139 0.000017 0.000314 0.000172 0.011188 0.001744 0.000335 0.000196 0.000096 0.000004 0.000003 0.000014 0.000006 0.008313 0.000458 0.000115 0.000007 0.000041 0.000047 0.001415 0.010928 0.000000 0.000003 0.000003 0.000001 0.000000 0.000001 0.000001 0.000000 0.000000 0.000000 0.000271 0.002028 0.000765 0.001057 0.001836 0.005152 0.000037 0.000110 0.000985 0.000738 0.000528 0.006635 0.009950 0.006337 0.001537 0.000008 0.000050 0.000019 0.000012 0.000030 0.000123 0.000004 0.000001 0.000000 0.000022 0.000015 0.000020 0.000164 0.000241 0.000170 0.000060
0.432644 0.260326 0.033469 0.001450 0.010894 0.012148 0.003160 0.001054 0.000114 0.000372 0.001102 0.000367 0.000787 0.000017 0.000172 0.000053 0.000130 0.000045 0.000012 0.000009 0.000001 0.000004 0.000002 0.000003 0.000001 0.000001 0.000000 0.000009 0.000030 0.000025 0.000013 0.000024 0.000019 0.000022 0.000026 0.000016 0.000010 0.000023 0.000027 0.000003 0.000008 0.000007 0.000005 0.000019 0.000016 0.000023 0.000031 0.000016 0.000006 0.000017 0.000012 0.000003 0.000052 0.000015 0.000020 0.000059 0.000121 0.000802 0.000001 0.000002 0.000010 0.000031 0.000199 0.000151 0.000085 0.000724 0.000187 0.000052 0.000078 0.004774 0.005481 0.008983 0.014471 0.002261 0.001759 0.005244 0.001823 0.001192 0.000662 0.000897 0.001830 0.013655 0.004003 0.033838 0.533124 0.001965 0.018156 0.046416 0.020971 0.232208 0.001464 0.008589 0.001456 1.044034 0.213489 0.428785 0.000216 0.000726 0.001225 0.024262 0.000745 0.016382 0.002304 0.006693 0.004681 0.051319 0.024731 0.916214 0.000000 0.000381 0.000174 0.002546 0.000002 0.000001 0.000015 0.000001 0.000015 0.000002 0.000026 0.000055 0.000032 0.000442 0.000044 0.000032 0.000037 0.000022 0.000040 0.000051 0.000048 0.000017 0.000077 0.000507 0.000044 0.001045 0.000444 0.005174 0.000043 0.005824 0.014657 0.002733 0.000007 0.000033 0.003516 0.000894 0.000040 0.000055 0.001491 0.014953 0.000373 0.000057 0.000047 0.003405 0.000142 0.028003 0.010392 0.001025 0.001376 0.000042 0.000006 0.000004 0.000036 0.000024 0.000255 0.000076 0.000011 0.000004 0.000011 0.000007 0.000026 0.000012 0.000000 0.000004 0.000001 0.000000 0.000000 0.000001 0.000001 0.000000 0.000000 0.000000 0.000438 0.003812 0.001431 0.000208 0.003131 0.009487 0.000020 0.000173 0.001843 0.000317 0.001134 0.011413 0.016421 0.016499 0.003572 0.000014 0.000244 0.000059 0.000006 0.000125 0.000417 0.000001 0.000004 0.000000 0.000075 0.000012 0.000048 0.000472 0.000834 0.001053 0.000180
0.006086 0.019292 0.005895 0.006088 0.010635 0.001219 0.004349 0.002074 0.000245 0.002590 0.002059 0.000686 0.001982 0.112436 0.119735 0.105769 0.022852 0.000490 0.000873 0.005511 0.001035 0.002381 0.004738 0.001894 0.000064 0.000014 0.000176 0.000018 0.000091 0.000185 0.000374 0.000143 0.000080 0.000077 0.000114 0.000075 0.000038 0.000069 0.000110 0.000012 0.000047 0.000051 0.000026 0.000047 0.000034 0.000058 0.000096 0.000054 0.000023 0.000062 0.000062 0.000006 0.000014 0.000046 0.000023 0.000067 0.000631 0.000077 0.000006 0.000034 0.000277 0.000010 0.007072 0.025162 0.027569 0.134558 0.038645 1.458026 0.569964 0.000207 0.004012 0.017620 0.007873 0.000141 0.000257 0.008273 0.008190 0.112943 0.000078 0.000174 0.001582 0.000544 0.002406 0.012938 0.001497 0.013666 0.006896 0.000916 0.065656 0.001625 0.004228 0.004181 0.004330 0.000683 0.000770 0.001233 0.945915 0.015738 0.486239 0.000721 0.619384 0.025990 0.003821 0.008986 0.008739 0.004800 0.000718 0.000513 0.000381 0.000000 0.113988 0.001851 0.002028 0.003989 0.007398 0.009022 0.090643 0.013337 0.000228 0.000341 0.001163 0.001913 0.003448 0.000592 0.000048 0.000154 0.001653 0.001717 0.020394 0.000271 0.010957 0.000379 0.000479 0.001206 0.031161 0.002388 0.001232 0.000198 0.003040 0.000176 0.000279 0.001998 0.000127 0.000211 0.000616 0.004426 0.000293 0.000204 0.072654 0.067826 0.001353 0.000453 0.077897 0.001793 0.000383 0.000047 0.000053 0.235886 0.001000 0.000409 0.001919 0.000621 0.000443 0.000201 0.000415 0.000077 0.000229 0.000230 0.000268 0.000010 0.000002 0.000105 0.000044 0.000126 0.000017 0.000082 0.000054 0.000055 0.000002 0.000000 0.000473 0.002676 0.001692 0.008207 0.000472 0.001369 0.000856 0.000015 0.003630 0.004997 0.007403 0.124054 0.001630 0.003600 0.011115 0.000102 0.000770 0.000275 0.000783 0.000074 0.000272 0.000277 0.000002 0.000000 0.000802 0.001189 0.000748 0.010097 0.000288 0.000657 0.002567
0.001047 0.022305 0.003458 0.000364 0.007699 0.000099 0.000372 0.000554 0.000029 0.000402 0.003436 0.007372 0.002806 0.298846 0.526602 0.077376 0.017866 0.000965 0.000664 0.009860 0.000339 0.000596 0.000476 0.000281 0.000025 0.000014 0.000038 0.000016 0.000299 0.001663 0.024860 0.010629 0.000788 0.000386 0.000580 0.000310 0.000170 0.000253 0.000268 0.000008 0.000079 0.000139 0.000141 0.000289 0.000206 0.000185 0.000235 0.000137 0.000052 0.000142 0.000090 0.000009 0.000017 0.000022 0.000042 0.000131 0.001099 0.000038 0.000003 0.000007 0.000067 0.000006 0.071681 0.006669 0.012342 0.011011 0.825514 0.325435 0.006444 0.000342 0.000196 0.001061 0.000936 0.000035 0.000263 0.160671 0.006360 0.004353 0.000057 0.000155 0.000474 0.000427 0.000248 0.016226 0.000269 0.000240 0.000193 0.000137 0.000927 0.000608 0.446402 0.086543 0.000677 0.000450 0.000579 0.000171 0.010292 0.001088 0.004247 0.000143 0.004938 0.000251 0.008818 0.004420 0.002240 0.000100 0.000908 0.001696 0.000174 0.113988 0.000000 0.000391 0.000295 0.000159 0.000142 0.000269 0.002247 0.000286 0.000009 0.000022 0.000031 0.000065 0.000150 0.000027 0.000003 0.000011 0.000074 0.000048 0.000751 0.000011 0.000448 0.000034 0.000022 0.000063 0.000379 0.000067 0.000046 0.000007 0.000046 0.000011 0.000033 0.000092 0.000005 0.000015 0.000035 0.000172 0.000015 0.000004 0.001422 0.001316 0.000088 0.000016 0.001466 0.000026 0.000013 0.000002 0.000003 0.001670 0.000166 0.000021 0.000085 0.000031 0.011651 0.002220 0.000648 0.000073 0.000288 0.000291 0.000669 0.000131 0.000468 0.000011 0.000005 0.000010 0.000002 0.000007 0.000009 0.000011 0.000000 0.000000 0.000273 0.000512 0.000546 0.006344 0.000132 0.000540 0.000361 0.000004 0.000643 0.003572 0.000878 0.023765 0.000378 0.000858 0.002530 0.000023 0.000086 0.000017 0.000069 0.000010 0.000054 0.000026 0.000001 0.000000 0.000055 0.000102 0.000048 0.001020 0.000047 0.000098 0.000235
0.004651 0.007310 0.001628 0.000020 0.001663 0.000075 0.000245 0.000120 0.000005 0.000156 0.000277 0.000079 0.000239 0.000075 0.000449 0.000439 0.000502 0.000013 0.000001 0.000009 0.000005 0.000032 0.000026 0.000011 0.000003 0.000000 0.000001 0.000001 0.000010 0.000010 0.000010 0.000012 0.000011 0.000009 0.000010 0.000007 0.000004 0.000007 0.000009 0.000001 0.000004 0.000002 0.000002 0.000005 0.000003 0.000004 0.000006 0.000003 0.000002 0.000006 0.000004 0.000002 0.000003 0.000002 0.000001 0.000012 0.000063 0.000007 0.000001 0.000002 0.000012 0.000000 0.000476 0.000860 0.000282 0.006999 0.000391 0.000201 0.000906 0.004032 0.000534 0.299194 0.021679 0.003014 0.012771 0.179961 0.480106 0.007804 0.002243 0.005651 0.003065 0.005535 0.275430 0.008052 0.007034 0.000291 0.001468 0.000850 0.000312 0.000070 0.003598 0.143403 0.007578 0.010278 0.027439 0.000202 0.002467 0.002545 0.002608 0.001078 0.001246 0.000012 0.029266 1.018586 0.618347 0.000392 0.011235 0.000570 0.002546 0.001851 0.000391 0.000000 0.000012 0.000013 0.000055 0.000013 0.000148 0.000045 0.000011 0.000011 0.000054 0.000107 0.000164 0.000028 0.000004 0.000009 0.000034 0.000035 0.000621 0.000013 0.000652 0.000077 0.000035 0.000062 0.000431 0.000274 0.000088 0.000021 0.000113 0.000002 0.000009 0.000142 0.000013 0.000040 0.000032 0.000156 0.000050 0.000005 0.001237 0.000839 0.000093 0.000060 0.001308 0.000007 0.000029 0.000002 0.000005 0.000339 0.000011 0.000011 0.000090 0.000039 0.000242 0.000054 0.000049 0.000007 0.000019 0.000018 0.000030 0.000004 0.000001 0.000005 0.000001 0.000004 0.000001 0.000004 0.000002 0.000002 0.000000 0.000000 0.000086 0.000844 0.000444 0.001140 0.000077 0.000272 0.000134 0.000003 0.000752 0.000668 0.001904 0.004960 0.000278 0.001253 0.002936 0.000004 0.000042 0.000014 0.000032 0.000005 0.000016 0.000012 0.000000 0.000000 0.000040 0.000059 0.000044 0.000339 0.000017 0.000057 0.000134
0.000044 0.000230 0.000071 0.000036 0.000134 0.000779 0.038263 0.001969 0.000303 0.007379 0.000971 0.000404 0.000696 0.000178 0.001372 0.000866 0.000626 0.000060 0.000022 0.000055 0.016770 0.085471 0.074416 0.022383 0.000361 0.000049 0.001062 0.000001 0.000011 0.000013 0.000015 0.000025 0.000017 0.000015 0.000027 0.000017 0.000009 0.000013 0.000020 0.000009 0.000039 0.000049 0.000614 0.025605 0.004281 0.000138 0.000071 0.000033 0.000016 0.000042 0.000031 0.000013 0.000001 0.000073 0.000016 0.000002 0.000057 0.000001 0.000024 0.000073 0.000836 0.000021 0.000412 0.000990 0.000852 0.001418 0.000899 0.002479 0.001322 0.000007 0.000039 0.000108 0.000050 0.000002 0.000004 0.000412 0.000176 0.001104 0.000002 0.000003 0.000082 0.000019 0.000020 0.000123 0.000006 0.000046 0.000044 0.000005 0.000032 0.000007 0.000036 0.000085 0.000111 0.000006 0.000009 0.000003 0.001585 0.000304 0.000386 0.000009 0.000555 0.000005 0.000037 0.000066 0.000150 0.000010 0.000011 0.000003 0.000002 0.002028 0.000295 0.000012 0.000000 0.978552 0.252530 1.035297 0.810840 0.111180 0.000266 0.000226 0.000334 0.000124 0.002860 0.000118 0.000031 0.000124 0.811787 0.005879 0.008830 0.000052 0.000468 0.000651 0.000140 0.018994 0.000135 0.000137 0.000173 0.000238 0.000055 0.000481 0.018069 0.000252 0.000194 0.000455 0.014428 0.001261 0.001000 0.000159 0.001942 0.006122 0.000484 0.000479 0.000907 0.000038 0.000076 0.001371 0.000083 0.015667 0.685880 0.012738 0.017148 0.000711 0.000008 0.000005 0.000004 0.000001 0.000003 0.000002 0.000005 0.000000 0.000000 0.003460 0.000758 0.000736 0.000046 0.000293 0.000339 0.000257 0.000071 0.000001 0.000022 0.000030 0.000016 0.000107 0.000003 0.000033 0.000006 0.000000 0.000032 0.000105 0.000061 0.001969 0.000021 0.000040 0.000112 0.000211 0.000484 0.000300 0.004876 0.000105 0.000503 0.000692 0.000003 0.000000 0.000563 0.003832 0.000368 0.038714 0.000288 0.000640 0.001386
0.000036 0.000338 0.000087 0.000029 0.000161 0.000422 0.031387 0.002070 0.000182 0.010302 0.001460 0.000556 0.000841 0.000049 0.000464 0.000557 0.000413 0.000011 0.000005 0.000014 0.000337 0.004831 0.004000 0.001743 0.000159 0.000002 0.000055 0.000002 0.000010 0.000011 0.000017 0.000029 0.000015 0.000018 0.000030 0.000018 0.000009 0.000014 0.000024 0.000009 0.000044 0.000056 0.000033 0.002580 0.007412 0.001050 0.000083 0.000050 0.000020 0.000050 0.000033 0.000015 0.000001 0.000096 0.000006 0.000002 0.000043 0.000002 0.000009 0.000075 0.001056 0.000017 0.000952 0.002717 0.010087 0.003400 0.000538 0.003905 0.003838 0.000004 0.000014 0.000123 0.000044 0.000001 0.000001 0.000761 0.000323 0.001406 0.000001 0.000003 0.000046 0.000008 0.000018 0.000180 0.000002 0.000020 0.000015 0.000002 0.000019 0.000009 0.000065 0.000132 0.000096 0.000002 0.000004 0.000002 0.001830 0.000202 0.000490 0.000003 0.000346 0.000005 0.000056 0.000084 0.000146 0.000004 0.000005 0.000006 0.000001 0.003989 0.000159 0.000013 0.978552 0.000000 1.333675 1.204914 0.271971 0.609055 0.000051 0.000046 0.000063 0.000043 0.003693 0.000058 0.000011 0.000032 0.464647 0.002691 0.003412 0.000013 0.000191 0.000144 0.000082 0.016245 0.000060 0.000038 0.000073 0.000061 0.000020 0.000269 0.006126 0.000075 0.000065 0.000123 0.008468 0.000384 0.000244 0.000071 0.001456 0.003482 0.000251 0.000106 0.000302 0.000014 0.000023 0.000685 0.000033 0.021239 0.015146 0.007784 0.015438 0.000449 0.000010 0.000008 0.000005 0.000001 0.000002 0.000003 0.000006 0.000000 0.000000 0.001046 0.000443 0.000759 0.000067 0.000416 0.000409 0.000338 0.000027 0.000001 0.000023 0.000027 0.000015 0.000119 0.000005 0.000060 0.000010 0.000000 0.000036 0.000099 0.000066 0.001972 0.000013 0.000042 0.000127 0.000178 0.000543 0.000270 0.004604 0.000094 0.000397 0.000843 0.000003 0.000000 0.000655 0.003434 0.000517 0.024272 0.000216 0.000535 0.001745
0.000252 0.000936 0.000457 0.000027 0.000509 0.006839 0.058059 0.013677 0.000255 0.027408 0.003670 0.002553 0.004957 0.000058 0.000251 0.000348 0.000327 0.000010 0.000006 0.000013 0.000528 0.004952 0.003372 0.001920 0.000228 0.000005 0.000077 0.000006 0.000051 0.000064 0.000094 0.000164 0.000104 0.000120 0.000177 0.000106 0.000055 0.000096 0.000120 0.000047 0.000231 0.000312 0.000161 0.000369 0.000248 0.000377 0.000473 0.000258 0.000110 0.000262 0.000198 0.000072 0.000006 0.000241 0.000009 0.000006 0.000107 0.000006 0.000020 0.000238 0.002679 0.000073 0.000486 0.001623 0.001079 0.003890 0.000254 0.002326 0.003768 0.000064 0.000571 0.000476 0.000281 0.000014 0.000034 0.000817 0.000484 0.004419 0.000014 0.000029 0.000756 0.000217 0.000131 0.000447 0.000054 0.000642 0.000532 0.000045 0.000297 0.000024 0.000095 0.000270 0.000412 0.000039 0.000077 0.000011 0.007283 0.001657 0.001537 0.000088 0.002760 0.000023 0.000140 0.000283 0.000592 0.000082 0.000109 0.000012 0.000015 0.007398 0.000142 0.000055 0.252530 1.333675 0.000000 0.056730 0.155263 1.264842 0.003687 0.003583 0.005973 0.002468 0.032642 0.001994 0.000442 0.001677 0.893951 0.483529 0.764071 0.000893 0.008927 0.010643 0.001363 0.030974 0.003075 0.002189 0.002132 0.002197 0.000425 0.000381 0.011987 0.006462 0.001471 0.005234 0.027696 0.048603 0.012029 0.000466 0.006855 0.077415 0.005047 0.006794 0.003934 0.000030 0.000906 0.000949 0.000450 0.055733 0.035770 0.017010 0.051918 0.005565 0.000016 0.000011 0.000012 0.000002 0.000010 0.000008 0.000020 0.000000 0.000000 0.001505 0.000565 0.001258 0.000145 0.000737 0.000666 0.000593 0.000035 0.000002 0.000021 0.000157 0.000069 0.000336 0.000020 0.000085 0.000029 0.000001 0.000147 0.000221 0.000276 0.002259 0.000058 0.000234 0.000564 0.000289 0.002709 0.000629 0.007295 0.000265 0.001039 0.002082 0.000012 0.000000 0.002307 0.006568 0.001918 0.028449 0.000780 0.004256 0.009884
0.000047 0.000381 0.000109 0.000063 0.000234 0.000328 0.023775 0.001870 0.000279 0.009117 0.000994 0.000415 0.000716 0.000146 0.001531 0.002080 0.001056 0.000035 0.000023 0.000047 0.002990 0.016853 0.025176 0.008930 0.000270 0.000012 0.000340 0.000002 0.000011 0.000012 0.000016 0.000028 0.000015 0.000019 0.000031 0.000019 0.000011 0.000020 0.000032 0.000014 0.000051 0.000064 0.000047 0.000191 0.000087 0.000075 0.000082 0.000043 0.000020 0.000048 0.000043 0.000017 0.000001 0.000120 0.000013 0.000005 0.000074 0.000001 0.000016 0.000122 0.001325 0.000025 0.000807 0.002322 0.016477 0.005135 0.001395 0.012414 0.014497 0.000004 0.000012 0.000170 0.000075 0.000002 0.000002 0.000593 0.000370 0.002203 0.000002 0.000005 0.000060 0.000007 0.000020 0.000229 0.000003 0.000024 0.000015 0.000004 0.000040 0.000009 0.000062 0.000141 0.000142 0.000005 0.000005 0.000003 0.004275 0.000307 0.000884 0.000003 0.000617 0.000013 0.000066 0.000109 0.000183 0.000006 0.000008 0.000007 0.000001 0.009022 0.000269 0.000013 1.035297 1.204914 0.056730 0.000000 2.449868 1.891934 0.000046 0.000033 0.000046 0.000027 0.002275 0.000046 0.000006 0.000021 0.011694 0.000749 0.001689 0.000010 0.000134 0.000076 0.000059 0.010642 0.000062 0.000027 0.000053 0.000041 0.000024 0.000237 0.004392 0.000055 0.000057 0.000087 0.005657 0.000291 0.000162 0.000066 0.001472 0.012912 0.000199 0.000057 0.003145 0.000020 0.000015 0.000665 0.000033 0.077921 0.017951 0.006410 0.009543 0.000360 0.000015 0.000007 0.000006 0.000001 0.000007 0.000004 0.000012 0.000001 0.000000 0.001403 0.000500 0.000809 0.000082 0.000410 0.000415 0.000380 0.000030 0.000001 0.000034 0.000045 0.000033 0.000233 0.000006 0.000051 0.000022 0.000000 0.000066 0.000173 0.000120 0.004331 0.000030 0.000059 0.000203 0.000359 0.000600 0.000438 0.005587 0.000124 0.000495 0.001054 0.000004 0.000000 0.000819 0.004296 0.000570 0.057013 0.000292 0.000521 0.001909
0.000463 0.002834 0.000622 0.000531 0.001478 0.001399 0.037070 0.005202 0.001715 0.021881 0.002798 0.001332 0.002304 0.001635 0.011410 0.014708 0.007823 0.000288 0.000186 0.000464 0.151836 0.180333 0.439806 0.166236 0.000856 0.000326 0.010558 0.000005 0.000040 0.000059 0.000078 0.000091 0.000061 0.000065 0.000093 0.000059 0.000028 0.000060 0.000080 0.000032 0.000193 0.000343 0.002264 0.000618 0.000149 0.000206 0.000243 0.000135 0.000063 0.000160 0.000118 0.000059 0.000007 0.000222 0.000078 0.000014 0.000487 0.000015 0.000129 0.000282 0.003323 0.000087 0.005431 0.018303 0.017162 0.037222 0.008175 0.077478 0.041212 0.000045 0.000225 0.001578 0.000753 0.000014 0.000031 0.004703 0.003161 0.020046 0.000018 0.000035 0.000747 0.000084 0.000197 0.001795 0.000051 0.000880 0.000166 0.000036 0.000712 0.000059 0.000450 0.001093 0.001257 0.000036 0.000053 0.000035 0.037002 0.003551 0.011305 0.000045 0.009278 0.000329 0.000538 0.000929 0.001733 0.000074 0.000068 0.000052 0.000015 0.090643 0.002247 0.000148 0.810840 0.271971 0.155263 2.449868 0.000000 1.521847 0.000174 0.000176 0.000281 0.000346 0.008818 0.000290 0.000037 0.000092 0.047625 0.004187 0.021448 0.000047 0.001353 0.000469 0.000234 0.015679 0.001226 0.001883 0.000318 0.000182 0.003644 0.000418 0.006166 0.000546 0.000164 0.000338 0.008159 0.002151 0.000635 0.000102 0.050774 0.260910 0.000708 0.000385 0.089901 0.001073 0.000171 0.000744 0.000072 1.540041 0.183127 0.007950 0.016020 0.001195 0.000107 0.000048 0.000055 0.000008 0.000031 0.000026 0.000054 0.000004 0.000000 0.001830 0.000639 0.001403 0.000150 0.000836 0.000811 0.000727 0.000047 0.000014 0.000232 0.000277 0.000234 0.001447 0.000044 0.000281 0.000100 0.000002 0.000423 0.001130 0.000792 0.033113 0.000210 0.000409 0.001280 0.001203 0.001297 0.001693 0.009687 0.000392 0.001560 0.001984 0.000008 0.000000 0.001961 0.007941 0.001235 0.582397 0.000970 0.001305 0.005345
0.000100 0.000816 0.000269 0.000045 0.000454 0.001055 0.029265 0.006043 0.000233 0.019329 0.002562 0.001238 0.002379 0.000116 0.000865 0.001499 0.000873 0.000020 0.000010 0.000038 0.001282 0.004089 0.004519 0.001949 0.000208 0.000006 0.000245 0.000004 0.000030 0.000041 0.000051 0.000080 0.000045 0.000052 0.000085 0.000057 0.000029 0.000051 0.000068 0.000029 0.000126 0.000160 0.000095 0.000193 0.000124 0.000180 0.000256 0.000130 0.000058 0.000149 0.000107 0.000046 0.000003 0.000197 0.000007 0.000005 0.000091 0.000005 0.000016 0.000198 0.002048 0.000039 0.000937 0.003000 0.003747 0.007158 0.000691 0.007278 0.016097 0.000014 0.000080 0.000394 0.000186 0.000004 0.000008 0.001010 0.000547 0.004296 0.000006 0.000012 0.000228 0.000035 0.000055 0.000442 0.000014 0.000158 0.000073 0.000005 0.000077 0.000016 0.000107 0.000251 0.000286 0.000007 0.000018 0.000002 0.008057 0.000888 0.001823 0.000016 0.001802 0.000018 0.000130 0.000235 0.000423 0.000014 0.000020 0.000010 0.000002 0.013337 0.000286 0.000045 0.111180 0.609055 1.264842 1.891934 1.521847 0.000000 0.000212 0.000209 0.000401 0.000267 0.013381 0.000433 0.000050 0.000114 0.060862 0.012790 0.272930 0.000068 0.001881 0.000856 0.000309 0.013682 0.000920 0.000310 0.000355 0.000199 0.000078 0.000205 0.003129 0.000797 0.000151 0.000428 0.007118 0.006039 0.000850 0.000066 0.004266 0.328836 0.000663 0.000584 0.015492 0.000014 0.000093 0.000406 0.000065 0.142091 0.007905 0.007068 0.019138 0.001601 0.000023 0.000013 0.000013 0.000001 0.000008 0.000009 0.000015 0.000000 0.000000 0.000797 0.000426 0.000988 0.000133 0.000597 0.000505 0.000488 0.000022 0.000003 0.000029 0.000096 0.000056 0.000376 0.000014 0.000062 0.000031 0.000001 0.000124 0.000239 0.000231 0.003742 0.000039 0.000125 0.000413 0.000227 0.001325 0.000512 0.005840 0.000159 0.000632 0.001735 0.000009 0.000001 0.001649 0.005590 0.001381 0.039760 0.000426 0.001259 0.005894
0.001555 0.001082 0.001459 0.000075 0.000842 0.308629 0.046427 0.048315 0.000193 0.019707 0.002145 0.001054 0.007784 0.000021 0.000043 0.000087 0.000179 0.000027 0.000012 0.000012 0.000040 0.000226 0.000155 0.000141 0.000016 0.000002 0.000011 0.000007 0.000038 0.000057 0.000074 0.000100 0.000062 0.000064 0.000120 0.000082 0.000048 0.000078 0.000184 0.000077 0.000218 0.000186 0.000065 0.000126 0.000071 0.000135 0.000253 0.000159 0.000072 0.000203 0.000224 0.000113 0.000015 0.000088 0.000005 0.000008 0.000061 0.000023 0.000026 0.000142 0.000654 0.000256 0.000006 0.000007 0.000007 0.000038 0.000007 0.000029 0.000021 0.001587 0.016274 0.000061 0.000229 0.000124 0.000923 0.000028 0.000043 0.000278 0.000196 0.000230 0.001407 0.003177 0.000115 0.000113 0.000246 0.015088 0.004797 0.000060 0.000898 0.000005 0.000005 0.000024 0.000127 0.000059 0.000710 0.000023 0.000240 0.000892 0.002780 0.000139 0.000670 0.000030 0.000009 0.000028 0.000115 0.000103 0.000273 0.000006 0.000026 0.000228 0.000009 0.000011 0.000266 0.000051 0.003687 0.000046 0.000174 0.000212 0.000000 1.331632 0.192315 0.043452 0.001438 0.010281 0.021769 1.123897 0.010529 0.020244 0.027705 0.206923 0.026702 0.492361 0.003328 0.004983 0.019210 0.007142 0.024109 0.001837 0.002429 0.000042 0.000884 0.072502 0.002432 0.222062 0.005011 0.070868 0.046624 0.000386 0.028032 0.000422 0.019693 0.005878 0.000294 0.000047 0.000587 0.000328 0.000837 0.000189 0.001248 0.000481 0.002498 0.001128 0.000003 0.000003 0.000007 0.000001 0.000002 0.000004 0.000010 0.000000 0.000000 0.000094 0.000025 0.000067 0.000029 0.000064 0.000037 0.000081 0.000006 0.000001 0.000012 0.000789 0.001387 0.000066 0.000052 0.000461 0.000014 0.000003 0.000310 0.000065 0.000375 0.001422 0.000137 0.001581 0.001294 0.000126 0.026864 0.004274 0.000307 0.000715 0.002558 0.000143 0.000034 0.000000 0.004746 0.000622 0.005208 0.008548 0.001516 0.042801 0.056419
0.001482 0.001116 0.002115 0.000046 0.001063 0.206773 0.278245 0.203480 0.000310 0.064364 0.012474 0.007598 0.047050 0.000027 0.000044 0.000048 0.000111 0.000020 0.000004 0.000012 0.000118 0.000205 0.000167 0.000230 0.000027 0.000004 0.000030 0.000019 0.000150 0.000230 0.000419 0.000694 0.000453 0.000491 0.000778 0.000475 0.000252 0.000445 0.000599 0.000240 0.000819 0.000716 0.000383 0.000816 0.000511 0.000950 0.001569 0.000932 0.000405 0.001075 0.000791 0.000267 0.000034 0.000216 0.000011 0.000016 0.000183 0.000027 0.000089 0.000344 0.001977 0.000502 0.000005 0.000007 0.000007 0.000034 0.000006 0.000032 0.000026 0.001225 0.012017 0.000100 0.000316 0.000113 0.000522 0.000028 0.000029 0.000360 0.000334 0.000329 0.002218 0.001445 0.000217 0.000102 0.000196 0.016790 0.002280 0.000173 0.001018 0.000017 0.000007 0.000023 0.000117 0.000128 0.000355 0.000065 0.000342 0.001337 0.003860 0.000210 0.001398 0.000061 0.000011 0.000039 0.000101 0.000283 0.000267 0.000009 0.000055 0.000341 0.000022 0.000011 0.000226 0.000046 0.003583 0.000033 0.000176 0.000209 1.331632 0.000000 0.869805 0.518420 0.004242 0.050833 0.023319 0.445914 0.007392 0.012968 0.035641 0.829330 0.064374 0.623300 0.015389 0.022062 0.024217 0.013699 0.055296 0.004848 0.002801 0.000211 0.000635 0.192599 0.006351 0.059484 0.002974 0.048937 0.069895 0.001560 0.021551 0.000651 0.009660 0.017362 0.000499 0.000185 0.002471 0.001402 0.002863 0.000247 0.000870 0.000329 0.001901 0.000717 0.000002 0.000001 0.000005 0.000005 0.000010 0.000007 0.000016 0.000000 0.000001 0.000073 0.000036 0.000090 0.000044 0.000125 0.000069 0.000202 0.000013 0.000002 0.000015 0.000391 0.000795 0.000094 0.000030 0.000229 0.000010 0.000002 0.000181 0.000048 0.000255 0.001179 0.000129 0.000899 0.001148 0.000144 0.053075 0.002259 0.000264 0.000977 0.003759 0.000206 0.000058 0.000000 0.006606 0.000700 0.005904 0.012853 0.002961 0.107008 0.140775
0.001243 0.000990 0.001350 0.000068 0.000924 0.070193 0.238019 0.134659 0.000442 0.049556 0.006651 0.003884 0.022872 0.000076 0.000152 0.000154 0.000197 0.000020 0.000005 0.000032 0.000141 0.000263 0.000230 0.000248 0.000038 0.000003 0.000043 0.000018 0.000123 0.000193 0.000271 0.000338 0.000217 0.000237 0.000399 0.000296 0.000152 0.000256 0.000432 0.000233 0.000831 0.000725 0.000327 0.000526 0.000336 0.000589 0.001037 0.000638 0.000308 0.000770 0.000700 0.000242 0.000022 0.000175 0.000013 0.000013 0.000184 0.000030 0.000067 0.000358 0.002150 0.000360 0.000012 0.000015 0.000016 0.000112 0.000012 0.000093 0.000082 0.001096 0.005042 0.000659 0.001266 0.000193 0.000301 0.000079 0.000096 0.001745 0.000767 0.001094 0.009485 0.000551 0.001245 0.000263 0.000133 0.017410 0.000972 0.000100 0.000527 0.000012 0.000029 0.000098 0.000763 0.000079 0.000228 0.000029 0.001399 0.005583 0.006422 0.000143 0.005181 0.000035 0.000072 0.000258 0.000519 0.000133 0.000243 0.000010 0.000032 0.001163 0.000031 0.000054 0.000334 0.000063 0.005973 0.000046 0.000281 0.000401 0.192315 0.869805 0.000000 0.596273 0.023730 0.117502 0.019339 0.134583 0.006105 0.012682 0.108055 0.719768 0.834415 0.084465 0.032682 0.032316 0.055441 0.005835 0.136730 0.002457 0.001491 0.000124 0.000491 0.655635 0.004247 0.035961 0.002271 0.076767 0.035254 0.000736 0.024247 0.001860 0.009932 0.008101 0.001960 0.000098 0.001185 0.000926 0.001937 0.000585 0.000813 0.000526 0.003416 0.001516 0.000013 0.000004 0.000007 0.000004 0.000013 0.000008 0.000017 0.000001 0.000000 0.000131 0.000081 0.000215 0.000097 0.000218 0.000103 0.000166 0.000027 0.000004 0.000039 0.000810 0.000348 0.000229 0.000045 0.000139 0.000047 0.000004 0.000355 0.000145 0.000887 0.002322 0.000153 0.000763 0.002542 0.000316 0.073311 0.002038 0.000562 0.000468 0.001923 0.001286 0.000042 0.000000 0.008638 0.000943 0.008824 0.018114 0.002070 0.029313 0.173443
0.016470 0.015619 0.012650 0.000461 0.005485 0.305980 0.331786 0.270914 0.000525 0.118497 0.023881 0.018176 0.088019 0.000096 0.000135 0.000118 0.000283 0.000072 0.000016 0.000041 0.000200 0.000229 0.000179 0.000294 0.000046 0.000005 0.000056 0.000035 0.000236 0.000379 0.000699 0.001429 0.000938 0.000930 0.001521 0.000897 0.000432 0.000767 0.000904 0.000403 0.001328 0.001181 0.000655 0.001809 0.001119 0.001988 0.003048 0.001829 0.000755 0.001877 0.001269 0.000332 0.000054 0.000279 0.000025 0.000029 0.000294 0.000113 0.000110 0.000392 0.002211 0.000781 0.000018 0.000028 0.000016 0.000242 0.000027 0.000134 0.000096 0.008814 0.153579 0.000624 0.001603 0.001616 0.006439 0.000347 0.000280 0.001748 0.001335 0.001097 0.009720 0.024078 0.001087 0.001372 0.004843 0.086477 0.051118 0.000572 0.025503 0.000155 0.000054 0.000295 0.000834 0.000823 0.010502 0.000233 0.001053 0.005642 0.028017 0.001565 0.006780 0.001905 0.000100 0.000268 0.001091 0.001668 0.002724 0.000092 0.000442 0.001913 0.000065 0.000107 0.000124 0.000043 0.002468 0.000027 0.000346 0.000267 0.043452 0.518420 0.596273 0.000000 0.008000 0.045161 0.020588 0.079415 0.001928 0.003466 0.017504 0.032661 0.523126 0.732124 0.010848 0.024917 1.403609 0.798689 0.005509 0.003453 0.056468 0.000300 0.000283 0.009320 0.005000 0.051852 0.001340 0.009213 0.026279 0.001524 0.160615 0.010353 0.002119 0.017511 0.016596 0.001486 0.005102 0.001186 0.002776 0.002213 0.000322 0.000207 0.001635 0.000804 0.000007 0.000005 0.000011 0.000005 0.000012 0.000015 0.000051 0.000001 0.000001 0.000053 0.000041 0.000107 0.000057 0.000187 0.000088 0.000227 0.000009 0.000002 0.000033 0.003529 0.002704 0.000254 0.000421 0.001550 0.000035 0.000021 0.001320 0.000250 0.001743 0.005864 0.000952 0.014455 0.007089 0.000234 0.098832 0.003161 0.000432 0.002114 0.008488 0.000452 0.000107 0.000000 0.012887 0.001395 0.011803 0.027827 0.005506 0.208231 0.284724
0.000798 0.001744 0.000513 0.000048 0.000806 0.039393 0.228528 0.016871 0.000217 0.007839 0.001556 0.001002 0.002579 0.000086 0.000314 0.000228 0.000211 0.000011 0.000003 0.000025 0.000322 0.000752 0.000673 0.000705 0.000034 0.000001 0.000039 0.000002 0.000016 0.000021 0.000032 0.000063 0.000042 0.000042 0.000064 0.000039 0.000017 0.000034 0.000042 0.000015 0.000080 0.000094 0.000052 0.000118 0.000078 0.000130 0.000163 0.000090 0.000040 0.000095 0.000065 0.000036 0.000002 0.000034 0.000004 0.000003 0.000061 0.000006 0.000011 0.000062 0.000464 0.000038 0.000114 0.000293 0.000182 0.000885 0.000076 0.000414 0.000917 0.000262 0.001121 0.001400 0.000925 0.000082 0.000100 0.000491 0.000268 0.004459 0.000178 0.000248 0.003887 0.000191 0.000867 0.000785 0.000094 0.002676 0.000312 0.000173 0.000605 0.000015 0.000192 0.000482 0.000948 0.000114 0.000129 0.000086 0.006714 0.005646 0.002972 0.000109 0.007489 0.000095 0.000301 0.000651 0.001436 0.000292 0.000120 0.000020 0.000044 0.003448 0.000150 0.000164 0.002860 0.003693 0.032642 0.002275 0.008818 0.013381 0.001438 0.004242 0.023730 0.008000 0.000000 0.722559 0.029080 0.002777 0.011378 0.025390 0.111547 0.008672 0.059564 0.003979 0.471606 0.360942 0.018567 0.002136 0.035725 0.002003 0.002247 0.000378 0.002914 0.026579 0.007928 0.009047 0.018434 0.041396 0.004117 0.002255 0.025904 0.026814 0.021749 0.002993 0.016419 0.000311 0.002440 0.003748 0.007106 0.019606 0.001836 0.317199 0.721332 0.280260 0.000036 0.000017 0.000015 0.000002 0.000009 0.000012 0.000018 0.000001 0.000000 0.000253 0.000114 0.000221 0.000035 0.000107 0.000126 0.000073 0.000020 0.000001 0.000039 0.000421 0.000132 0.000461 0.000034 0.000125 0.000047 0.000001 0.000286 0.000279 0.000777 0.002218 0.000113 0.000486 0.001541 0.000213 0.003433 0.000749 0.000912 0.000136 0.000632 0.000425 0.000005 0.000000 0.001671 0.001035 0.001897 0.010893 0.000565 0.002537 0.009497
0.000441 0.000489 0.000504 0.000024 0.000301 0.060699 0.434120 0.049880 0.000248 0.008817 0.002373 0.001650 0.006999 0.000021 0.000070 0.000060 0.000054 0.000005 0.000001 0.000006 0.000109 0.000197 0.000156 0.000176 0.000018 0.000001 0.000029 0.000008 0.000045 0.000057 0.000104 0.000152 0.000098 0.000101 0.000175 0.000110 0.000058 0.000100 0.000139 0.000048 0.000310 0.000280 0.000152 0.000236 0.000169 0.000299 0.000397 0.000239 0.000119 0.000315 0.000256 0.000129 0.000008 0.000082 0.000007 0.000005 0.000080 0.000007 0.000030 0.000139 0.000910 0.000131 0.000011 0.000018 0.000017 0.000082 0.000007 0.000047 0.000082 0.000182 0.001409 0.000208 0.000358 0.000041 0.000068 0.000045 0.000036 0.000643 0.000135 0.000154 0.001362 0.000201 0.000238 0.000123 0.000100 0.002438 0.000581 0.000166 0.000703 0.000013 0.000018 0.000058 0.000175 0.000086 0.000080 0.000073 0.000996 0.001310 0.001080 0.000098 0.001604 0.000081 0.000035 0.000092 0.000196 0.000230 0.000092 0.000009 0.000032 0.000592 0.000027 0.000028 0.000118 0.000058 0.001994 0.000046 0.000290 0.000433 0.010281 0.050833 0.117502 0.045161 0.722559 0.000000 0.621491 0.066110 0.001678 0.004578 0.032804 0.120998 0.058262 0.017599 0.313447 0.902915 0.029416 0.004897 0.097422 0.001700 0.002703 0.000240 0.000644 0.066757 0.006957 0.025580 0.004153 0.015478 0.003717 0.001776 0.008520 0.003920 0.019336 0.003330 0.003570 0.000307 0.002500 0.005879 0.008791 0.001592 0.000347 0.002442 0.018382 0.015751 0.000007 0.000001 0.000003 0.000003 0.000006 0.000006 0.000008 0.000000 0.000000 0.000109 0.000106 0.000315 0.000041 0.000118 0.000130 0.000112 0.000034 0.000003 0.000013 0.000230 0.000073 0.000113 0.000019 0.000073 0.000012 0.000001 0.000106 0.000065 0.000278 0.000637 0.000074 0.000303 0.000719 0.000072 0.006762 0.000377 0.000235 0.000230 0.000806 0.000227 0.000017 0.000000 0.001087 0.000225 0.001162 0.003520 0.000960 0.011239 0.016286
0.000408 0.000334 0.000401 0.000008 0.000224 0.034940 0.093460 0.028806 0.000078 0.008076 0.001022 0.000737 0.003603 0.000005 0.000009 0.000013 0.000021 0.000002 0.000001 0.000002 0.000015 0.000032 0.000017 0.000015 0.000002 0.000000 0.000003 0.000001 0.000011 0.000020 0.000036 0.000066 0.000040 0.000043 0.000072 0.000050 0.000023 0.000037 0.000052 0.000022 0.000059 0.000056 0.000029 0.000061 0.000034 0.000064 0.000124 0.000079 0.000036 0.000079 0.000068 0.000029 0.000004 0.000028 0.000000 0.000001 0.000017 0.000007 0.000008 0.000036 0.000176 0.000121 0.000001 0.000003 0.000002 0.000013 0.000002 0.000009 0.000007 0.000214 0.002468 0.000036 0.000071 0.000046 0.000121 0.000013 0.000013 0.000109 0.000072 0.000070 0.000550 0.000861 0.000074 0.000043 0.000134 0.001602 0.002147 0.000106 0.000663 0.000004 0.000004 0.000012 0.000043 0.000085 0.000281 0.000039 0.000068 0.000329 0.000366 0.000156 0.000216 0.000028 0.000005 0.000018 0.000042 0.000169 0.000229 0.000004 0.000037 0.000048 0.000003 0.000004 0.000031 0.000011 0.000442 0.000006 0.000037 0.000050 0.021769 0.023319 0.019339 0.020588 0.029080 0.621491 0.000000 0.697838 0.000775 0.001958 0.004132 0.312657 0.004662 0.020319 0.253570 0.273375 0.007279 0.011182 0.031380 0.000749 0.003370 0.000082 0.000157 0.041256 0.001887 0.235162 0.001079 0.006845 0.002680 0.000622 0.004548 0.000271 0.006808 0.002245 0.000244 0.000118 0.001541 0.001890 0.004008 0.000087 0.000105 0.000147 0.002330 0.002239 0.000002 0.000000 0.000001 0.000000 0.000001 0.000002 0.000001 0.000000 0.000000 0.000022 0.000010 0.000011 0.000005 0.000015 0.000013 0.000030 0.000012 0.000000 0.000005 0.000126 0.000080 0.000020 0.000013 0.000048 0.000003 0.000002 0.000045 0.000012 0.000073 0.000245 0.000051 0.000345 0.000243 0.000019 0.004654 0.000183 0.000046 0.000181 0.000613 0.000034 0.000015 0.000000 0.000514 0.000079 0.000537 0.001601 0.000558 0.013561 0.007369
0.000825 0.000636 0.000940 0.000024 0.000501 0.195528 0.099638 0.084452 0.000162 0.025509 0.004044 0.002322 0.015358 0.000013 0.000025 0.000031 0.000066 0.000011 0.000002 0.000006 0.000040 0.000139 0.000094 0.000091 0.000014 0.000001 0.000009 0.000007 0.000050 0.000077 0.000124 0.000215 0.000137 0.000143 0.000241 0.000147 0.000077 0.000131 0.000218 0.000072 0.000270 0.000228 0.000122 0.000247 0.000150 0.000272 0.000454 0.000283 0.000121 0.000329 0.000271 0.000119 0.000011 0.000091 0.000005 0.000006 0.000064 0.000017 0.000028 0.000144 0.000749 0.000241 0.000003 0.000003 0.000006 0.000025 0.000003 0.000019 0.000016 0.000696 0.008192 0.000068 0.000173 0.000073 0.000361 0.000022 0.000023 0.000266 0.000165 0.000168 0.001261 0.001433 0.000137 0.000069 0.000136 0.007567 0.002450 0.000062 0.000605 0.000007 0.000005 0.000019 0.000098 0.000051 0.000324 0.000024 0.000229 0.000840 0.001502 0.000097 0.000728 0.000025 0.000008 0.000031 0.000086 0.000109 0.000146 0.000004 0.000022 0.000154 0.000011 0.000009 0.000124 0.000032 0.001677 0.000021 0.000092 0.000114 1.123897 0.445914 0.134583 0.079415 0.002777 0.066110 0.697838 0.000000 0.006420 0.015425 0.025879 0.745371 0.021933 0.074897 0.041577 0.014121 0.020777 0.008068 0.066034 0.001108 0.002051 0.000079 0.000701 0.126009 0.002583 0.375161 0.005169 0.060515 0.012740 0.000439 0.015666 0.000503 0.030507 0.001969 0.000423 0.000072 0.000773 0.000597 0.001356 0.000163 0.000685 0.000318 0.003194 0.002591 0.000001 0.000000 0.000002 0.000003 0.000005 0.000002 0.000007 0.000000 0.000000 0.000049 0.000019 0.000039 0.000020 0.000054 0.000030 0.000093 0.000002 0.000000 0.000008 0.000276 0.000436 0.000046 0.000023 0.000139 0.000007 0.000002 0.000124 0.000029 0.000167 0.000623 0.000065 0.000640 0.000647 0.000072 0.022421 0.001383 0.000131 0.000556 0.002135 0.000077 0.000049 0.000000 0.002904 0.000370 0.003203 0.006718 0.001405 0.055078 0.048467
0.000304 0.000662 0.000245 0.000015 0.000263 0.013171 0.039247 0.008288 0.000141 0.009278 0.001446 0.001178 0.002500 0.000020 0.000105 0.000097 0.000100 0.000003 0.000001 0.000005 0.000212 0.007514 0.002166 0.000862 0.000105 0.000003 0.000028 0.000002 0.000015 0.000022 0.000034 0.000072 0.000048 0.000045 0.000073 0.000039 0.000019 0.000037 0.000040 0.000019 0.000081 0.000097 0.000056 0.001767 0.003345 0.000152 0.000179 0.000087 0.000042 0.000094 0.000066 0.000025 0.000003 0.000069 0.000003 0.000002 0.000041 0.000003 0.000008 0.000075 0.000891 0.000033 0.000241 0.000694 0.000398 0.001130 0.000118 0.000558 0.000874 0.000062 0.000590 0.000253 0.000158 0.000013 0.000034 0.000543 0.000206 0.001560 0.000016 0.000027 0.000686 0.000340 0.000116 0.000254 0.000107 0.000539 0.001054 0.000127 0.000667 0.000015 0.000064 0.000183 0.000214 0.000108 0.000136 0.000034 0.001945 0.001089 0.000615 0.000204 0.001486 0.000026 0.000081 0.000148 0.000347 0.000252 0.000206 0.000008 0.000040 0.001653 0.000074 0.000034 0.811787 0.464647 0.893951 0.011694 0.047625 0.060862 0.010529 0.007392 0.006105 0.001928 0.011378 0.001678 0.000775 0.006420 0.000000 0.713606 0.037679 0.001934 0.004475 0.014950 0.001589 0.021780 0.001326 0.002952 0.006086 0.009139 0.001123 0.000358 0.152368 0.004087 0.010031 0.020956 0.376608 0.043855 0.040749 0.002414 0.003977 0.007803 0.052212 0.009875 0.001682 0.000079 0.001555 0.000938 0.002002 0.007683 0.478415 0.011349 0.035624 0.015127 0.000009 0.000006 0.000005 0.000002 0.000004 0.000003 0.000007 0.000000 0.000000 0.002177 0.000365 0.000517 0.000042 0.000220 0.000278 0.000203 0.000035 0.000001 0.000012 0.000089 0.000030 0.000137 0.000011 0.000045 0.000009 0.000001 0.000067 0.000082 0.000136 0.000806 0.000044 0.000183 0.000296 0.000110 0.001159 0.000226 0.002706 0.000119 0.000451 0.000605 0.000006 0.000000 0.000690 0.002100 0.000578 0.008694 0.000433 0.003159 0.003329
0.000401 0.000759 0.000349 0.000012 0.000319 0.020656 0.043585 0.013375 0.000092 0.010645 0.001700 0.001401 0.003607 0.000025 0.000093 0.000082 0.000095 0.000003 0.000002 0.000006 0.000092 0.001672 0.000973 0.000661 0.000076 0.000001 0.000016 0.000002 0.000027 0.000033 0.000049 0.000101 0.000062 0.000065 0.000098 0.000057 0.000032 0.000053 0.000060 0.000025 0.000131 0.000150 0.000085 0.000181 0.000128 0.000208 0.000241 0.000123 0.000061 0.000147 0.000105 0.000039 0.000004 0.000071 0.000002 0.000002 0.000050 0.000006 0.000007 0.000089 0.000851 0.000046 0.000067 0.000220 0.000128 0.000628 0.000040 0.000265 0.000619 0.000073 0.000851 0.000300 0.000224 0.000015 0.000038 0.000252 0.000151 0.002019 0.000016 0.000024 0.000745 0.000466 0.000110 0.000260 0.000150 0.000702 0.001487 0.000183 0.000911 0.000015 0.000045 0.000149 0.000294 0.000137 0.000172 0.000056 0.003105 0.001486 0.000791 0.000254 0.002244 0.000044 0.000075 0.000160 0.000407 0.000327 0.000256 0.000008 0.000051 0.001717 0.000048 0.000035 0.005879 0.002691 0.483529 0.000749 0.004187 0.012790 0.020244 0.012968 0.012682 0.003466 0.025390 0.004578 0.001958 0.015425 0.713606 0.000000 0.160050 0.004612 0.008902 0.025731 0.006609 0.024173 0.002209 0.005478 0.025529 0.010991 0.001827 0.000273 0.013228 0.018538 0.018546 0.043495 0.248747 0.520371 0.061709 0.003306 0.004863 0.008824 0.761440 0.013462 0.002713 0.000121 0.002222 0.000943 0.004475 0.004914 0.014819 0.010652 0.152978 0.463175 0.000009 0.000004 0.000007 0.000001 0.000006 0.000003 0.000008 0.000000 0.000000 0.000572 0.000151 0.000393 0.000056 0.000214 0.000209 0.000163 0.000011 0.000000 0.000011 0.000125 0.000050 0.000157 0.000017 0.000060 0.000015 0.000001 0.000096 0.000102 0.000201 0.000954 0.000058 0.000260 0.000395 0.000114 0.001798 0.000316 0.002125 0.000165 0.000622 0.000581 0.000008 0.000000 0.001042 0.002224 0.000891 0.009533 0.000589 0.005020 0.005581
0.001605 0.006894 0.001813 0.000124 0.002972 0.022728 0.105927 0.039480 0.000401 0.031122 0.006858 0.004473 0.011361 0.000352 0.001344 0.001170 0.001165 0.000032 0.000011 0.000077 0.000798 0.003400 0.002965 0.001419 0.000190 0.000013 0.000149 0.000010 0.000072 0.000107 0.000160 0.000311 0.000196 0.000203 0.000320 0.000192 0.000097 0.000162 0.000192 0.000060 0.000298 0.000363 0.000228 0.000566 0.000362 0.000599 0.000816 0.000461 0.000194 0.000439 0.000301 0.000096 0.000009 0.000142 0.000014 0.000015 0.000223 0.000018 0.000031 0.000194 0.001712 0.000110 0.000809 0.002324 0.001659 0.006940 0.000536 0.003308 0.007067 0.000432 0.002145 0.004090 0.002862 0.000120 0.000237 0.002876 0.001666 0.028775 0.000189 0.000314 0.009742 0.000751 0.001850 0.003401 0.000216 0.006008 0.001235 0.000111 0.000780 0.000048 0.000776 0.002134 0.004742 0.000142 0.000385 0.000036 0.039978 0.023041 0.011350 0.000237 0.035573 0.000108 0.001180 0.002176 0.006230 0.000189 0.000350 0.000096 0.000048 0.020394 0.000751 0.000621 0.008830 0.003412 0.764071 0.001689 0.021448 0.272930 0.027705 0.035641 0.108055 0.017504 0.111547 0.032804 0.004132 0.025879 0.037679 0.160050 0.000000 0.038398 0.829905 0.040125 0.017228 0.034830 0.040848 0.007581 0.117266 0.003440 0.001115 0.000201 0.004254 0.780807 0.004072 0.025359 0.015630 0.927734 0.032270 0.000771 0.047347 0.611562 0.040253 0.013010 0.044394 0.000077 0.001704 0.000583 0.001339 0.058549 0.005808 0.009116 0.047808 0.013807 0.000155 0.000076 0.000079 0.000017 0.000047 0.000049 0.000077 0.000002 0.000000 0.000576 0.000245 0.000666 0.000129 0.000427 0.000318 0.000272 0.000016 0.000003 0.000126 0.001079 0.000473 0.002233 0.000096 0.000394 0.000194 0.000003 0.001004 0.001367 0.002320 0.011090 0.000317 0.001348 0.004064 0.000508 0.011421 0.001587 0.003715 0.000435 0.001728 0.001897 0.000015 0.000001 0.005589 0.005446 0.005796 0.061049 0.001350 0.010743 0.033161
0.000690 0.000358 0.000319 0.000044 0.000282 0.044147 0.043279 0.022702 0.000133 0.009094 0.001099 0.000605 0.003485 0.000023 0.000054 0.000066 0.000145 0.000030 0.000005 0.000012 0.000022 0.000066 0.000037 0.000052 0.000006 0.000000 0.000007 0.000003 0.000015 0.000024 0.000034 0.000047 0.000030 0.000031 0.000057 0.000042 0.000020 0.000028 0.000054 0.000020 0.000067 0.000067 0.000033 0.000073 0.000041 0.000074 0.000134 0.000093 0.000035 0.000096 0.000075 0.000030 0.000002 0.000022 0.000003 0.000001 0.000030 0.000007 0.000011 0.000054 0.000334 0.000059 0.000005 0.000008 0.000008 0.000037 0.000005 0.000036 0.000026 0.000616 0.003793 0.000212 0.000422 0.000132 0.000201 0.000026 0.000030 0.000512 0.000506 0.000628 0.003474 0.000223 0.000501 0.000097 0.000064 0.008583 0.000350 0.000042 0.000180 0.000003 0.000010 0.000032 0.000217 0.000037 0.000109 0.000013 0.000397 0.001904 0.002043 0.000055 0.001369 0.000012 0.000017 0.000081 0.000135 0.000056 0.000089 0.000004 0.000017 0.000271 0.000011 0.000013 0.000052 0.000013 0.000893 0.000010 0.000047 0.000068 0.206923 0.829330 0.719768 0.032661 0.008672 0.120998 0.312657 0.745371 0.001934 0.004612 0.038398 0.000000 0.057731 0.008971 0.732928 0.013563 0.026572 0.001272 0.296904 0.000683 0.000534 0.000033 0.000225 0.934020 0.002029 0.029694 0.001511 0.035202 0.006479 0.000283 0.015509 0.000686 0.011428 0.001236 0.000677 0.000032 0.000391 0.000383 0.001657 0.000122 0.000218 0.000157 0.001899 0.001509 0.000002 0.000002 0.000003 0.000001 0.000002 0.000001 0.000002 0.000000 0.000000 0.000036 0.000010 0.000032 0.000014 0.000028 0.000021 0.000035 0.000006 0.000000 0.000022 0.000273 0.000276 0.000072 0.000013 0.000052 0.000014 0.000002 0.000126 0.000045 0.000322 0.001103 0.000042 0.000292 0.000989 0.000087 0.011393 0.000586 0.000111 0.000102 0.000426 0.000181 0.000008 0.000000 0.001642 0.000183 0.002009 0.005949 0.000401 0.006501 0.029663
0.003601 0.005557 0.002278 0.000171 0.002990 0.044696 0.125529 0.059668 0.000440 0.032956 0.006429 0.003993 0.014314 0.000429 0.001350 0.001038 0.000789 0.000047 0.000021 0.000163 0.000214 0.000830 0.000753 0.000451 0.000060 0.000006 0.000054 0.000008 0.000074 0.000121 0.000195 0.000297 0.000191 0.000194 0.000333 0.000219 0.000105 0.000181 0.000242 0.000092 0.000384 0.000399 0.000236 0.000499 0.000306 0.000516 0.000819 0.000501 0.000202 0.000486 0.000382 0.000100 0.000011 0.000086 0.000017 0.000018 0.000202 0.000023 0.000034 0.000150 0.001061 0.000172 0.000180 0.000307 0.000286 0.001470 0.000167 0.000886 0.001179 0.001679 0.007440 0.004968 0.004637 0.000415 0.000615 0.001119 0.000971 0.018027 0.001056 0.001586 0.032024 0.001228 0.005143 0.002389 0.000357 0.032107 0.001747 0.000144 0.001362 0.000040 0.000581 0.001489 0.005220 0.000205 0.000728 0.000046 0.015915 0.036478 0.024805 0.000361 0.044254 0.000184 0.001054 0.002422 0.006522 0.000223 0.000624 0.000081 0.000077 0.010957 0.000448 0.000652 0.000468 0.000191 0.008927 0.000134 0.001353 0.001881 0.026702 0.064374 0.834415 0.523126 0.059564 0.058262 0.004662 0.021933 0.004475 0.008902 0.829905 0.057731 0.000000 0.048906 0.030787 0.025402 0.765030 0.027764 0.063514 0.001805 0.003529 0.000106 0.001257 0.164870 0.002293 0.015424 0.005669 0.053021 0.016066 0.000484 0.091510 0.551950 0.014773 0.010042 0.062419 0.000286 0.002178 0.000402 0.001054 0.004779 0.001028 0.002086 0.014137 0.006866 0.000145 0.000062 0.000066 0.000012 0.000038 0.000034 0.000060 0.000005 0.000000 0.000186 0.000085 0.000216 0.000069 0.000172 0.000117 0.000108 0.000010 0.000002 0.000132 0.002292 0.000601 0.001718 0.000114 0.000458 0.000181 0.000004 0.001327 0.001055 0.003376 0.008931 0.000408 0.002153 0.007534 0.000476 0.037912 0.002443 0.001113 0.000494 0.002067 0.001469 0.000022 0.000001 0.008071 0.001886 0.010197 0.041861 0.001896 0.018554 0.084691
0.007460 0.007144 0.006413 0.000114 0.003154 0.532889 0.241693 0.200783 0.000344 0.058148 0.012191 0.007863 0.036982 0.000023 0.000052 0.000046 0.000109 0.000032 0.000005 0.000010 0.000064 0.000289 0.000175 0.000309 0.000056 0.000011 0.000017 0.000025 0.000146 0.000221 0.000405 0.000714 0.000525 0.000514 0.000803 0.000449 0.000243 0.000436 0.000564 0.000337 0.001095 0.000714 0.000308 0.000669 0.000470 0.000827 0.001200 0.000709 0.000325 0.000965 0.000787 0.000305 0.000043 0.000251 0.000016 0.000024 0.000202 0.000092 0.000137 0.000324 0.001266 0.001112 0.000017 0.000022 0.000013 0.000186 0.000016 0.000044 0.000075 0.003968 0.046887 0.000183 0.000446 0.000648 0.002858 0.000278 0.000264 0.000849 0.000131 0.000162 0.002132 0.020765 0.000203 0.000711 0.003103 0.015969 0.042462 0.000886 0.013029 0.000035 0.000032 0.000215 0.000452 0.001096 0.007030 0.000232 0.000476 0.001339 0.003354 0.003334 0.001302 0.000300 0.000041 0.000144 0.000696 0.001866 0.005165 0.000061 0.000507 0.000379 0.000034 0.000077 0.000651 0.000144 0.010643 0.000076 0.000469 0.000856 0.492361 0.623300 0.084465 0.732124 0.003979 0.017599 0.020319 0.074897 0.014950 0.025731 0.040125 0.008971 0.048906 0.000000 0.003415 0.058429 0.056232 0.548208 0.013496 0.021592 0.022419 0.000259 0.001570 0.028292 0.021486 0.404726 0.007614 0.059346 0.716341 0.004472 0.025923 0.003318 0.016140 0.674618 0.001697 0.000323 0.034921 0.001283 0.008220 0.000942 0.001920 0.000846 0.004854 0.002453 0.000004 0.000003 0.000007 0.000003 0.000012 0.000009 0.000023 0.000000 0.000002 0.000095 0.000037 0.000088 0.000037 0.000165 0.000097 0.000171 0.000006 0.000001 0.000018 0.001723 0.000953 0.000150 0.000266 0.000952 0.000014 0.000015 0.000584 0.000113 0.000645 0.002306 0.000764 0.006838 0.002594 0.000188 0.053190 0.003975 0.000493 0.004337 0.013680 0.000156 0.000169 0.000000 0.009028 0.001271 0.009321 0.026987 0.011678 0.238156 0.073181
0.000747 0.000625 0.000293 0.000040 0.000360 0.025674 0.068460 0.012883 0.000142 0.005079 0.000830 0.000453 0.001761 0.000021 0.000087 0.000093 0.000111 0.000016 0.000003 0.000013 0.000036 0.000164 0.000079 0.000078 0.000007 0.000000 0.000006 0.000000 0.000006 0.000011 0.000022 0.000034 0.000021 0.000020 0.000036 0.000026 0.000009 0.000023 0.000027 0.000006 0.000032 0.000043 0.000022 0.000047 0.000034 0.000051 0.000081 0.000056 0.000022 0.000051 0.000037 0.000015 0.000002 0.000012 0.000003 0.000002 0.000029 0.000003 0.000008 0.000028 0.000175 0.000036 0.000010 0.000022 0.000017 0.000087 0.000011 0.000051 0.000078 0.000445 0.002148 0.000470 0.000577 0.000105 0.000122 0.000069 0.000060 0.001146 0.000335 0.000405 0.004299 0.000209 0.000678 0.000199 0.000094 0.004808 0.000399 0.000194 0.000517 0.000006 0.000030 0.000087 0.000387 0.000114 0.000117 0.000077 0.000955 0.003099 0.001681 0.000114 0.002525 0.000062 0.000062 0.000193 0.000345 0.000268 0.000134 0.000010 0.000044 0.000479 0.000022 0.000035 0.000140 0.000082 0.001363 0.000059 0.000234 0.000309 0.003328 0.015389 0.032682 0.010848 0.471606 0.313447 0.253570 0.041577 0.001589 0.006609 0.017228 0.732928 0.030787 0.003415 0.000000 0.058963 0.023681 0.002410 0.707688 0.002011 0.002256 0.000226 0.000952 0.136762 0.010790 0.021092 0.010071 0.008320 0.003993 0.002225 0.017342 0.003754 0.035765 0.002544 0.004056 0.000238 0.002201 0.002648 0.009264 0.001291 0.000405 0.003215 0.056074 0.280876 0.000006 0.000003 0.000004 0.000001 0.000002 0.000003 0.000004 0.000000 0.000000 0.000070 0.000020 0.000035 0.000014 0.000027 0.000019 0.000022 0.000009 0.000000 0.000024 0.000303 0.000116 0.000133 0.000018 0.000060 0.000025 0.000001 0.000150 0.000082 0.000418 0.001081 0.000081 0.000331 0.001112 0.000101 0.005460 0.000479 0.000158 0.000086 0.000387 0.000212 0.000004 0.000000 0.001285 0.000273 0.001671 0.006376 0.000457 0.002587 0.011419
0.004085 0.004025 0.001376 0.000109 0.000779 0.326084 1.163171 0.038863 0.003602 0.015990 0.002396 0.001600 0.003816 0.000029 0.000117 0.000087 0.000095 0.000006 0.000001 0.000008 0.000178 0.053072 0.018351 0.004343 0.000371 0.000020 0.000042 0.000003 0.000022 0.000031 0.000049 0.000105 0.000081 0.000076 0.000114 0.000057 0.000029 0.000057 0.000063 0.000038 0.000154 0.000133 0.000062 0.000147 0.000102 0.000167 0.000185 0.000104 0.000047 0.000131 0.000100 0.000065 0.000005 0.000074 0.000008 0.000005 0.000054 0.000025 0.000024 0.000108 0.000941 0.000323 0.000084 0.000217 0.000172 0.000489 0.000050 0.000229 0.000448 0.000176 0.002535 0.000383 0.000269 0.000059 0.000090 0.000338 0.000146 0.001624 0.000051 0.000055 0.001010 0.001802 0.000222 0.000586 0.002037 0.001509 0.008610 0.004090 0.017425 0.000201 0.000092 0.000237 0.000329 0.002688 0.000994 0.002056 0.002161 0.001572 0.001129 0.002637 0.002349 0.002075 0.000118 0.000215 0.000545 0.007748 0.002092 0.000143 0.001045 0.001206 0.000063 0.000062 0.018994 0.016245 0.030974 0.010642 0.015679 0.013682 0.004983 0.022062 0.032316 0.024917 0.360942 0.902915 0.273375 0.014121 0.021780 0.024173 0.034830 0.013563 0.025402 0.058429 0.058963 0.000000 0.013087 0.089422 0.038134 0.038443 0.059458 0.071562 0.116018 0.021736 0.087797 0.269081 0.043171 0.022210 0.035226 0.043272 0.008990 0.008213 0.025063 0.075904 0.005181 0.009279 0.061632 0.735958 0.531867 0.007275 0.017194 0.450524 0.082753 0.018892 0.000015 0.000009 0.000007 0.000001 0.000005 0.000005 0.000009 0.000000 0.000000 0.030076 0.002207 0.001048 0.000037 0.000276 0.000517 0.000638 0.010644 0.000001 0.000019 0.000358 0.000110 0.000191 0.000141 0.000373 0.000020 0.000004 0.000225 0.000138 0.000308 0.001444 0.000631 0.001531 0.000727 0.000293 0.004752 0.000960 0.005705 0.001539 0.004771 0.000769 0.000069 0.000002 0.001768 0.003797 0.001346 0.016894 0.009961 0.021419 0.007322
0.026305 0.015461 0.013203 0.001003 0.006956 0.171678 0.083199 0.071218 0.001579 0.037429 0.005920 0.003539 0.017403 0.001195 0.001201 0.001094 0.001103 0.000170 0.000054 0.000534 0.000254 0.000279 0.000246 0.000285 0.000036 0.000013 0.000044 0.000024 0.000136 0.000138 0.000193 0.000315 0.000182 0.000208 0.000349 0.000245 0.000121 0.000234 0.000341 0.000219 0.000658 0.000465 0.000194 0.000364 0.000230 0.000430 0.000737 0.000490 0.000204 0.000530 0.000475 0.000154 0.000031 0.000106 0.000026 0.000036 0.000343 0.000104 0.000060 0.000160 0.000951 0.000359 0.000075 0.000104 0.000067 0.000937 0.000095 0.001586 0.000696 0.015651 0.188399 0.004415 0.008869 0.002104 0.008320 0.000673 0.000783 0.012981 0.005480 0.005977 0.070250 0.013836 0.007244 0.002484 0.003156 0.511912 0.027743 0.000932 0.025326 0.000219 0.000214 0.000766 0.004842 0.001015 0.005509 0.000344 0.013674 0.050992 0.231980 0.002001 0.076345 0.002901 0.000527 0.001671 0.004249 0.002050 0.002502 0.000145 0.000444 0.031161 0.000379 0.000431 0.000135 0.000060 0.003075 0.000062 0.001226 0.000920 0.019210 0.024217 0.055441 1.403609 0.018567 0.029416 0.007279 0.020777 0.001326 0.002209 0.040848 0.026572 0.765030 0.056232 0.023681 0.013087 0.000000 0.540354 0.016999 0.002923 0.114434 0.000305 0.000402 0.019523 0.003513 0.017921 0.002046 0.006472 0.006934 0.000908 1.629739 0.241732 0.003698 0.016558 0.260910 0.008687 0.008791 0.000345 0.001872 0.010713 0.000341 0.000528 0.004531 0.002618 0.000049 0.000026 0.000029 0.000007 0.000019 0.000018 0.000079 0.000002 0.000001 0.000065 0.000032 0.000065 0.000035 0.000096 0.000059 0.000095 0.000008 0.000002 0.000155 0.007932 0.024528 0.000987 0.000525 0.004255 0.000174 0.000028 0.003258 0.000771 0.010771 0.026515 0.001432 0.017141 0.021534 0.000458 0.076927 0.006245 0.000511 0.001616 0.005697 0.000707 0.000066 0.000002 0.013388 0.001324 0.013211 0.048023 0.006902 0.070103 0.179681
0.037124 0.037851 0.020750 0.001544 0.007915 0.318117 0.190548 0.131282 0.000806 0.037179 0.008366 0.005878 0.020166 0.000082 0.000070 0.000052 0.000107 0.000030 0.000009 0.000022 0.000360 0.000194 0.000147 0.000292 0.000081 0.000020 0.000085 0.000028 0.000139 0.000162 0.000248 0.000515 0.000387 0.000377 0.000541 0.000304 0.000154 0.000303 0.000352 0.000266 0.000732 0.000427 0.000159 0.000412 0.000309 0.000540 0.000717 0.000381 0.000182 0.000576 0.000459 0.000230 0.000049 0.000183 0.000021 0.000034 0.000187 0.000289 0.000123 0.000211 0.000762 0.001311 0.000034 0.000044 0.000014 0.000463 0.000030 0.000177 0.000129 0.003315 0.070338 0.000420 0.000898 0.001421 0.002907 0.001096 0.000711 0.001390 0.000158 0.000254 0.003288 0.043268 0.000376 0.003958 0.025652 0.024647 0.200476 0.009303 0.230539 0.000537 0.000105 0.000858 0.000887 0.012242 0.024114 0.002195 0.001008 0.002648 0.010725 0.029206 0.006129 0.008011 0.000152 0.000427 0.001877 0.026136 0.030117 0.000485 0.005174 0.002388 0.000067 0.000274 0.000137 0.000038 0.002189 0.000027 0.001883 0.000310 0.007142 0.013699 0.005835 0.798689 0.002136 0.004897 0.011182 0.008068 0.002952 0.005478 0.007581 0.001272 0.027764 0.548208 0.002410 0.089422 0.540354 0.000000 0.004790 0.017965 1.070815 0.000545 0.000590 0.003771 0.023717 0.157082 0.003738 0.007647 0.073876 0.005239 0.181358 0.022056 0.005584 0.255937 0.071990 0.019228 0.267158 0.001104 0.013781 0.017743 0.000567 0.000303 0.002727 0.001856 0.000008 0.000004 0.000009 0.000004 0.000011 0.000008 0.000034 0.000001 0.000000 0.000037 0.000010 0.000028 0.000009 0.000108 0.000038 0.000077 0.000004 0.000000 0.000041 0.005110 0.000865 0.000228 0.001643 0.003874 0.000032 0.000053 0.002291 0.000382 0.002127 0.009374 0.006260 0.026543 0.006836 0.000179 0.037502 0.003845 0.000418 0.007482 0.020500 0.000089 0.000253 0.000002 0.008941 0.001208 0.007679 0.036506 0.032033 0.214720 0.039731
0.000960 0.001161 0.000451 0.000052 0.000585 0.022652 0.028124 0.008921 0.000119 0.003928 0.000759 0.000374 0.001484 0.000058 0.000192 0.000158 0.000160 0.000008 0.000005 0.000018 0.000062 0.000353 0.000391 0.000223 0.000020 0.000001 0.000008 0.000001 0.000007 0.000009 0.000017 0.000029 0.000016 0.000019 0.000028 0.000017 0.000009 0.000020 0.000022 0.000010 0.000033 0.000042 0.000022 0.000037 0.000028 0.000046 0.000076 0.000039 0.000014 0.000048 0.000037 0.000014 0.000002 0.000011 0.000007 0.000005 0.000052 0.000006 0.000005 0.000027 0.000195 0.000031 0.000020 0.000038 0.000022 0.000185 0.000018 0.000121 0.000158 0.000323 0.001519 0.000844 0.001030 0.000073 0.000092 0.000148 0.000119 0.002956 0.000207 0.000332 0.006578 0.000353 0.000854 0.000431 0.000140 0.005465 0.000892 0.000192 0.000743 0.000007 0.000066 0.000210 0.000759 0.000126 0.000171 0.000064 0.002709 0.006915 0.002701 0.000196 0.006922 0.000054 0.000144 0.000404 0.000776 0.000273 0.000227 0.000013 0.000043 0.001232 0.000046 0.000088 0.000173 0.000073 0.002132 0.000053 0.000318 0.000355 0.024109 0.055296 0.136730 0.005509 0.035725 0.097422 0.031380 0.066034 0.006086 0.025529 0.117266 0.296904 0.063514 0.013496 0.707688 0.038134 0.016999 0.004790 0.000000 0.005507 0.001953 0.000165 0.001549 1.001958 0.019750 0.072645 0.017200 0.246864 0.030382 0.002585 0.015869 0.008219 0.628638 0.005425 0.010002 0.000159 0.001753 0.001376 0.009567 0.002135 0.000815 0.001510 0.033501 0.242471 0.000018 0.000009 0.000009 0.000002 0.000007 0.000006 0.000005 0.000000 0.000000 0.000090 0.000019 0.000043 0.000014 0.000035 0.000026 0.000025 0.000006 0.000000 0.000042 0.000610 0.000143 0.000310 0.000029 0.000113 0.000043 0.000000 0.000309 0.000208 0.000887 0.002110 0.000116 0.000546 0.001836 0.000195 0.004314 0.000790 0.000317 0.000160 0.000554 0.000247 0.000004 0.000000 0.001726 0.000689 0.002238 0.012755 0.000609 0.003524 0.009435
0.016034 0.008964 0.002654 0.000121 0.001089 0.378811 0.081612 0.023237 0.000092 0.005337 0.000871 0.000453 0.001183 0.000006 0.000007 0.000006 0.000022 0.000007 0.000002 0.000002 0.000011 0.000169 0.000064 0.000109 0.000037 0.000012 0.000008 0.000003 0.000011 0.000012 0.000017 0.000033 0.000029 0.000027 0.000038 0.000020 0.000011 0.000026 0.000024 0.000026 0.000069 0.000041 0.000014 0.000029 0.000022 0.000036 0.000046 0.000023 0.000012 0.000039 0.000038 0.000058 0.000008 0.000032 0.000002 0.000005 0.000023 0.000064 0.000027 0.000057 0.000139 0.000473 0.000003 0.000004 0.000002 0.000039 0.000003 0.000014 0.000009 0.000128 0.000642 0.000068 0.000105 0.000034 0.000041 0.000073 0.000053 0.000092 0.000012 0.000017 0.000164 0.000962 0.000037 0.000701 0.005073 0.000827 0.004786 0.026701 0.035031 0.000531 0.000008 0.000065 0.000051 0.013788 0.000745 0.015746 0.000075 0.000144 0.000598 0.005454 0.000490 0.010026 0.000014 0.000054 0.000116 0.036813 0.003099 0.000936 0.005824 0.000198 0.000007 0.000021 0.000238 0.000061 0.002197 0.000041 0.000182 0.000199 0.001837 0.004848 0.002457 0.003453 0.002003 0.001700 0.000749 0.001108 0.009139 0.010991 0.003440 0.000683 0.001805 0.021592 0.002011 0.038443 0.002923 0.017965 0.005507 0.000000 0.076839 0.001555 0.001832 0.003619 0.580846 0.071173 0.009229 0.011690 0.581509 0.402445 0.001375 0.000442 0.008084 0.680894 0.000645 0.018721 0.381810 0.005366 0.022173 0.000370 0.001464 0.000699 0.004782 0.002483 0.000001 0.000000 0.000001 0.000000 0.000001 0.000001 0.000002 0.000000 0.000000 0.000091 0.000013 0.000016 0.000002 0.000019 0.000011 0.000014 0.000003 0.000000 0.000031 0.000544 0.000216 0.000028 0.000408 0.001021 0.000004 0.000014 0.000331 0.000053 0.000244 0.001835 0.002070 0.002792 0.000602 0.000182 0.004057 0.001487 0.000157 0.002799 0.007712 0.000025 0.000093 0.000002 0.001604 0.000286 0.000999 0.009940 0.019620 0.019676 0.003512
0.071491 0.049771 0.019184 0.003919 0.007492 0.317463 0.162133 0.078369 0.030003 0.021763 0.003782 0.001975 0.005338 0.000084 0.000072 0.000061 0.000145 0.000051 0.000015 0.000034 0.000735 0.000253 0.000247 0.000286 0.000099 0.000028 0.000196 0.000015 0.000067 0.000068 0.000085 0.000154 0.000114 0.000117 0.000162 0.000102 0.000058 0.000111 0.000136 0.000130 0.000302 0.000172 0.000054 0.000121 0.000087 0.000150 0.000206 0.000125 0.000055 0.000193 0.000173 0.000208 0.000040 0.000121 0.000020 0.000044 0.000131 0.000440 0.000106 0.000189 0.000505 0.001845 0.000023 0.000038 0.000018 0.000259 0.000020 0.000261 0.000168 0.001071 0.016031 0.000319 0.000649 0.000477 0.000797 0.000372 0.000264 0.000568 0.000065 0.000099 0.001026 0.007383 0.000176 0.004367 0.029312 0.010870 0.045461 0.081360 0.414691 0.003907 0.000057 0.000342 0.000287 0.038843 0.006256 0.036932 0.000923 0.001137 0.014761 0.024857 0.006274 0.078532 0.000078 0.000258 0.000620 0.150370 0.012988 0.003453 0.014657 0.003040 0.000046 0.000113 0.000055 0.000020 0.000425 0.000024 0.003644 0.000078 0.002429 0.002801 0.001491 0.056468 0.002247 0.002703 0.003370 0.002051 0.001123 0.001827 0.001115 0.000534 0.003529 0.022419 0.002256 0.059458 0.114434 1.070815 0.001953 0.076839 0.000000 0.009757 0.000277 0.001154 0.058701 0.034896 0.001632 0.002107 0.035419 0.031064 0.458865 0.009068 0.002022 0.133980 0.070968 0.640049 0.791779 0.003925 0.022275 0.042789 0.000361 0.000179 0.001906 0.001213 0.000010 0.000004 0.000007 0.000004 0.000007 0.000007 0.000014 0.000002 0.000000 0.000099 0.000023 0.000019 0.000006 0.000061 0.000021 0.000028 0.000078 0.000000 0.000150 0.004021 0.001309 0.000185 0.002684 0.006544 0.000024 0.000097 0.002304 0.000357 0.001564 0.011457 0.013771 0.019312 0.004246 0.000409 0.016090 0.003831 0.000287 0.008647 0.023051 0.000034 0.000298 0.000011 0.004897 0.000727 0.003095 0.028829 0.067070 0.071637 0.012443
0.025797 0.002528 0.000673 0.004262 0.002201 0.384109 0.430948 0.011071 0.315729 0.021405 0.001483 0.000698 0.001324 0.000028 0.000012 0.000012 0.000026 0.000021 0.000010 0.000011 0.000307 0.001225 0.000567 0.000639 0.000277 0.000104 0.000162 0.000011 0.000034 0.000024 0.000024 0.000040 0.000030 0.000033 0.000046 0.000026 0.000014 0.000036 0.000042 0.000055 0.000106 0.000075 0.000039 0.000057 0.000057 0.000087 0.000088 0.000047 0.000019 0.000074 0.000067 0.000309 0.000042 0.001278 0.000054 0.000228 0.006488 0.000071 0.000193 0.001816 0.025573 0.000499 0.000009 0.000012 0.000007 0.000020 0.000006 0.000013 0.000012 0.000013 0.000041 0.000009 0.000020 0.000001 0.000004 0.000012 0.000009 0.000034 0.000001 0.000001 0.000013 0.000020 0.000003 0.000213 0.000139 0.000122 0.000060 0.000693 0.002388 0.035678 0.000024 0.000007 0.000006 0.000687 0.000010 0.023789 0.000046 0.000030 0.000923 0.000040 0.000320 0.048330 0.000009 0.000007 0.000013 0.002660 0.000028 0.001172 0.002733 0.000176 0.000011 0.000002 0.000481 0.000269 0.000381 0.000237 0.000418 0.000205 0.000042 0.000211 0.000124 0.000300 0.000378 0.000240 0.000082 0.000079 0.000358 0.000273 0.000201 0.000033 0.000106 0.000259 0.000226 0.071562 0.000305 0.000545 0.000165 0.001555 0.009757 0.000000 0.022835 0.000069 0.001239 0.000291 0.001005 0.000168 0.000313 0.632115 0.004264 0.000137 0.000207 0.000430 0.000786 0.931194 0.006482 0.894774 0.006561 0.000771 0.000414 0.011282 0.000775 0.000170 0.000022 0.000004 0.000016 0.000040 0.000146 0.000091 0.000577 0.000005 0.000001 0.014938 0.001830 0.000399 0.000090 0.001667 0.001991 0.007027 0.018093 0.000019 0.000215 0.000107 0.000046 0.000397 0.000041 0.000329 0.000016 0.000028 0.000036 0.000121 0.000039 0.000317 0.000465 0.000226 0.000157 0.001118 0.000771 0.000369 0.003745 0.000443 0.002386 0.000609 0.000059 0.000002 0.000373 0.001752 0.000327 0.003769 0.003834 0.001476 0.001155
0.000098 0.000269 0.000104 0.000017 0.000100 0.004177 0.103841 0.005694 0.002993 0.004157 0.000737 0.001565 0.000450 0.000008 0.000039 0.000025 0.000036 0.000002 0.000001 0.000002 0.047182 0.108370 0.005644 0.002254 0.000812 0.000175 0.001845 0.000000 0.000004 0.000004 0.000007 0.000024 0.000021 0.000012 0.000019 0.000009 0.000003 0.000007 0.000006 0.000002 0.000014 0.000034 0.000455 0.000861 0.000301 0.000148 0.000093 0.000036 0.000014 0.000030 0.000020 0.000005 0.000000 0.000014 0.000025 0.000000 0.000026 0.000001 0.000011 0.000027 0.000453 0.000013 0.000038 0.000102 0.000078 0.000174 0.000022 0.000090 0.000158 0.000014 0.000118 0.000093 0.000049 0.000003 0.000005 0.000144 0.000038 0.000432 0.000006 0.000008 0.000248 0.000064 0.000037 0.000095 0.000019 0.000140 0.000197 0.000022 0.000135 0.000019 0.000051 0.000080 0.000060 0.000017 0.000021 0.000017 0.000482 0.000462 0.000166 0.000037 0.000531 0.000031 0.000036 0.000057 0.000108 0.000052 0.000035 0.000003 0.000007 0.000279 0.000033 0.000009 0.018069 0.006126 0.011987 0.004392 0.006166 0.003129 0.000884 0.000635 0.000491 0.000283 0.002914 0.000644 0.000157 0.000701 0.152368 0.013228 0.004254 0.000225 0.001257 0.001570 0.000952 0.116018 0.000402 0.000590 0.001549 0.001832 0.000277 0.022835 0.000000 0.000551 0.002554 0.003699 0.590567 0.003718 0.006145 0.001056 0.001484 0.001582 0.006402 0.001410 0.000769 0.000546 0.000354 0.024867 0.000622 0.001732 0.815746 0.385178 0.027665 0.005820 0.000005 0.000003 0.000002 0.000000 0.000001 0.000001 0.000002 0.000000 0.000000 0.329423 0.010694 0.004139 0.000008 0.000451 0.001787 0.002021 0.008280 0.001571 0.000003 0.000027 0.000010 0.000052 0.000003 0.000015 0.000004 0.000000 0.000025 0.000033 0.000057 0.000274 0.000009 0.000043 0.000102 0.000111 0.000222 0.000148 0.001418 0.000045 0.000232 0.000100 0.000001 0.000000 0.000181 0.001165 0.000150 0.005214 0.000145 0.000566 0.000574
0.000879 0.001378 0.000616 0.000084 0.000816 0.021021 0.032998 0.015688 0.000244 0.008243 0.001352 0.000715 0.002811 0.000100 0.000393 0.000302 0.000285 0.000019 0.000005 0.000021 0.000066 0.000635 0.000597 0.000294 0.000032 0.000003 0.000022 0.000001 0.000014 0.000023 0.000037 0.000055 0.000032 0.000040 0.000068 0.000046 0.000022 0.000040 0.000063 0.000021 0.000073 0.000085 0.000052 0.000085 0.000060 0.000095 0.000157 0.000095 0.000045 0.000095 0.000093 0.000035 0.000003 0.000029 0.000010 0.000008 0.000074 0.000011 0.000016 0.000062 0.000446 0.000055 0.000047 0.000078 0.000087 0.000354 0.000044 0.000232 0.000342 0.000355 0.001643 0.001003 0.001249 0.000086 0.000139 0.000257 0.000222 0.005061 0.000209 0.000397 0.006920 0.000492 0.001023 0.000595 0.000137 0.006180 0.001050 0.000119 0.000528 0.000008 0.000113 0.000345 0.001378 0.000097 0.000231 0.000031 0.004768 0.008043 0.003631 0.000186 0.009363 0.000036 0.000202 0.000533 0.001391 0.000167 0.000261 0.000021 0.000033 0.001998 0.000092 0.000142 0.000252 0.000075 0.006462 0.000055 0.000546 0.000797 0.072502 0.192599 0.655635 0.009320 0.026579 0.066757 0.041256 0.126009 0.004087 0.018538 0.780807 0.934020 0.164870 0.028292 0.136762 0.021736 0.019523 0.003771 1.001958 0.003619 0.001154 0.000069 0.000551 0.000000 0.009803 0.070005 0.003262 0.800642 0.035949 0.000973 0.018591 0.008569 0.099178 0.006644 0.007807 0.000059 0.000956 0.000501 0.004432 0.001902 0.000568 0.001020 0.008229 0.005801 0.000033 0.000020 0.000023 0.000005 0.000012 0.000010 0.000019 0.000002 0.000000 0.000122 0.000054 0.000141 0.000030 0.000095 0.000068 0.000061 0.000007 0.000001 0.000045 0.000681 0.000217 0.000553 0.000041 0.000138 0.000071 0.000001 0.000408 0.000367 0.001117 0.003087 0.000127 0.000618 0.001997 0.000210 0.006631 0.000922 0.000708 0.000192 0.000664 0.000527 0.000005 0.000000 0.002235 0.001201 0.002697 0.021311 0.000686 0.005406 0.014679
0.008639 0.004912 0.001585 0.000071 0.000736 0.355269 0.077504 0.024313 0.000104 0.006374 0.000843 0.000414 0.001125 0.000005 0.000009 0.000007 0.000014 0.000003 0.000001 0.000001 0.000011 0.000244 0.000084 0.000106 0.000037 0.000010 0.000009 0.000002 0.000008 0.000010 0.000015 0.000033 0.000024 0.000024 0.000033 0.000020 0.000007 0.000017 0.000025 0.000021 0.000052 0.000036 0.000013 0.000025 0.000017 0.000032 0.000044 0.000024 0.000011 0.000039 0.000033 0.000062 0.000006 0.000024 0.000002 0.000003 0.000016 0.000052 0.000024 0.000052 0.000139 0.000675 0.000002 0.000003 0.000001 0.000025 0.000002 0.000011 0.000009 0.000087 0.000596 0.000053 0.000075 0.000020 0.000029 0.000047 0.000032 0.000110 0.000012 0.000016 0.000185 0.000704 0.000034 0.000394 0.002717 0.000642 0.003517 0.013114 0.018010 0.000340 0.000006 0.000043 0.000044 0.007619 0.000492 0.008755 0.000103 0.000187 0.000385 0.003055 0.000378 0.004816 0.000009 0.000037 0.000084 0.018198 0.001871 0.000520 0.003516 0.000127 0.000005 0.000013 0.000194 0.000065 0.001471 0.000057 0.000164 0.000151 0.002432 0.006351 0.004247 0.005000 0.007928 0.006957 0.001887 0.002583 0.010031 0.018546 0.004072 0.002029 0.002293 0.021486 0.010790 0.087797 0.003513 0.023717 0.019750 0.580846 0.058701 0.001239 0.002554 0.009803 0.000000 0.335053 0.017632 0.019463 0.405156 0.424246 0.001829 0.000528 0.024806 0.079521 0.000816 0.010012 0.085439 0.016880 0.754040 0.000382 0.001633 0.001075 0.013847 0.009912 0.000001 0.000001 0.000001 0.000000 0.000001 0.000001 0.000001 0.000000 0.000000 0.000132 0.000017 0.000015 0.000001 0.000020 0.000008 0.000012 0.000001 0.000000 0.000020 0.000372 0.000143 0.000022 0.000269 0.000687 0.000003 0.000010 0.000228 0.000040 0.000167 0.001152 0.001332 0.001802 0.000418 0.000256 0.004347 0.001650 0.000164 0.003197 0.009088 0.000025 0.000108 0.000004 0.001631 0.000302 0.000937 0.010369 0.021737 0.018403 0.003375
0.004612 0.004324 0.002535 0.000060 0.001332 0.440834 0.076955 0.048580 0.000101 0.014722 0.002603 0.001742 0.007081 0.000010 0.000025 0.000022 0.000034 0.000006 0.000001 0.000004 0.000023 0.000307 0.000104 0.000091 0.000015 0.000002 0.000005 0.000003 0.000022 0.000040 0.000070 0.000142 0.000099 0.000094 0.000138 0.000082 0.000043 0.000073 0.000095 0.000047 0.000131 0.000112 0.000047 0.000135 0.000089 0.000142 0.000220 0.000129 0.000053 0.000155 0.000110 0.000049 0.000007 0.000044 0.000004 0.000007 0.000039 0.000046 0.000019 0.000059 0.000255 0.000298 0.000008 0.000009 0.000006 0.000088 0.000007 0.000025 0.000032 0.001052 0.016268 0.000126 0.000203 0.000260 0.000736 0.000161 0.000120 0.000487 0.000073 0.000087 0.001195 0.009002 0.000136 0.000452 0.002476 0.004271 0.026174 0.002325 0.014306 0.000028 0.000018 0.000112 0.000196 0.002109 0.003478 0.000442 0.000296 0.000855 0.001092 0.003648 0.000930 0.000308 0.000024 0.000087 0.000344 0.004186 0.004141 0.000063 0.000894 0.000211 0.000015 0.000040 0.000455 0.000123 0.005234 0.000087 0.000338 0.000428 0.222062 0.059484 0.035961 0.051852 0.009047 0.025580 0.235162 0.375161 0.020956 0.043495 0.025359 0.029694 0.015424 0.404726 0.021092 0.269081 0.017921 0.157082 0.072645 0.071173 0.034896 0.000291 0.003699 0.070005 0.335053 0.000000 0.024699 0.078738 1.285060 0.009261 0.009197 0.001856 0.070796 0.117180 0.001684 0.000410 0.030273 0.001567 0.312075 0.000686 0.002608 0.001447 0.015423 0.014117 0.000003 0.000001 0.000002 0.000001 0.000002 0.000001 0.000005 0.000000 0.000000 0.000130 0.000022 0.000033 0.000010 0.000038 0.000031 0.000055 0.000004 0.000000 0.000007 0.000718 0.000201 0.000052 0.000168 0.000464 0.000007 0.000006 0.000272 0.000060 0.000292 0.001194 0.000626 0.003160 0.001067 0.000048 0.011149 0.000955 0.000210 0.001057 0.003472 0.000067 0.000042 0.000000 0.001969 0.000367 0.002058 0.007231 0.003896 0.049751 0.014990
0.000338 0.000611 0.000188 0.000012 0.000206 0.014632 0.042768 0.006749 0.000116 0.002985 0.000649 0.000455 0.001391 0.000014 0.000065 0.000049 0.000056 0.000003 0.000001 0.000004 0.000086 0.018036 0.002631 0.000637 0.000066 0.000003 0.000016 0.000000 0.000004 0.000007 0.000013 0.000027 0.000018 0.000017 0.000027 0.000015 0.000008 0.000014 0.000016 0.000004 0.000025 0.000027 0.000016 0.000093 0.000611 0.000047 0.000060 0.000033 0.000016 0.000036 0.000023 0.000007 0.000001 0.000015 0.000004 0.000001 0.000018 0.000002 0.000003 0.000020 0.000194 0.000017 0.000045 0.000133 0.000099 0.000263 0.000027 0.000117 0.000235 0.000055 0.000507 0.000275 0.000164 0.000015 0.000024 0.000211 0.000072 0.001017 0.000023 0.000039 0.000986 0.000284 0.000143 0.000208 0.000106 0.000654 0.001009 0.000148 0.000735 0.000007 0.000057 0.000151 0.000186 0.000107 0.000113 0.000052 0.001193 0.001409 0.000515 0.000172 0.001563 0.000040 0.000080 0.000145 0.000297 0.000303 0.000172 0.000007 0.000040 0.000616 0.000035 0.000032 0.014428 0.008468 0.027696 0.005657 0.008159 0.007118 0.005011 0.002974 0.002271 0.001340 0.018434 0.004153 0.001079 0.005169 0.376608 0.248747 0.015630 0.001511 0.005669 0.007614 0.010071 0.043171 0.002046 0.003738 0.017200 0.009229 0.001632 0.001005 0.590567 0.003262 0.017632 0.024699 0.000000 0.025518 0.032277 0.004040 0.004539 0.004427 0.082471 0.006119 0.002448 0.000184 0.001946 0.003356 0.004266 0.003621 0.062436 0.475766 0.522319 0.103245 0.000007 0.000005 0.000004 0.000001 0.000002 0.000003 0.000003 0.000000 0.000000 0.006281 0.000441 0.000262 0.000010 0.000060 0.000085 0.000063 0.000055 0.000000 0.000008 0.000094 0.000028 0.000114 0.000012 0.000036 0.000010 0.000000 0.000067 0.000070 0.000163 0.000587 0.000040 0.000175 0.000326 0.000071 0.000874 0.000199 0.000828 0.000076 0.000287 0.000151 0.000003 0.000000 0.000431 0.000749 0.000412 0.004406 0.000311 0.002222 0.002252
0.000744 0.002064 0.000794 0.000041 0.001045 0.032511 0.056187 0.026178 0.000173 0.014991 0.002661 0.001601 0.005656 0.000093 0.000412 0.000344 0.000431 0.000012 0.000005 0.000022 0.000174 0.002097 0.002362 0.001181 0.000126 0.000001 0.000042 0.000003 0.000040 0.000051 0.000073 0.000118 0.000080 0.000085 0.000139 0.000083 0.000045 0.000082 0.000111 0.000042 0.000184 0.000194 0.000104 0.000208 0.000149 0.000246 0.000339 0.000185 0.000086 0.000224 0.000179 0.000057 0.000008 0.000082 0.000007 0.000007 0.000106 0.000011 0.000019 0.000125 0.001089 0.000088 0.000121 0.000337 0.000232 0.001104 0.000110 0.000549 0.001157 0.000163 0.001546 0.001072 0.001112 0.000037 0.000099 0.000568 0.000405 0.007845 0.000037 0.000079 0.002821 0.000697 0.000449 0.000932 0.000207 0.002097 0.002069 0.000194 0.001121 0.000014 0.000146 0.000500 0.001361 0.000155 0.000275 0.000050 0.011513 0.007194 0.003217 0.000304 0.010212 0.000054 0.000249 0.000586 0.001565 0.000331 0.000359 0.000024 0.000055 0.004426 0.000172 0.000156 0.001261 0.000384 0.048603 0.000291 0.002151 0.006039 0.070868 0.048937 0.076767 0.009213 0.041396 0.015478 0.006845 0.060515 0.043855 0.520371 0.927734 0.035202 0.053021 0.059346 0.008320 0.022210 0.006472 0.007647 0.246864 0.011690 0.002107 0.000168 0.003718 0.800642 0.019463 0.078738 0.025518 0.000000 0.100375 0.002706 0.016394 0.024133 0.609235 0.021798 0.011912 0.000096 0.002359 0.000675 0.004843 0.007317 0.004133 0.005603 0.037629 0.018676 0.000043 0.000021 0.000027 0.000006 0.000015 0.000015 0.000027 0.000002 0.000000 0.000414 0.000148 0.000406 0.000097 0.000295 0.000206 0.000172 0.000008 0.000000 0.000053 0.000507 0.000222 0.000768 0.000052 0.000184 0.000072 0.000002 0.000422 0.000468 0.001032 0.003949 0.000178 0.000680 0.001589 0.000308 0.004694 0.000936 0.002446 0.000374 0.001232 0.000994 0.000012 0.000000 0.002863 0.003895 0.002616 0.029410 0.001138 0.010359 0.013478
0.006425 0.005661 0.003033 0.000050 0.001480 0.436597 0.060359 0.032661 0.000076 0.009191 0.001731 0.001044 0.004043 0.000011 0.000017 0.000016 0.000029 0.000007 0.000002 0.000004 0.000016 0.000635 0.000213 0.000173 0.000033 0.000005 0.000007 0.000004 0.000027 0.000028 0.000046 0.000091 0.000066 0.000063 0.000092 0.000056 0.000030 0.000058 0.000074 0.000060 0.000160 0.000111 0.000041 0.000090 0.000069 0.000114 0.000152 0.000083 0.000037 0.000124 0.000109 0.000062 0.000010 0.000053 0.000003 0.000007 0.000036 0.000070 0.000029 0.000068 0.000314 0.000337 0.000010 0.000010 0.000006 0.000114 0.000009 0.000025 0.000039 0.000530 0.007426 0.000124 0.000214 0.000188 0.000325 0.000206 0.000164 0.000438 0.000052 0.000076 0.000926 0.007787 0.000122 0.000614 0.004183 0.003246 0.030259 0.004664 0.023275 0.000034 0.000019 0.000144 0.000214 0.003971 0.003688 0.000758 0.000318 0.000752 0.000924 0.008000 0.000982 0.000364 0.000027 0.000100 0.000380 0.007873 0.008379 0.000110 0.001491 0.000293 0.000015 0.000050 0.001000 0.000244 0.012029 0.000162 0.000635 0.000850 0.046624 0.069895 0.035254 0.026279 0.004117 0.003717 0.002680 0.012740 0.040749 0.061709 0.032270 0.006479 0.016066 0.716341 0.003993 0.035226 0.006934 0.073876 0.030382 0.581509 0.035419 0.000313 0.006145 0.035949 0.405156 1.285060 0.032277 0.100375 0.000000 0.020130 0.003418 0.001386 0.048182 0.630440 0.000954 0.000440 0.031433 0.000664 0.034203 0.000757 0.005739 0.002549 0.014515 0.007905 0.000001 0.000001 0.000003 0.000000 0.000002 0.000001 0.000004 0.000000 0.000000 0.000243 0.000040 0.000086 0.000014 0.000061 0.000049 0.000045 0.000004 0.000000 0.000012 0.000877 0.000170 0.000054 0.000270 0.000698 0.000007 0.000011 0.000376 0.000068 0.000353 0.001594 0.001186 0.003878 0.001129 0.000064 0.009445 0.001353 0.000460 0.002076 0.005277 0.000115 0.000069 0.000000 0.002597 0.000630 0.002195 0.010871 0.009331 0.047253 0.012042
0.031583 0.010295 0.001589 0.000665 0.000549 0.601370 0.306072 0.031903 0.006956 0.005588 0.000907 0.000384 0.000766 0.000004 0.000007 0.000004 0.000010 0.000005 0.000001 0.000002 0.000005 0.000297 0.000121 0.000071 0.000034 0.000011 0.000008 0.000001 0.000005 0.000007 0.000011 0.000023 0.000021 0.000016 0.000024 0.000011 0.000006 0.000012 0.000015 0.000020 0.000042 0.000023 0.000007 0.000020 0.000016 0.000027 0.000027 0.000015 0.000007 0.000028 0.000021 0.000056 0.000004 0.000021 0.000002 0.000004 0.000013 0.000039 0.000026 0.000046 0.000126 0.000699 0.000004 0.000003 0.000002 0.000009 0.000004 0.000011 0.000002 0.000041 0.000206 0.000024 0.000039 0.000010 0.000014 0.000023 0.000013 0.000030 0.000003 0.000006 0.000045 0.000245 0.000012 0.000609 0.001973 0.000328 0.001006 0.012830 0.012365 0.010387 0.000015 0.000022 0.000014 0.009706 0.000163 0.087069 0.000034 0.000042 0.000996 0.000965 0.000431 0.066793 0.000013 0.000019 0.000030 0.029306 0.000568 0.003401 0.014953 0.000204 0.000004 0.000005 0.000159 0.000071 0.000466 0.000066 0.000102 0.000066 0.000386 0.001560 0.000736 0.001524 0.002255 0.001776 0.000622 0.000439 0.002414 0.003306 0.000771 0.000283 0.000484 0.004472 0.002225 0.043272 0.000908 0.005239 0.002585 0.402445 0.031064 0.632115 0.001056 0.000973 0.424246 0.009261 0.004040 0.002706 0.020130 0.000000 0.001134 0.000143 0.003367 0.028506 0.000327 0.249739 0.253979 0.465435 0.222964 0.000194 0.000445 0.000897 0.003020 0.001744 0.000009 0.000002 0.000000 0.000000 0.000001 0.000000 0.000001 0.000001 0.000000 0.001503 0.000183 0.000015 0.000001 0.000012 0.000006 0.000014 0.000103 0.000000 0.000034 0.000224 0.000114 0.000011 0.000214 0.000694 0.000001 0.000009 0.000132 0.000022 0.000087 0.000880 0.001074 0.001162 0.000214 0.000699 0.002780 0.001221 0.000082 0.002800 0.010493 0.000011 0.000117 0.000009 0.000956 0.000157 0.000472 0.007754 0.018004 0.009822 0.001398
0.050702 0.015526 0.008630 0.001625 0.010194 0.049565 0.036074 0.027418 0.027268 0.028290 0.004973 0.002229 0.007800 0.002315 0.004407 0.003456 0.002329 0.000099 0.000068 0.000621 0.010391 0.005948 0.004955 0.002117 0.000190 0.000108 0.001960 0.000015 0.000114 0.000111 0.000108 0.000170 0.000089 0.000112 0.000191 0.000144 0.000080 0.000136 0.000220 0.000121 0.000231 0.000254 0.000114 0.000232 0.000119 0.000214 0.000417 0.000315 0.000107 0.000281 0.000272 0.000107 0.000022 0.000124 0.000029 0.000035 0.000497 0.000105 0.000040 0.000178 0.001352 0.000284 0.001030 0.002696 0.001948 0.008057 0.000800 0.006737 0.009381 0.008700 0.067932 0.008743 0.010843 0.001570 0.005018 0.003159 0.002715 0.034830 0.004063 0.004363 0.036192 0.005213 0.007704 0.005870 0.001558 0.160327 0.008640 0.000860 0.032173 0.000979 0.000999 0.002958 0.007067 0.000713 0.002607 0.001411 0.081408 0.057980 0.786216 0.000828 0.131353 0.009444 0.001810 0.004322 0.008654 0.001678 0.001131 0.000285 0.000373 0.072654 0.001422 0.001237 0.001942 0.001456 0.006855 0.001472 0.050774 0.004266 0.028032 0.021551 0.024247 0.160615 0.025904 0.008520 0.004548 0.015666 0.003977 0.004863 0.047347 0.015509 0.091510 0.025923 0.017342 0.008990 1.629739 0.181358 0.015869 0.001375 0.458865 0.004264 0.001484 0.018591 0.001829 0.009197 0.004539 0.016394 0.003418 0.001134 0.000000 0.204123 0.012985 0.002336 0.990787 0.105969 0.006496 0.000650 0.001086 0.515544 0.003145 0.002231 0.013725 0.007498 0.000397 0.000180 0.000194 0.000044 0.000127 0.000101 0.000185 0.000011 0.000002 0.000715 0.000265 0.000558 0.000101 0.000460 0.000282 0.000314 0.000058 0.000003 0.000504 0.007245 0.061283 0.005060 0.000436 0.020152 0.000601 0.000020 0.004287 0.003210 0.020070 0.026719 0.001450 0.010902 0.023591 0.001004 0.017726 0.037569 0.003598 0.001387 0.005277 0.001602 0.000039 0.000001 0.011103 0.004190 0.007231 0.084744 0.005000 0.023853 0.038372
0.002470 0.009574 0.002310 0.000165 0.004221 0.005513 0.025086 0.009869 0.000350 0.012595 0.003011 0.001547 0.003693 0.000971 0.002489 0.002725 0.001958 0.000054 0.000032 0.000257 0.006726 0.007194 0.005678 0.001476 0.000130 0.000028 0.000730 0.000007 0.000052 0.000056 0.000072 0.000129 0.000081 0.000077 0.000130 0.000083 0.000044 0.000066 0.000095 0.000030 0.000118 0.000154 0.000090 0.000187 0.000124 0.000206 0.000298 0.000157 0.000067 0.000151 0.000124 0.000035 0.000007 0.000092 0.000009 0.000017 0.000256 0.000019 0.000010 0.000092 0.000934 0.000045 0.001764 0.005253 0.003824 0.016718 0.001094 0.009996 0.020079 0.000670 0.002918 0.006559 0.004862 0.000169 0.000287 0.004375 0.002829 0.043042 0.000351 0.000528 0.015031 0.000652 0.002906 0.005065 0.000291 0.017949 0.001048 0.000120 0.002049 0.000081 0.001040 0.002874 0.005698 0.000156 0.000433 0.000061 0.090198 0.035776 0.037635 0.000267 0.073939 0.000575 0.001706 0.003231 0.007772 0.000234 0.000366 0.000139 0.000057 0.067826 0.001316 0.000839 0.006122 0.003482 0.077415 0.012912 0.260910 0.328836 0.000422 0.000651 0.001860 0.010353 0.026814 0.003920 0.000271 0.000503 0.007803 0.008824 0.611562 0.000686 0.551950 0.003318 0.003754 0.008213 0.241732 0.022056 0.008219 0.000442 0.009068 0.000137 0.001582 0.008569 0.000528 0.001856 0.004427 0.024133 0.001386 0.000143 0.204123 0.000000 0.006924 0.002264 1.218383 0.001435 0.000951 0.000171 0.000254 0.771679 0.004865 0.003118 0.014613 0.004697 0.000224 0.000123 0.000121 0.000021 0.000075 0.000071 0.000116 0.000005 0.000001 0.000336 0.000131 0.000357 0.000058 0.000237 0.000190 0.000181 0.000011 0.000002 0.000161 0.001860 0.000785 0.003482 0.000166 0.000568 0.000323 0.000004 0.001795 0.002194 0.004084 0.016722 0.000499 0.002094 0.007154 0.000284 0.003722 0.000852 0.002315 0.000246 0.000869 0.000957 0.000007 0.000000 0.002502 0.003285 0.002521 0.049603 0.000827 0.003457 0.011114
0.000586 0.001325 0.000402 0.000044 0.000614 0.018846 0.025301 0.008625 0.000100 0.005552 0.000977 0.000507 0.001701 0.000051 0.000252 0.000196 0.000167 0.000010 0.000003 0.000017 0.000097 0.001488 0.001744 0.000801 0.000070 0.000001 0.000019 0.000001 0.000010 0.000012 0.000020 0.000035 0.000023 0.000022 0.000038 0.000026 0.000013 0.000018 0.000031 0.000012 0.000046 0.000057 0.000028 0.000066 0.000044 0.000071 0.000093 0.000049 0.000023 0.000058 0.000050 0.000017 0.000003 0.000025 0.000007 0.000003 0.000051 0.000004 0.000008 0.000039 0.000392 0.000033 0.000031 0.000067 0.000058 0.000238 0.000034 0.000137 0.000240 0.000094 0.000670 0.000678 0.000671 0.000027 0.000049 0.000205 0.000143 0.003234 0.000040 0.000093 0.002873 0.000382 0.000400 0.000525 0.000145 0.001576 0.001203 0.000199 0.000843 0.000008 0.000092 0.000281 0.000625 0.000135 0.000163 0.000066 0.003656 0.005306 0.001723 0.000212 0.005925 0.000056 0.000155 0.000373 0.000814 0.000311 0.000237 0.000017 0.000047 0.001353 0.000088 0.000093 0.000484 0.000251 0.005047 0.000199 0.000708 0.000663 0.019693 0.009660 0.009932 0.002119 0.021749 0.019336 0.006808 0.030507 0.052212 0.761440 0.040253 0.011428 0.014773 0.016140 0.035765 0.025063 0.003698 0.005584 0.628638 0.008084 0.002022 0.000207 0.006402 0.099178 0.024806 0.070796 0.082471 0.609235 0.048182 0.003367 0.012985 0.006924 0.000000 0.007053 0.008545 0.000156 0.001922 0.001171 0.008546 0.003402 0.004244 0.004073 0.113103 0.733360 0.000029 0.000012 0.000015 0.000002 0.000009 0.000007 0.000012 0.000000 0.000000 0.000324 0.000064 0.000159 0.000030 0.000103 0.000081 0.000072 0.000003 0.000000 0.000026 0.000393 0.000129 0.000393 0.000029 0.000103 0.000043 0.000001 0.000283 0.000275 0.000744 0.001994 0.000104 0.000429 0.001162 0.000196 0.001605 0.000587 0.001095 0.000173 0.000590 0.000389 0.000004 0.000000 0.001401 0.001941 0.001351 0.014261 0.000605 0.003172 0.005126
0.011579 0.009259 0.004458 0.000099 0.002006 0.355975 0.146340 0.073516 0.000094 0.016725 0.003001 0.001892 0.005680 0.000015 0.000019 0.000012 0.000031 0.000008 0.000002 0.000005 0.000018 0.000197 0.000084 0.000197 0.000055 0.000014 0.000014 0.000010 0.000042 0.000053 0.000084 0.000158 0.000126 0.000122 0.000176 0.000096 0.000056 0.000101 0.000123 0.000113 0.000291 0.000172 0.000060 0.000124 0.000104 0.000173 0.000219 0.000119 0.000059 0.000204 0.000172 0.000141 0.000022 0.000100 0.000005 0.000011 0.000056 0.000111 0.000079 0.000135 0.000427 0.001017 0.000011 0.000012 0.000006 0.000123 0.000009 0.000034 0.000032 0.000382 0.003380 0.000139 0.000224 0.000132 0.000149 0.000228 0.000176 0.000338 0.000030 0.000047 0.000609 0.005469 0.000093 0.000989 0.007274 0.002860 0.026408 0.014609 0.051994 0.000101 0.000019 0.000174 0.000197 0.009726 0.003419 0.002562 0.000238 0.000522 0.001074 0.013873 0.001074 0.001446 0.000031 0.000112 0.000402 0.021226 0.010628 0.000314 0.003405 0.000453 0.000016 0.000060 0.000479 0.000106 0.006794 0.000057 0.000385 0.000584 0.005878 0.017362 0.008101 0.017511 0.002993 0.003330 0.002245 0.001969 0.009875 0.013462 0.013010 0.001236 0.010042 0.674618 0.002544 0.075904 0.016558 0.255937 0.005425 0.680894 0.133980 0.000430 0.001410 0.006644 0.079521 0.117180 0.006119 0.021798 0.630440 0.028506 0.002336 0.002264 0.007053 0.000000 0.001802 0.001590 0.841982 0.001776 0.025666 0.000994 0.001607 0.000729 0.004219 0.002026 0.000003 0.000001 0.000002 0.000001 0.000005 0.000003 0.000006 0.000000 0.000000 0.000076 0.000017 0.000039 0.000008 0.000069 0.000036 0.000058 0.000002 0.000000 0.000021 0.001077 0.000240 0.000058 0.000511 0.001203 0.000007 0.000020 0.000556 0.000088 0.000439 0.002466 0.002396 0.005161 0.001250 0.000126 0.014043 0.002388 0.000316 0.005524 0.013603 0.000057 0.000173 0.000003 0.004155 0.000627 0.002625 0.020243 0.037754 0.074355 0.012008
0.004774 0.011530 0.003106 0.000395 0.004769 0.006877 0.016026 0.007141 0.003028 0.006562 0.002106 0.000986 0.002443 0.001852 0.003270 0.002874 0.001939 0.000053 0.000059 0.000576 0.005278 0.004125 0.002268 0.000666 0.000053 0.000027 0.000416 0.000007 0.000040 0.000045 0.000053 0.000085 0.000053 0.000056 0.000091 0.000061 0.000031 0.000051 0.000060 0.000016 0.000060 0.000078 0.000044 0.000097 0.000053 0.000097 0.000162 0.000097 0.000040 0.000092 0.000067 0.000024 0.000005 0.000030 0.000006 0.000023 0.000238 0.000024 0.000007 0.000039 0.000343 0.000044 0.000673 0.001790 0.001202 0.006809 0.000581 0.005928 0.008050 0.001266 0.005957 0.009363 0.008562 0.000302 0.000558 0.003021 0.002190 0.048981 0.000710 0.001006 0.031417 0.001155 0.005505 0.005840 0.000616 0.042260 0.002386 0.000372 0.007241 0.000249 0.001136 0.003397 0.008404 0.000371 0.000796 0.000293 0.088636 0.067449 0.088264 0.000562 0.181005 0.002530 0.002095 0.004308 0.011774 0.000801 0.000720 0.000172 0.000142 0.077897 0.001466 0.001308 0.000907 0.000302 0.003934 0.003145 0.089901 0.015492 0.000294 0.000499 0.001960 0.016596 0.016419 0.003570 0.000244 0.000423 0.001682 0.002713 0.044394 0.000677 0.062419 0.001697 0.004056 0.005181 0.260910 0.071990 0.010002 0.000645 0.070968 0.000786 0.000769 0.007807 0.000816 0.001684 0.002448 0.011912 0.000954 0.000327 0.990787 1.218383 0.008545 0.001802 0.000000 0.018772 0.002598 0.000141 0.000413 0.671847 0.003170 0.001170 0.007025 0.003683 0.000262 0.000116 0.000121 0.000022 0.000070 0.000071 0.000118 0.000008 0.000000 0.000173 0.000060 0.000132 0.000028 0.000099 0.000073 0.000070 0.000008 0.000001 0.000224 0.003391 0.001087 0.003650 0.000215 0.000760 0.000362 0.000006 0.002428 0.002204 0.005954 0.017648 0.000748 0.003278 0.011318 0.000181 0.002874 0.000604 0.000914 0.000277 0.000848 0.000420 0.000008 0.000000 0.001630 0.001353 0.001707 0.027747 0.001430 0.003337 0.007116
0.122432 0.031072 0.004226 0.014113 0.001170 0.414531 0.127745 0.012979 0.228928 0.002035 0.000396 0.000166 0.000340 0.000040 0.000031 0.000023 0.000035 0.000011 0.000004 0.000013 0.000115 0.000117 0.000074 0.000041 0.000015 0.000005 0.000040 0.000002 0.000007 0.000005 0.000004 0.000012 0.000008 0.000009 0.000011 0.000006 0.000003 0.000008 0.000008 0.000010 0.000020 0.000012 0.000004 0.000008 0.000007 0.000011 0.000013 0.000006 0.000003 0.000012 0.000010 0.000023 0.000005 0.000010 0.000003 0.000006 0.000027 0.000083 0.000012 0.000013 0.000141 0.000239 0.000015 0.000013 0.000009 0.000033 0.000017 0.000106 0.000044 0.000051 0.000411 0.000044 0.000074 0.000010 0.000013 0.000036 0.000019 0.000072 0.000004 0.000005 0.000053 0.000169 0.000014 0.001914 0.004963 0.001618 0.000753 0.025370 0.059579 0.072054 0.000073 0.000040 0.000014 0.015586 0.000114 0.215066 0.000276 0.000118 0.009145 0.000770 0.003271 0.488546 0.000046 0.000037 0.000038 0.080488 0.000389 0.011188 0.028003 0.001793 0.000026 0.000007 0.000038 0.000014 0.000030 0.000020 0.001073 0.000014 0.000047 0.000185 0.000098 0.001486 0.000311 0.000307 0.000118 0.000072 0.000079 0.000121 0.000077 0.000032 0.000286 0.000323 0.000238 0.009279 0.008687 0.019228 0.000159 0.018721 0.640049 0.931194 0.000546 0.000059 0.010012 0.000410 0.000184 0.000096 0.000440 0.249739 0.105969 0.001435 0.000156 0.001590 0.018772 0.000000 0.354446 0.042409 0.007738 0.014968 0.000066 0.000421 0.000215 0.000114 0.000057 0.000013 0.000001 0.000000 0.000002 0.000001 0.000011 0.000015 0.000000 0.001424 0.000210 0.000026 0.000000 0.000015 0.000015 0.000037 0.001403 0.000000 0.000089 0.000499 0.000298 0.000023 0.000538 0.001685 0.000002 0.000022 0.000308 0.000054 0.000175 0.002142 0.002771 0.002370 0.000391 0.000262 0.000939 0.000401 0.000025 0.000986 0.003755 0.000003 0.000050 0.000003 0.000298 0.000047 0.000136 0.002843 0.006941 0.002747 0.000415
0.025353 0.016037 0.004403 0.000334 0.001881 0.259123 0.193284 0.054345 0.000232 0.012676 0.002278 0.001610 0.003248 0.000012 0.000014 0.000008 0.000025 0.000009 0.000003 0.000004 0.000026 0.000058 0.000040 0.000089 0.000044 0.000013 0.000014 0.000005 0.000024 0.000027 0.000045 0.000118 0.000093 0.000082 0.000113 0.000059 0.000025 0.000056 0.000060 0.000053 0.000132 0.000080 0.000031 0.000087 0.000067 0.000107 0.000127 0.000066 0.000032 0.000104 0.000077 0.000094 0.000014 0.000055 0.000004 0.000008 0.000033 0.000113 0.000051 0.000079 0.000260 0.001008 0.000006 0.000006 0.000003 0.000065 0.000007 0.000028 0.000013 0.000207 0.001410 0.000102 0.000142 0.000067 0.000071 0.000147 0.000093 0.000140 0.000016 0.000020 0.000232 0.001962 0.000053 0.001199 0.006990 0.001509 0.010654 0.031311 0.060811 0.001619 0.000018 0.000116 0.000091 0.018802 0.001512 0.032770 0.000099 0.000220 0.001189 0.007340 0.000977 0.025768 0.000027 0.000080 0.000228 0.065735 0.004779 0.001744 0.010392 0.000383 0.000013 0.000029 0.000076 0.000023 0.000906 0.000015 0.000171 0.000093 0.000587 0.002471 0.001185 0.005102 0.002440 0.002500 0.001541 0.000773 0.001555 0.002222 0.001704 0.000391 0.002178 0.034921 0.002201 0.061632 0.008791 0.267158 0.001753 0.381810 0.791779 0.006482 0.000354 0.000956 0.085439 0.030273 0.001946 0.002359 0.031433 0.253979 0.006496 0.000951 0.001922 0.841982 0.002598 0.354446 0.000000 0.009559 0.029171 0.001009 0.000266 0.000189 0.001918 0.001189 0.000003 0.000001 0.000001 0.000001 0.000002 0.000002 0.000004 0.000000 0.000000 0.000067 0.000014 0.000009 0.000002 0.000029 0.000012 0.000020 0.000003 0.000000 0.000040 0.000821 0.000287 0.000041 0.000579 0.001583 0.000005 0.000021 0.000465 0.000067 0.000306 0.002578 0.002932 0.004404 0.000872 0.000251 0.006928 0.001593 0.000130 0.004296 0.012416 0.000017 0.000172 0.000005 0.002023 0.000298 0.001082 0.013285 0.033518 0.032631 0.004603
0.004652 0.000698 0.000140 0.000309 0.000055 0.254820 0.662483 0.021043 0.011219 0.002956 0.000343 0.000123 0.000297 0.000001 0.000006 0.000004 0.000006 0.000000 0.000000 0.000001 0.000013 0.004449 0.001536 0.000274 0.000032 0.000002 0.000003 0.000000 0.000003 0.000003 0.000006 0.000008 0.000006 0.000005 0.000009 0.000005 0.000003 0.000005 0.000008 0.000009 0.000022 0.000014 0.000005 0.000008 0.000005 0.000010 0.000013 0.000008 0.000003 0.000010 0.000012 0.000034 0.000000 0.000011 0.000000 0.000000 0.000005 0.000004 0.000009 0.000026 0.000107 0.000371 0.000003 0.000008 0.000004 0.000011 0.000002 0.000008 0.000012 0.000006 0.000055 0.000009 0.000007 0.000001 0.000002 0.000008 0.000004 0.000037 0.000002 0.000002 0.000027 0.000037 0.000005 0.000050 0.000106 0.000066 0.000153 0.000545 0.000787 0.002231 0.000003 0.000007 0.000006 0.000427 0.000018 0.007354 0.000060 0.000045 0.000159 0.000068 0.000084 0.007772 0.000003 0.000004 0.000010 0.001222 0.000049 0.000335 0.001025 0.000047 0.000002 0.000002 0.001371 0.000685 0.000949 0.000665 0.000744 0.000406 0.000328 0.001402 0.000926 0.001186 0.003748 0.005879 0.001890 0.000597 0.000938 0.000943 0.000583 0.000383 0.000402 0.001283 0.002648 0.735958 0.000345 0.001104 0.001376 0.005366 0.003925 0.894774 0.024867 0.000501 0.016880 0.001567 0.003356 0.000675 0.000664 0.465435 0.000650 0.000171 0.001171 0.001776 0.000141 0.042409 0.009559 0.000000 0.504076 0.000220 0.001132 0.036530 0.003651 0.001119 0.000002 0.000001 0.000000 0.000000 0.000000 0.000000 0.000001 0.000000 0.000000 0.009226 0.000608 0.000096 0.000001 0.000025 0.000063 0.000251 0.009551 0.000000 0.000005 0.000019 0.000013 0.000007 0.000019 0.000072 0.000000 0.000001 0.000014 0.000007 0.000014 0.000085 0.000077 0.000094 0.000032 0.000344 0.001128 0.000349 0.000295 0.001065 0.003996 0.000039 0.000058 0.000005 0.000302 0.000243 0.000136 0.002599 0.007359 0.002512 0.000513
0.003094 0.001651 0.000634 0.000039 0.000356 0.197506 0.177867 0.026125 0.000295 0.005331 0.000611 0.000309 0.000761 0.000002 0.000004 0.000003 0.000007 0.000001 0.000000 0.000001 0.000008 0.000170 0.000095 0.000043 0.000015 0.000005 0.000005 0.000001 0.000006 0.000005 0.000010 0.000023 0.000020 0.000015 0.000027 0.000015 0.000005 0.000013 0.000014 0.000019 0.000035 0.000024 0.000008 0.000017 0.000011 0.000020 0.000029 0.000018 0.000008 0.000026 0.000026 0.000043 0.000004 0.000018 0.000001 0.000003 0.000010 0.000022 0.000016 0.000037 0.000095 0.000636 0.000001 0.000001 0.000001 0.000013 0.000001 0.000006 0.000004 0.000040 0.000340 0.000024 0.000030 0.000012 0.000018 0.000022 0.000016 0.000053 0.000007 0.000009 0.000108 0.000418 0.000017 0.000149 0.000892 0.000328 0.002174 0.003763 0.006314 0.000283 0.000002 0.000017 0.000019 0.002359 0.000298 0.003627 0.000044 0.000106 0.000164 0.001457 0.000165 0.002115 0.000003 0.000016 0.000036 0.005313 0.001015 0.000196 0.001376 0.000053 0.000003 0.000005 0.000083 0.000033 0.000450 0.000033 0.000072 0.000065 0.000837 0.002863 0.001937 0.002776 0.007106 0.008791 0.004008 0.001356 0.002002 0.004475 0.001339 0.001657 0.001054 0.008220 0.009264 0.531867 0.001872 0.013781 0.009567 0.022173 0.022275 0.006561 0.000622 0.004432 0.754040 0.312075 0.004266 0.004843 0.034203 0.222964 0.001086 0.000254 0.008546 0.025666 0.000413 0.007738 0.029171 0.504076 0.000000 0.000172 0.000331 0.000485 0.005215 0.004401 0.000001 0.000001 0.000000 0.000000 0.000001 0.000000 0.000001 0.000000 0.000000 0.000377 0.000048 0.000007 0.000001 0.000011 0.000005 0.000009 0.000016 0.000000 0.000009 0.000165 0.000048 0.000010 0.000098 0.000266 0.000002 0.000004 0.000091 0.000016 0.000071 0.000419 0.000465 0.000765 0.000187 0.000246 0.002600 0.000739 0.000062 0.002012 0.006252 0.000011 0.000103 0.000004 0.000730 0.000135 0.000377 0.004820 0.014390 0.008281 0.001527
0.001163 0.005175 0.001381 0.000390 0.002857 0.003759 0.019271 0.008159 0.004671 0.012724 0.002120 0.001187 0.003041 0.001346 0.005255 0.011679 0.006220 0.000083 0.000074 0.000386 0.101627 0.071537 0.071000 0.016642 0.000303 0.000276 0.008156 0.000008 0.000050 0.000242 0.000078 0.000099 0.000063 0.000066 0.000108 0.000072 0.000043 0.000067 0.000114 0.000039 0.000174 0.000239 0.000157 0.000172 0.000113 0.000181 0.000277 0.000167 0.000074 0.000176 0.000158 0.000063 0.000007 0.000129 0.000017 0.000020 0.000279 0.000017 0.000028 0.000142 0.001572 0.000064 0.005606 0.022710 0.020715 0.055925 0.003940 0.077922 0.071997 0.000113 0.000879 0.003394 0.002217 0.000033 0.000068 0.005698 0.004818 0.038597 0.000059 0.000123 0.002667 0.000201 0.000524 0.003218 0.000176 0.006717 0.000733 0.000149 0.003179 0.000186 0.000530 0.001600 0.002383 0.000095 0.000143 0.000204 0.098579 0.010303 0.051096 0.000153 0.033001 0.001762 0.000906 0.001822 0.003171 0.000329 0.000172 0.000096 0.000042 0.235886 0.001670 0.000339 0.015667 0.021239 0.055733 0.077921 1.540041 0.142091 0.000189 0.000247 0.000585 0.002213 0.019606 0.001592 0.000087 0.000163 0.007683 0.004914 0.058549 0.000122 0.004779 0.000942 0.001291 0.007275 0.010713 0.017743 0.002135 0.000370 0.042789 0.000771 0.001732 0.001902 0.000382 0.000686 0.003621 0.007317 0.000757 0.000194 0.515544 0.771679 0.003402 0.000994 0.671847 0.014968 0.001009 0.000220 0.000172 0.000000 0.039601 0.003338 0.013766 0.003900 0.000177 0.000091 0.000103 0.000015 0.000068 0.000054 0.000099 0.000004 0.000002 0.000508 0.000186 0.000588 0.000114 0.000397 0.000286 0.000278 0.000024 0.000003 0.000158 0.000876 0.000537 0.002795 0.000111 0.000392 0.000222 0.000003 0.001166 0.001723 0.002332 0.022851 0.000368 0.001048 0.003532 0.000409 0.001841 0.000771 0.003178 0.000289 0.000925 0.001277 0.000012 0.000000 0.002178 0.004212 0.001831 0.172057 0.001191 0.002035 0.007533
0.000086 0.000303 0.000194 0.000030 0.000171 0.002586 0.035849 0.003516 0.000484 0.005055 0.004829 0.005024 0.001193 0.000063 0.000351 0.000290 0.000203 0.000013 0.000007 0.000020 0.206956 0.529817 0.042668 0.012390 0.001725 0.000810 0.012068 0.000001 0.000033 0.000049 0.000063 0.000094 0.000067 0.000044 0.000067 0.000039 0.000019 0.000035 0.000037 0.000008 0.000189 0.000722 0.015351 0.033482 0.001431 0.000255 0.000234 0.000115 0.000049 0.000131 0.000074 0.000014 0.000003 0.000062 0.000020 0.000002 0.000058 0.000002 0.000028 0.000051 0.000616 0.000016 0.000156 0.000357 0.000289 0.000561 0.000249 0.000748 0.000560 0.000014 0.000103 0.000119 0.000069 0.000003 0.000008 0.000245 0.000084 0.000775 0.000004 0.000008 0.000219 0.000058 0.000036 0.000129 0.000019 0.000144 0.000179 0.000021 0.000113 0.000005 0.000056 0.000094 0.000098 0.000016 0.000024 0.000005 0.001213 0.000545 0.000364 0.000038 0.000804 0.000010 0.000041 0.000068 0.000147 0.000037 0.000037 0.000004 0.000006 0.001000 0.000166 0.000011 0.685880 0.015146 0.035770 0.017951 0.183127 0.007905 0.001248 0.000870 0.000813 0.000322 0.001836 0.000347 0.000105 0.000685 0.478415 0.014819 0.005808 0.000218 0.001028 0.001920 0.000405 0.017194 0.000341 0.000567 0.000815 0.001464 0.000361 0.000414 0.815746 0.000568 0.001633 0.002608 0.062436 0.004133 0.005739 0.000445 0.003145 0.004865 0.004244 0.001607 0.003170 0.000066 0.000266 0.001132 0.000331 0.039601 0.000000 0.018119 0.016699 0.002665 0.000008 0.000004 0.000004 0.000001 0.000003 0.000003 0.000008 0.000000 0.000000 0.027756 0.002634 0.001198 0.000023 0.000171 0.000385 0.000503 0.000189 0.000378 0.000009 0.000039 0.000015 0.000094 0.000005 0.000027 0.000006 0.000000 0.000037 0.000075 0.000069 0.000972 0.000022 0.000062 0.000142 0.000185 0.000372 0.000265 0.002310 0.000077 0.000330 0.000266 0.000001 0.000000 0.000325 0.001918 0.000245 0.019127 0.000242 0.000756 0.001100
0.000088 0.000244 0.000066 0.000010 0.000101 0.002736 0.128178 0.002216 0.000630 0.003110 0.000353 0.000172 0.000380 0.000007 0.000037 0.000032 0.000036 0.000001 0.000000 0.000001 0.000094 0.035048 0.007164 0.001424 0.000180 0.000006 0.000017 0.000001 0.000004 0.000006 0.000005 0.000009 0.000006 0.000006 0.000010 0.000004 0.000003 0.000004 0.000006 0.000005 0.000021 0.000022 0.000010 0.000025 0.000017 0.000027 0.000030 0.000015 0.000006 0.000016 0.000012 0.000006 0.000000 0.000014 0.000009 0.000000 0.000017 0.000000 0.000002 0.000021 0.000265 0.000008 0.000029 0.000077 0.000065 0.000169 0.000017 0.000077 0.000179 0.000010 0.000079 0.000117 0.000068 0.000004 0.000005 0.000093 0.000037 0.000506 0.000006 0.000012 0.000324 0.000030 0.000050 0.000104 0.000010 0.000166 0.000085 0.000013 0.000072 0.000016 0.000026 0.000065 0.000080 0.000009 0.000010 0.000017 0.000804 0.000618 0.000242 0.000015 0.000668 0.000035 0.000035 0.000062 0.000117 0.000022 0.000016 0.000003 0.000004 0.000409 0.000021 0.000011 0.012738 0.007784 0.017010 0.006410 0.007950 0.007068 0.000481 0.000329 0.000526 0.000207 0.317199 0.002442 0.000147 0.000318 0.011349 0.010652 0.009116 0.000157 0.002086 0.000846 0.003215 0.450524 0.000528 0.000303 0.001510 0.000699 0.000179 0.011282 0.385178 0.001020 0.001075 0.001447 0.475766 0.005603 0.002549 0.000897 0.002231 0.003118 0.004073 0.000729 0.001170 0.000421 0.000189 0.036530 0.000485 0.003338 0.018119 0.000000 0.589202 0.011838 0.000006 0.000003 0.000002 0.000000 0.000002 0.000002 0.000004 0.000000 0.000000 0.031779 0.001410 0.000740 0.000011 0.000117 0.000221 0.000189 0.000761 0.000000 0.000005 0.000047 0.000017 0.000077 0.000003 0.000018 0.000007 0.000000 0.000039 0.000054 0.000095 0.000347 0.000013 0.000051 0.000161 0.000096 0.000306 0.000169 0.001979 0.000048 0.000219 0.000255 0.000001 0.000000 0.000295 0.001410 0.000245 0.004727 0.000131 0.000477 0.000957
0.000497 0.001066 0.000320 0.000036 0.000522 0.012225 0.063535 0.008493 0.000156 0.006791 0.000994 0.000596 0.001686 0.000042 0.000212 0.000141 0.000146 0.000008 0.000002 0.000010 0.000220 0.012065 0.005100 0.001614 0.000093 0.000002 0.000031 0.000001 0.000013 0.000014 0.000021 0.000039 0.000023 0.000022 0.000039 0.000025 0.000011 0.000023 0.000027 0.000012 0.000060 0.000063 0.000034 0.000074 0.000047 0.000076 0.000096 0.000053 0.000025 0.000060 0.000043 0.000019 0.000002 0.000039 0.000005 0.000002 0.000053 0.000004 0.000005 0.000051 0.000512 0.000027 0.000089 0.000220 0.000166 0.000619 0.000056 0.000293 0.000642 0.000115 0.000552 0.000746 0.000446 0.000035 0.000048 0.000317 0.000166 0.002587 0.000072 0.000111 0.002164 0.000211 0.000441 0.000467 0.000094 0.001149 0.000579 0.000158 0.000576 0.000011 0.000120 0.000290 0.000508 0.000105 0.000105 0.000060 0.003758 0.003256 0.001404 0.000137 0.003684 0.000061 0.000179 0.000407 0.000748 0.000250 0.000137 0.000014 0.000036 0.001919 0.000085 0.000090 0.017148 0.015438 0.051918 0.009543 0.016020 0.019138 0.002498 0.001901 0.003416 0.001635 0.721332 0.018382 0.002330 0.003194 0.035624 0.152978 0.047808 0.001899 0.014137 0.004854 0.056074 0.082753 0.004531 0.002727 0.033501 0.004782 0.001906 0.000775 0.027665 0.008229 0.013847 0.015423 0.522319 0.037629 0.014515 0.003020 0.013725 0.014613 0.113103 0.004219 0.007025 0.000215 0.001918 0.003651 0.005215 0.013766 0.016699 0.589202 0.000000 0.886498 0.000021 0.000011 0.000012 0.000002 0.000007 0.000005 0.000010 0.000001 0.000000 0.002273 0.000314 0.000415 0.000029 0.000156 0.000192 0.000112 0.000028 0.000000 0.000028 0.000257 0.000077 0.000292 0.000023 0.000080 0.000029 0.000001 0.000181 0.000193 0.000494 0.001406 0.000072 0.000295 0.000871 0.000228 0.001670 0.000579 0.002589 0.000157 0.000597 0.000464 0.000004 0.000000 0.001178 0.002099 0.001203 0.010691 0.000544 0.002509 0.004560
0.000260 0.000522 0.000172 0.000018 0.000277 0.007013 0.022314 0.004785 0.000058 0.002469 0.000435 0.000222 0.000754 0.000018 0.000100 0.000062 0.000081 0.000004 0.000002 0.000006 0.000075 0.000934 0.000439 0.000442 0.000023 0.000002 0.000009 0.000001 0.000004 0.000006 0.000008 0.000015 0.000011 0.000010 0.000020 0.000011 0.000006 0.000009 0.000015 0.000005 0.000017 0.000027 0.000013 0.000026 0.000018 0.000031 0.000038 0.000021 0.000012 0.000026 0.000020 0.000009 0.000001 0.000010 0.000004 0.000002 0.000022 0.000002 0.000003 0.000019 0.000154 0.000016 0.000018 0.000041 0.000028 0.000131 0.000014 0.000067 0.000147 0.000055 0.000289 0.000323 0.000238 0.000015 0.000021 0.000093 0.000061 0.001138 0.000035 0.000056 0.001237 0.000114 0.000206 0.000213 0.000051 0.000682 0.000334 0.000102 0.000348 0.000005 0.000041 0.000116 0.000229 0.000062 0.000054 0.000040 0.001490 0.001912 0.000676 0.000076 0.001839 0.000031 0.000071 0.000174 0.000293 0.000150 0.000079 0.000006 0.000024 0.000621 0.000031 0.000039 0.000711 0.000449 0.005565 0.000360 0.001195 0.001601 0.001128 0.000717 0.001516 0.000804 0.280260 0.015751 0.002239 0.002591 0.015127 0.463175 0.013807 0.001509 0.006866 0.002453 0.280876 0.018892 0.002618 0.001856 0.242471 0.002483 0.001213 0.000170 0.005820 0.005801 0.009912 0.014117 0.103245 0.018676 0.007905 0.001744 0.007498 0.004697 0.733360 0.002026 0.003683 0.000114 0.001189 0.001119 0.004401 0.003900 0.002665 0.011838 0.886498 0.000000 0.000011 0.000006 0.000007 0.000001 0.000004 0.000002 0.000005 0.000000 0.000000 0.000301 0.000039 0.000070 0.000011 0.000038 0.000027 0.000029 0.000004 0.000000 0.000017 0.000165 0.000048 0.000167 0.000014 0.000044 0.000020 0.000000 0.000114 0.000121 0.000314 0.000798 0.000044 0.000165 0.000511 0.000119 0.001031 0.000353 0.000417 0.000089 0.000321 0.000158 0.000003 0.000000 0.000765 0.000721 0.000819 0.005623 0.000322 0.001349 0.002825
0.006875 0.267649 0.058223 0.051622 0.059774 0.000057 0.000143 0.000403 0.000568 0.000164 0.001210 0.000129 0.000296 0.082892 0.159892 0.031472 0.070483 0.027985 0.004736 0.006945 0.000007 0.000070 0.000064 0.000022 0.000009 0.000003 0.000004 0.000017 0.000066 0.000055 0.000023 0.000018 0.000015 0.000015 0.000017 0.000014 0.000008 0.000023 0.000045 0.000010 0.000018 0.000005 0.000004 0.000006 0.000003 0.000005 0.000010 0.000007 0.000005 0.000012 0.000011 0.000001 0.000192 0.000051 0.004428 0.002170 0.022595 0.001348 0.000020 0.000003 0.000455 0.000006 0.002940 0.001067 0.001399 0.001300 0.003923 0.000731 0.000349 0.000090 0.000053 0.000402 0.000600 0.000028 0.000084 0.002453 0.000960 0.000721 0.000029 0.000064 0.000200 0.000089 0.000168 0.065829 0.000161 0.000043 0.000038 0.000024 0.000074 0.009777 0.355231 0.006250 0.000223 0.000119 0.000213 0.000438 0.000580 0.000357 0.000703 0.000025 0.000173 0.000672 0.014383 0.001525 0.000593 0.000016 0.000177 0.008313 0.000255 0.000443 0.011651 0.000242 0.000008 0.000010 0.000016 0.000015 0.000107 0.000023 0.000003 0.000002 0.000013 0.000007 0.000036 0.000007 0.000002 0.000001 0.000009 0.000009 0.000155 0.000002 0.000145 0.000004 0.000006 0.000015 0.000049 0.000008 0.000018 0.000001 0.000010 0.000022 0.000005 0.000033 0.000001 0.000003 0.000007 0.000043 0.000001 0.000009 0.000397 0.000224 0.000029 0.000003 0.000262 0.000057 0.000003 0.000002 0.000001 0.000177 0.000008 0.000006 0.000021 0.000011 0.000000 0.324282 0.351455 0.006062 0.076592 0.107983 0.098519 0.065927 0.006622 0.000018 0.000015 0.000083 0.000004 0.000026 0.000006 0.000010 0.000004 0.000001 0.003875 0.001878 0.003691 0.035456 0.001187 0.005025 0.000798 0.000120 0.002508 0.041054 0.002504 0.062363 0.005964 0.002459 0.002391 0.000074 0.000047 0.000038 0.000068 0.000004 0.000125 0.000025 0.000000 0.000000 0.000052 0.000077 0.000040 0.000233 0.000027 0.000022 0.000081
0.003541 0.088503 0.062755 0.043509 0.047316 0.000023 0.000138 0.000689 0.000729 0.000176 0.000942 0.000404 0.000754 0.021117 0.022338 0.012556 0.062384 0.032137 0.006814 0.006032 0.000004 0.000037 0.000030 0.000020 0.000007 0.000005 0.000003 0.000058 0.000111 0.000069 0.000033 0.000019 0.000017 0.000022 0.000036 0.000029 0.000015 0.000047 0.000130 0.000028 0.000030 0.000018 0.000005 0.000007 0.000005 0.000011 0.000020 0.000017 0.000005 0.000024 0.000055 0.000010 0.000296 0.000158 0.011204 0.002535 0.048251 0.002775 0.000040 0.000012 0.001156 0.000011 0.001088 0.000558 0.000660 0.000714 0.001154 0.000261 0.000201 0.000056 0.000040 0.000185 0.000416 0.000013 0.000029 0.000553 0.000490 0.000384 0.000015 0.000035 0.000110 0.000037 0.000056 0.009279 0.000034 0.000018 0.000015 0.000007 0.000017 0.000909 0.012916 0.001023 0.000107 0.000030 0.000055 0.000109 0.000312 0.000176 0.000324 0.000010 0.000077 0.000102 0.001651 0.000335 0.000229 0.000006 0.000056 0.000458 0.000076 0.000201 0.002220 0.000054 0.000005 0.000008 0.000011 0.000007 0.000048 0.000013 0.000003 0.000001 0.000004 0.000005 0.000017 0.000001 0.000000 0.000000 0.000006 0.000004 0.000076 0.000002 0.000062 0.000003 0.000003 0.000009 0.000026 0.000004 0.000009 0.000000 0.000004 0.000004 0.000003 0.000020 0.000001 0.000001 0.000005 0.000021 0.000001 0.000002 0.000180 0.000123 0.000012 0.000001 0.000116 0.000013 0.000001 0.000001 0.000001 0.000091 0.000004 0.000003 0.000011 0.000006 0.324282 0.000000 0.393135 0.011703 0.134001 0.282503 0.153549 0.037052 0.055708 0.000014 0.000032 0.000131 0.000004 0.000061 0.000016 0.000006 0.000000 0.000000 0.004567 0.002445 0.002143 0.019667 0.001145 0.006096 0.000574 0.000316 0.001284 0.023485 0.001274 0.029460 0.008418 0.001733 0.001364 0.000085 0.000036 0.000053 0.000025 0.000008 0.000157 0.000012 0.000005 0.000000 0.000026 0.000057 0.000026 0.000141 0.000040 0.000032 0.000057
0.006715 0.050706 0.092050 0.086775 0.115367 0.000059 0.000242 0.001515 0.001733 0.000450 0.002685 0.000846 0.003088 0.011153 0.007479 0.054419 0.316786 0.107949 0.044530 0.011823 0.000009 0.000048 0.000110 0.000062 0.000011 0.000008 0.000001 0.002382 0.002011 0.000820 0.000246 0.000126 0.000111 0.000149 0.000169 0.000152 0.000103 0.000323 0.001222 0.001062 0.000570 0.000148 0.000042 0.000047 0.000033 0.000061 0.000106 0.000055 0.000043 0.000145 0.000457 0.000155 0.002685 0.002135 0.078253 0.020270 0.199103 0.018248 0.000353 0.000084 0.004693 0.000108 0.000757 0.000778 0.000876 0.001123 0.000516 0.000312 0.000329 0.000102 0.000089 0.000171 0.000852 0.000014 0.000035 0.000394 0.000682 0.000519 0.000031 0.000062 0.000174 0.000057 0.000077 0.002901 0.000026 0.000017 0.000030 0.000009 0.000012 0.000327 0.004495 0.000324 0.000133 0.000021 0.000043 0.000010 0.000381 0.000164 0.000325 0.000017 0.000074 0.000017 0.000543 0.000167 0.000283 0.000008 0.000055 0.000115 0.000011 0.000415 0.000648 0.000049 0.000004 0.000005 0.000012 0.000006 0.000055 0.000013 0.000007 0.000005 0.000007 0.000011 0.000015 0.000003 0.000001 0.000002 0.000005 0.000007 0.000079 0.000003 0.000066 0.000007 0.000004 0.000007 0.000029 0.000009 0.000009 0.000001 0.000007 0.000016 0.000002 0.000023 0.000001 0.000002 0.000004 0.000027 0.000003 0.000000 0.000194 0.000121 0.000015 0.000002 0.000121 0.000001 0.000001 0.000000 0.000000 0.000103 0.000004 0.000002 0.000012 0.000007 0.351455 0.393135 0.000000 0.150250 1.387610 0.217421 0.245648 0.089183 0.001409 0.000056 0.000047 0.001619 0.000010 0.000462 0.000041 0.000095 0.000009 0.000000 0.061528 0.015790 0.043137 0.162556 0.009200 0.028361 0.011790 0.011138 0.015363 0.143094 0.014038 0.152990 0.048841 0.009323 0.007946 0.000341 0.000434 0.000284 0.000138 0.000066 0.000532 0.000180 0.000032 0.000000 0.000190 0.000250 0.000106 0.000207 0.000317 0.000211 0.000360
0.002538 0.001533 0.004339 0.018740 0.031311 0.000028 0.000027 0.000200 0.000107 0.000210 0.000924 0.000366 0.001853 0.001070 0.000311 0.002792 0.003960 0.001873 0.002265 0.000576 0.000003 0.000006 0.000018 0.000020 0.000003 0.000004 0.000002 0.005473 0.001509 0.000392 0.000110 0.000055 0.000056 0.000090 0.000097 0.000087 0.000065 0.000243 0.000990 0.002616 0.000532 0.000097 0.000023 0.000019 0.000020 0.000034 0.000055 0.000029 0.000022 0.000078 0.000300 0.000160 0.003959 0.003235 0.005943 0.020040 0.179736 0.008736 0.000125 0.000223 0.002520 0.000070 0.000099 0.000131 0.000155 0.000210 0.000053 0.000038 0.000059 0.000038 0.000046 0.000022 0.000152 0.000003 0.000010 0.000048 0.000124 0.000093 0.000012 0.000018 0.000042 0.000032 0.000011 0.000145 0.000010 0.000009 0.000022 0.000004 0.000006 0.000345 0.000056 0.000013 0.000024 0.000006 0.000009 0.000002 0.000069 0.000038 0.000068 0.000010 0.000015 0.000002 0.000017 0.000025 0.000057 0.000007 0.000017 0.000007 0.000004 0.000077 0.000073 0.000007 0.000001 0.000001 0.000002 0.000001 0.000008 0.000001 0.000001 0.000005 0.000004 0.000005 0.000002 0.000003 0.000000 0.000003 0.000002 0.000001 0.000017 0.000001 0.000012 0.000003 0.000001 0.000001 0.000007 0.000004 0.000002 0.000000 0.000004 0.000040 0.000000 0.000005 0.000000 0.000001 0.000001 0.000006 0.000000 0.000000 0.000044 0.000021 0.000002 0.000001 0.000022 0.000000 0.000001 0.000000 0.000000 0.000015 0.000001 0.000000 0.000002 0.000001 0.006062 0.011703 0.150250 0.000000 0.670583 0.032873 0.032829 0.005682 0.000066 0.000002 0.000004 0.000142 0.000056 0.000244 0.000013 0.000200 0.000000 0.000000 0.030897 0.009819 0.009047 0.030098 0.003687 0.012253 0.006034 0.047988 0.003874 0.014413 0.004084 0.008902 0.029795 0.003639 0.003292 0.000320 0.000234 0.000029 0.000058 0.000035 0.000249 0.000150 0.000000 0.000000 0.000093 0.000144 0.000077 0.000062 0.000290 0.000122 0.000187
0.006122 0.014074 0.019936 0.067840 0.117625 0.000084 0.000127 0.000907 0.000502 0.000740 0.002561 0.000886 0.005178 0.004995 0.002106 0.007726 0.017827 0.011667 0.012363 0.003398 0.000009 0.000021 0.000115 0.000071 0.000011 0.000022 0.000001 0.009123 0.003745 0.000970 0.000262 0.000115 0.000121 0.000232 0.000237 0.000207 0.000170 0.000672 0.002601 0.003798 0.001497 0.000248 0.000059 0.000051 0.000048 0.000089 0.000139 0.000081 0.000048 0.000215 0.000823 0.000402 0.009624 0.008852 0.024578 0.059862 0.442840 0.025258 0.000350 0.001138 0.010339 0.000209 0.000419 0.000439 0.000535 0.000617 0.000259 0.000137 0.000163 0.000120 0.000127 0.000066 0.000440 0.000011 0.000041 0.000204 0.000350 0.000287 0.000028 0.000058 0.000128 0.000075 0.000037 0.000959 0.000031 0.000023 0.000061 0.000013 0.000019 0.001581 0.001037 0.000119 0.000076 0.000015 0.000022 0.000011 0.000246 0.000105 0.000169 0.000020 0.000041 0.000008 0.000197 0.000080 0.000160 0.000015 0.000044 0.000041 0.000011 0.000229 0.000288 0.000019 0.000003 0.000002 0.000010 0.000007 0.000031 0.000008 0.000002 0.000010 0.000013 0.000012 0.000009 0.000006 0.000001 0.000005 0.000004 0.000006 0.000047 0.000002 0.000038 0.000012 0.000002 0.000005 0.000019 0.000011 0.000007 0.000001 0.000007 0.000146 0.000001 0.000012 0.000001 0.000002 0.000002 0.000015 0.000002 0.000001 0.000127 0.000075 0.000009 0.000005 0.000070 0.000002 0.000002 0.000000 0.000001 0.000068 0.000003 0.000002 0.000007 0.000004 0.076592 0.134001 1.387610 0.670583 0.000000 0.177678 0.324322 0.043837 0.000872 0.000015 0.000034 0.000908 0.000127 0.001027 0.000068 0.000645 0.000000 0.000000 0.059799 0.024386 0.018237 0.105982 0.009096 0.028698 0.015013 0.040469 0.011475 0.056212 0.013352 0.034268 0.067689 0.009365 0.009555 0.000784 0.000757 0.000262 0.000368 0.000118 0.000630 0.000468 0.000272 0.000000 0.000306 0.000418 0.000211 0.000240 0.000775 0.000423 0.000606
0.003863 0.009892 0.013990 0.031496 0.121593 0.000050 0.000072 0.000566 0.000230 0.000542 0.002841 0.001218 0.004138 0.025022 0.009858 0.013504 0.097323 0.070932 0.027527 0.013135 0.000008 0.000015 0.000030 0.000038 0.000006 0.000002 0.000003 0.000673 0.001374 0.000523 0.000170 0.000110 0.000101 0.000157 0.000190 0.000148 0.000121 0.000363 0.001005 0.000369 0.000429 0.000135 0.000047 0.000055 0.000041 0.000079 0.000128 0.000084 0.000051 0.000168 0.000375 0.000090 0.002159 0.002288 0.002974 0.008294 0.159886 0.011465 0.000059 0.000071 0.001549 0.000111 0.000460 0.000467 0.000492 0.000609 0.000279 0.000212 0.000150 0.000060 0.000074 0.000068 0.000319 0.000007 0.000022 0.000193 0.000353 0.000261 0.000014 0.000029 0.000087 0.000042 0.000027 0.000916 0.000015 0.000015 0.000031 0.000007 0.000011 0.001743 0.001164 0.000062 0.000063 0.000013 0.000025 0.000004 0.000186 0.000090 0.000145 0.000014 0.000039 0.000005 0.000102 0.000074 0.000153 0.000008 0.000033 0.000047 0.000007 0.000230 0.000291 0.000018 0.000002 0.000003 0.000008 0.000004 0.000026 0.000009 0.000004 0.000007 0.000008 0.000015 0.000012 0.000006 0.000002 0.000002 0.000003 0.000003 0.000049 0.000001 0.000034 0.000009 0.000003 0.000005 0.000018 0.000008 0.000006 0.000001 0.000007 0.000091 0.000001 0.000010 0.000001 0.000001 0.000003 0.000015 0.000001 0.000000 0.000101 0.000071 0.000007 0.000003 0.000071 0.000001 0.000002 0.000000 0.000000 0.000054 0.000003 0.000002 0.000005 0.000002 0.107983 0.282503 0.217421 0.032873 0.177678 0.000000 0.583188 0.026300 0.024953 0.000008 0.000003 0.000107 0.000003 0.000074 0.000050 0.000115 0.000000 0.000000 0.018571 0.010422 0.008038 0.073401 0.004084 0.018867 0.002470 0.002108 0.005540 0.063962 0.004444 0.082959 0.028163 0.006686 0.005517 0.000153 0.000304 0.000104 0.000098 0.000049 0.000449 0.000098 0.000006 0.000000 0.000105 0.000113 0.000052 0.000160 0.000257 0.000245 0.000325
0.006945 0.022018 0.026722 0.101076 0.240793 0.000126 0.000142 0.001058 0.000476 0.001672 0.005873 0.001894 0.004934 0.038369 0.031080 0.053585 0.111686 0.024276 0.013004 0.007714 0.000042 0.000040 0.000148 0.000158 0.000027 0.000040 0.000013 0.001345 0.002559 0.001262 0.000340 0.000212 0.000170 0.000215 0.000312 0.000273 0.000178 0.000458 0.001379 0.000603 0.000753 0.000292 0.000093 0.000124 0.000082 0.000135 0.000240 0.000157 0.000080 0.000245 0.000575 0.000539 0.002786 0.009946 0.003487 0.046792 0.556662 0.007481 0.000168 0.002140 0.017646 0.000121 0.000678 0.000764 0.000856 0.000998 0.000428 0.000222 0.000270 0.001017 0.000979 0.000113 0.001138 0.000072 0.000459 0.000325 0.000569 0.000457 0.000134 0.000173 0.000329 0.000734 0.000066 0.005832 0.000100 0.000081 0.000294 0.000022 0.000048 0.008182 0.002964 0.000178 0.000147 0.000034 0.000141 0.000031 0.000345 0.000179 0.000273 0.000073 0.000065 0.000108 0.000288 0.000139 0.000271 0.000030 0.000127 0.001415 0.000026 0.000268 0.000669 0.000030 0.000005 0.000006 0.000020 0.000012 0.000054 0.000015 0.000010 0.000016 0.000017 0.000051 0.000018 0.000008 0.000001 0.000007 0.000007 0.000008 0.000077 0.000002 0.000060 0.000023 0.000004 0.000009 0.000079 0.000034 0.000005 0.000002 0.000014 0.000577 0.000002 0.000019 0.000001 0.000005 0.000003 0.000027 0.000004 0.000001 0.000185 0.000116 0.000012 0.000006 0.000118 0.000011 0.000004 0.000001 0.000001 0.000099 0.000008 0.000004 0.000010 0.000005 0.098519 0.153549 0.245648 0.032829 0.324322 0.583188 0.000000 0.158204 0.040985 0.000008 0.000009 0.000106 0.000028 0.000533 0.000099 0.002134 0.000000 0.000001 0.026051 0.012110 0.008840 0.148248 0.003646 0.017019 0.012105 0.002789 0.010220 0.061125 0.015261 0.039196 0.033697 0.006449 0.015216 0.000565 0.000853 0.000259 0.000638 0.000172 0.000660 0.000440 0.000043 0.000001 0.000393 0.000628 0.000257 0.000506 0.000702 0.000422 0.000948
0.000607 0.024525 0.000486 0.029213 0.001750 0.000010 0.000002 0.000002 0.000039 0.000003 0.000022 0.000005 0.000006 0.000220 0.000690 0.000472 0.000935 0.000235 0.000103 0.000051 0.000002 0.000002 0.000001 0.000004 0.000002 0.000000 0.000000 0.000000 0.000000 0.000002 0.000000 0.000000 0.000000 0.000000 0.000000 0.000000 0.000000 0.000000 0.000003 0.000000 0.000000 0.000000 0.000000 0.000000 0.000000 0.000000 0.000000 0.000000 0.000000 0.000000 0.000000 0.000000 0.000078 0.000008 0.000127 0.000964 0.008349 0.000283 0.000000 0.000000 0.000014 0.000000 0.000055 0.000022 0.000034 0.000030 0.000098 0.000016 0.000008 0.000015 0.000013 0.000015 0.000065 0.000005 0.000008 0.000040 0.000023 0.000021 0.000004 0.000008 0.000009 0.000039 0.000008 0.018058 0.000015 0.000006 0.000012 0.000001 0.000020 0.011029 0.005353 0.000070 0.000008 0.000003 0.000013 0.000029 0.000016 0.000011 0.000041 0.000003 0.000008 0.000240 0.000143 0.000023 0.000011 0.000001 0.000012 0.010928 0.000012 0.000010 0.000131 0.000004 0.000000 0.000000 0.000000 0.000001 0.000004 0.000000 0.000000 0.000000 0.000001 0.000001 0.000001 0.000000 0.000000 0.000000 0.000000 0.000000 0.000002 0.000000 0.000005 0.000000 0.000000 0.000000 0.000002 0.000001 0.000000 0.000000 0.000002 0.000005 0.000000 0.000002 0.000000 0.000000 0.000000 0.000002 0.000000 0.000001 0.000011 0.000005 0.000000 0.000000 0.000008 0.000015 0.000000 0.000000 0.000000 0.000004 0.000000 0.000000 0.000001 0.000000 0.065927 0.037052 0.089183 0.005682 0.043837 0.026300 0.158204 0.000000 0.001177 0.000000 0.000000 0.000002 0.000000 0.000000 0.000000 0.000000 0.000022 0.000000 0.000440 0.000203 0.000091 0.000531 0.000037 0.000243 0.000068 0.000024 0.000063 0.000684 0.000066 0.000347 0.000493 0.000053 0.000041 0.000027 0.000004 0.000015 0.000011 0.000000 0.000013 0.000000 0.000000 0.000000 0.000000 0.000003 0.000002 0.000010 0.000000 0.000001 0.000002
0.000011 0.000046 0.000300 0.000012 0.001680 0.000001 0.000002 0.000034 0.000001 0.000041 0.000133 0.000108 0.000225 0.032029 0.008160 0.008226 0.020352 0.004841 0.002471 0.003594 0.000000 0.000001 0.000006 0.000000 0.000000 0.000001 0.000000 0.000096 0.000063 0.000007 0.000005 0.000004 0.000002 0.000004 0.000009 0.000012 0.000004 0.000009 0.000051 0.000039 0.000019 0.000005 0.000002 0.000002 0.000001 0.000002 0.000004 0.000004 0.000001 0.000005 0.000020 0.000039 0.000010 0.000666 0.000019 0.001615 0.001216 0.000043 0.000000 0.000035 0.000087 0.000006 0.000003 0.000004 0.000003 0.000005 0.000003 0.000004 0.000002 0.000010 0.000009 0.000001 0.000009 0.000001 0.000004 0.000001 0.000002 0.000004 0.000002 0.000001 0.000005 0.000004 0.000001 0.000006 0.000001 0.000001 0.000001 0.000000 0.000000 0.000028 0.001823 0.000000 0.000001 0.000000 0.000001 0.000000 0.000003 0.000003 0.000006 0.000001 0.000000 0.000000 0.000000 0.000000 0.000001 0.000000 0.000000 0.000000 0.000000 0.000002 0.000468 0.000001 0.000000 0.000000 0.000000 0.000000 0.000000 0.000000 0.000000 0.000001 0.000000 0.000001 0.000000 0.000000 0.000000 0.000000 0.000000 0.000000 0.000000 0.000000 0.000000 0.000002 0.000000 0.000000 0.000001 0.000000 0.000000 0.000000 0.000000 0.000001 0.000000 0.000000 0.000000 0.000000 0.000000 0.000000 0.000000 0.000000 0.000002 0.000001 0.000000 0.000000 0.000000 0.000000 0.000000 0.000000 0.000000 0.000002 0.000000 0.000000 0.000000 0.000000 0.006622 0.055708 0.001409 0.000066 0.000872 0.024953 0.040985 0.001177 0.000000 0.000000 0.000001 0.000000 0.000000 0.000000 0.000000 0.000024 0.000000 0.000000 0.000024 0.000098 0.000013 0.001713 0.000016 0.000026 0.000383 0.000000 0.000086 0.002074 0.000148 0.000409 0.000021 0.000034 0.000116 0.000000 0.000005 0.000000 0.000003 0.000000 0.000005 0.000000 0.000000 0.000000 0.000005 0.000003 0.000001 0.000001 0.000009 0.000008 0.000007
0.000076 0.000187 0.000340 0.000328 0.000114 0.014485 0.354291 0.071250 0.067492 0.062879 0.001163 0.000219 0.000427 0.000007 0.000091 0.000043 0.000049 0.000007 0.000001 0.000007 0.074146 0.264619 0.051666 0.047641 0.051475 0.006070 0.008027 0.000002 0.000012 0.000011 0.000010 0.000013 0.000007 0.000008 0.000015 0.000011 0.000009 0.000012 0.000029 0.000026 0.000056 0.000076 0.000050 0.000023 0.000016 0.000028 0.000046 0.000028 0.000014 0.000036 0.000051 0.000275 0.000004 0.000214 0.000895 0.000004 0.000874 0.000010 0.000524 0.002051 0.028151 0.001032 0.000015 0.000032 0.000046 0.000041 0.000011 0.000040 0.000054 0.000002 0.000009 0.000022 0.000018 0.000001 0.000002 0.000024 0.000014 0.000115 0.000003 0.000007 0.000044 0.000003 0.000010 0.000031 0.000001 0.000019 0.000013 0.000004 0.000014 0.000037 0.000011 0.000024 0.000025 0.000003 0.000002 0.000030 0.000250 0.000135 0.000064 0.000003 0.000110 0.000084 0.000008 0.000020 0.000027 0.000007 0.000003 0.000003 0.000004 0.000105 0.000011 0.000005 0.003460 0.001046 0.001505 0.001403 0.001830 0.000797 0.000094 0.000073 0.000131 0.000053 0.000253 0.000109 0.000022 0.000049 0.002177 0.000572 0.000576 0.000036 0.000186 0.000095 0.000070 0.030076 0.000065 0.000037 0.000090 0.000091 0.000099 0.014938 0.329423 0.000122 0.000132 0.000130 0.006281 0.000414 0.000243 0.001503 0.000715 0.000336 0.000324 0.000076 0.000173 0.001424 0.000067 0.009226 0.000377 0.000508 0.027756 0.031779 0.002273 0.000301 0.000018 0.000014 0.000056 0.000002 0.000015 0.000008 0.000008 0.000000 0.000000 0.000000 0.358261 0.372729 0.001000 0.046846 0.129262 0.065289 0.107984 0.004735 0.000020 0.000038 0.000026 0.000082 0.000003 0.000153 0.000014 0.000001 0.000039 0.000069 0.000063 0.000207 0.000020 0.000028 0.000074 0.003289 0.001848 0.002745 0.054616 0.000890 0.004164 0.002351 0.000078 0.000003 0.002300 0.050828 0.001377 0.062925 0.004308 0.001379 0.001890
0.000030 0.000145 0.000374 0.000292 0.000151 0.003005 0.084539 0.056260 0.047423 0.044480 0.001132 0.000466 0.000831 0.000003 0.000025 0.000021 0.000033 0.000007 0.000000 0.000001 0.024966 0.027666 0.011908 0.025487 0.037094 0.007856 0.007157 0.000007 0.000020 0.000022 0.000019 0.000018 0.000010 0.000013 0.000025 0.000018 0.000011 0.000030 0.000072 0.000102 0.000114 0.000096 0.000066 0.000028 0.000020 0.000037 0.000072 0.000050 0.000020 0.000061 0.000113 0.000790 0.000006 0.002499 0.001397 0.000003 0.001367 0.000006 0.000731 0.002607 0.045070 0.001929 0.000006 0.000012 0.000021 0.000018 0.000004 0.000014 0.000026 0.000002 0.000004 0.000007 0.000010 0.000001 0.000001 0.000009 0.000005 0.000056 0.000001 0.000002 0.000016 0.000002 0.000006 0.000013 0.000000 0.000011 0.000005 0.000001 0.000003 0.000010 0.000005 0.000009 0.000012 0.000000 0.000001 0.000005 0.000118 0.000057 0.000026 0.000000 0.000039 0.000016 0.000003 0.000009 0.000013 0.000002 0.000001 0.000003 0.000001 0.000044 0.000005 0.000001 0.000758 0.000443 0.000565 0.000500 0.000639 0.000426 0.000025 0.000036 0.000081 0.000041 0.000114 0.000106 0.000010 0.000019 0.000365 0.000151 0.000245 0.000010 0.000085 0.000037 0.000020 0.002207 0.000032 0.000010 0.000019 0.000013 0.000023 0.001830 0.010694 0.000054 0.000017 0.000022 0.000441 0.000148 0.000040 0.000183 0.000265 0.000131 0.000064 0.000017 0.000060 0.000210 0.000014 0.000608 0.000048 0.000186 0.002634 0.001410 0.000314 0.000039 0.000015 0.000032 0.000047 0.000004 0.000034 0.000003 0.000009 0.000000 0.000001 0.358261 0.000000 0.447888 0.002278 0.087649 0.305543 0.197025 0.076873 0.079311 0.000025 0.000029 0.000020 0.000052 0.000003 0.000174 0.000004 0.000001 0.000013 0.000036 0.000035 0.000098 0.000029 0.000021 0.000048 0.003072 0.001747 0.001305 0.026391 0.000614 0.003698 0.002156 0.000206 0.000000 0.001154 0.029954 0.000737 0.024941 0.005183 0.000849 0.001417
0.000065 0.000532 0.002130 0.000942 0.000516 0.006676 0.063484 0.140285 0.127511 0.113121 0.002541 0.001346 0.003666 0.000013 0.000069 0.000163 0.000102 0.000002 0.000002 0.000001 0.006579 0.018462 0.062968 0.176480 0.144389 0.038794 0.008326 0.000309 0.000433 0.000227 0.000134 0.000103 0.000057 0.000085 0.000132 0.000111 0.000070 0.000158 0.000677 0.003816 0.003175 0.001204 0.000303 0.000188 0.000162 0.000260 0.000370 0.000221 0.000118 0.000420 0.001203 0.003834 0.000122 0.004497 0.016262 0.000119 0.006074 0.000075 0.007349 0.011997 0.214610 0.009937 0.000013 0.000018 0.000031 0.000037 0.000009 0.000023 0.000052 0.000006 0.000011 0.000019 0.000029 0.000000 0.000003 0.000018 0.000011 0.000115 0.000002 0.000003 0.000029 0.000005 0.000010 0.000034 0.000001 0.000018 0.000009 0.000001 0.000007 0.000014 0.000012 0.000018 0.000022 0.000001 0.000002 0.000000 0.000363 0.000126 0.000062 0.000003 0.000096 0.000001 0.000008 0.000014 0.000023 0.000001 0.000003 0.000001 0.000000 0.000126 0.000010 0.000004 0.000736 0.000759 0.001258 0.000809 0.001403 0.000988 0.000067 0.000090 0.000215 0.000107 0.000221 0.000315 0.000011 0.000039 0.000517 0.000393 0.000666 0.000032 0.000216 0.000088 0.000035 0.001048 0.000065 0.000028 0.000043 0.000016 0.000019 0.000399 0.004139 0.000141 0.000015 0.000033 0.000262 0.000406 0.000086 0.000015 0.000558 0.000357 0.000159 0.000039 0.000132 0.000026 0.000009 0.000096 0.000007 0.000588 0.001198 0.000740 0.000415 0.000070 0.000083 0.000131 0.001619 0.000142 0.000908 0.000107 0.000106 0.000002 0.000000 0.372729 0.447888 0.000000 0.012742 0.592794 0.181766 0.111010 0.117911 0.002273 0.000133 0.000448 0.000212 0.000420 0.000043 0.000738 0.000166 0.000027 0.000296 0.000446 0.000288 0.000301 0.000199 0.000147 0.000447 0.068715 0.013419 0.048837 0.207817 0.008573 0.025977 0.039909 0.008326 0.000116 0.023296 0.214006 0.016174 0.194092 0.041956 0.006689 0.009859
0.000006 0.000024 0.000092 0.000005 0.000091 0.000194 0.000484 0.003490 0.000780 0.009198 0.000467 0.000250 0.000688 0.000002 0.000010 0.000035 0.000021 0.000000 0.000000 0.000000 0.000399 0.000294 0.004530 0.003196 0.000337 0.000355 0.000151 0.000213 0.000102 0.000044 0.000028 0.000018 0.000010 0.000016 0.000027 0.000021 0.000010 0.000026 0.000122 0.002218 0.000628 0.000226 0.000042 0.000035 0.000027 0.000043 0.000067 0.000043 0.000025 0.000067 0.000245 0.001104 0.000040 0.002692 0.000027 0.000079 0.000607 0.000017 0.000563 0.004000 0.036854 0.002558 0.000002 0.000002 0.000003 0.000006 0.000000 0.000005 0.000009 0.000001 0.000003 0.000004 0.000008 0.000000 0.000001 0.000003 0.000003 0.000024 0.000000 0.000000 0.000010 0.000002 0.000003 0.000006 0.000000 0.000005 0.000002 0.000000 0.000001 0.000008 0.000002 0.000003 0.000005 0.000000 0.000001 0.000000 0.000082 0.000030 0.000014 0.000001 0.000021 0.000000 0.000001 0.000003 0.000005 0.000001 0.000001 0.000000 0.000000 0.000017 0.000002 0.000001 0.000046 0.000067 0.000145 0.000082 0.000150 0.000133 0.000029 0.000044 0.000097 0.000057 0.000035 0.000041 0.000005 0.000020 0.000042 0.000056 0.000129 0.000014 0.000069 0.000037 0.000014 0.000037 0.000035 0.000009 0.000014 0.000002 0.000006 0.000090 0.000008 0.000030 0.000001 0.000010 0.000010 0.000097 0.000014 0.000001 0.000101 0.000058 0.000030 0.000008 0.000028 0.000000 0.000002 0.000001 0.000001 0.000114 0.000023 0.000011 0.000029 0.000011 0.000004 0.000004 0.000010 0.000056 0.000127 0.000003 0.000028 0.000000 0.000000 0.001000 0.002278 0.012742 0.000000 0.148402 0.006499 0.004673 0.000628 0.000029 0.000026 0.000079 0.000012 0.000111 0.000004 0.000062 0.000053 0.000150 0.000064 0.000075 0.000053 0.000041 0.000025 0.000033 0.000088 0.002179 0.001601 0.000569 0.016587 0.000330 0.000926 0.008000 0.004517 0.000000 0.001258 0.009695 0.001546 0.002875 0.002261 0.000467 0.001440
0.000080 0.000212 0.001116 0.000256 0.000993 0.008525 0.010433 0.028367 0.091831 0.127253 0.003666 0.001374 0.006654 0.000013 0.000046 0.000132 0.000107 0.000013 0.000004 0.000005 0.005722 0.002841 0.024891 0.031345 0.017030 0.014116 0.004387 0.001556 0.000863 0.000370 0.000154 0.000095 0.000074 0.000123 0.000158 0.000138 0.000095 0.000265 0.001228 0.024835 0.008604 0.001555 0.000271 0.000171 0.000178 0.000310 0.000432 0.000222 0.000158 0.000756 0.002904 0.025741 0.000608 0.019112 0.003712 0.000750 0.008067 0.000359 0.011634 0.042196 0.654561 0.030458 0.000007 0.000013 0.000022 0.000026 0.000004 0.000016 0.000036 0.000006 0.000017 0.000015 0.000025 0.000001 0.000004 0.000011 0.000009 0.000077 0.000001 0.000002 0.000027 0.000011 0.000009 0.000026 0.000003 0.000018 0.000019 0.000004 0.000016 0.000153 0.000006 0.000010 0.000016 0.000002 0.000002 0.000002 0.000247 0.000096 0.000049 0.000006 0.000063 0.000002 0.000006 0.000010 0.000018 0.000005 0.000003 0.000001 0.000001 0.000082 0.000007 0.000004 0.000293 0.000416 0.000737 0.000410 0.000836 0.000597 0.000064 0.000125 0.000218 0.000187 0.000107 0.000118 0.000015 0.000054 0.000220 0.000214 0.000427 0.000028 0.000172 0.000165 0.000027 0.000276 0.000096 0.000108 0.000035 0.000019 0.000061 0.001667 0.000451 0.000095 0.000020 0.000038 0.000060 0.000295 0.000061 0.000012 0.000460 0.000237 0.000103 0.000069 0.000099 0.000015 0.000029 0.000025 0.000011 0.000397 0.000171 0.000117 0.000156 0.000038 0.000026 0.000061 0.000462 0.000244 0.001027 0.000074 0.000533 0.000000 0.000000 0.046846 0.087649 0.592794 0.148402 0.000000 0.241994 0.190285 0.062601 0.003935 0.000851 0.000816 0.000313 0.000615 0.000095 0.001325 0.000274 0.000332 0.000372 0.000561 0.000325 0.000354 0.000589 0.000401 0.000712 0.103242 0.028192 0.026552 0.134952 0.010548 0.035558 0.037802 0.046243 0.000104 0.014637 0.100871 0.012902 0.055767 0.105080 0.011175 0.011557
0.000043 0.000143 0.000748 0.000162 0.000563 0.004401 0.014100 0.026857 0.048973 0.130046 0.003177 0.001603 0.004561 0.000013 0.000033 0.000041 0.000052 0.000007 0.000006 0.000003 0.020395 0.008603 0.016902 0.061924 0.084881 0.027749 0.013164 0.000103 0.000256 0.000181 0.000109 0.000089 0.000059 0.000088 0.000131 0.000101 0.000059 0.000163 0.000436 0.001352 0.001798 0.000715 0.000182 0.000144 0.000130 0.000220 0.000347 0.000197 0.000119 0.000401 0.000859 0.004716 0.000092 0.012726 0.000487 0.000077 0.001832 0.000068 0.001784 0.010392 0.225108 0.009555 0.000008 0.000012 0.000011 0.000020 0.000003 0.000018 0.000026 0.000005 0.000010 0.000011 0.000021 0.000001 0.000002 0.000010 0.000007 0.000059 0.000001 0.000001 0.000018 0.000007 0.000005 0.000016 0.000001 0.000012 0.000007 0.000002 0.000009 0.000074 0.000005 0.000010 0.000012 0.000001 0.000002 0.000000 0.000172 0.000070 0.000025 0.000002 0.000050 0.000001 0.000004 0.000008 0.000012 0.000001 0.000002 0.000001 0.000001 0.000054 0.000009 0.000002 0.000339 0.000409 0.000666 0.000415 0.000811 0.000505 0.000037 0.000069 0.000103 0.000088 0.000126 0.000130 0.000013 0.000030 0.000278 0.000209 0.000318 0.000021 0.000117 0.000097 0.000019 0.000517 0.000059 0.000038 0.000026 0.000011 0.000021 0.001991 0.001787 0.000068 0.000008 0.000031 0.000085 0.000206 0.000049 0.000006 0.000282 0.000190 0.000081 0.000036 0.000073 0.000015 0.000012 0.000063 0.000005 0.000286 0.000385 0.000221 0.000192 0.000027 0.000006 0.000016 0.000041 0.000013 0.000068 0.000050 0.000099 0.000000 0.000000 0.129262 0.305543 0.181766 0.006499 0.241994 0.000000 0.590384 0.064989 0.028340 0.000108 0.000266 0.000083 0.000243 0.000026 0.000707 0.000031 0.000007 0.000106 0.000178 0.000092 0.000182 0.000135 0.000161 0.000350 0.022945 0.009713 0.010672 0.093633 0.004148 0.019453 0.009967 0.002577 0.000006 0.007797 0.099381 0.004609 0.114823 0.033414 0.005631 0.006286
0.000072 0.000160 0.000946 0.000412 0.001224 0.006081 0.010973 0.007886 0.124488 0.177783 0.005963 0.001809 0.004137 0.000032 0.000033 0.000058 0.000105 0.000023 0.000021 0.000005 0.061604 0.027897 0.061487 0.129433 0.030293 0.011243 0.008605 0.000236 0.000441 0.000252 0.000110 0.000102 0.000077 0.000086 0.000160 0.000128 0.000075 0.000174 0.000546 0.002131 0.002399 0.000664 0.000159 0.000135 0.000118 0.000200 0.000357 0.000235 0.000108 0.000450 0.001025 0.007326 0.000307 0.061240 0.000486 0.000725 0.010415 0.000172 0.002908 0.061337 0.782917 0.006508 0.000006 0.000009 0.000018 0.000021 0.000004 0.000013 0.000025 0.000008 0.000019 0.000013 0.000023 0.000001 0.000003 0.000009 0.000008 0.000054 0.000002 0.000005 0.000021 0.000010 0.000006 0.000018 0.000002 0.000012 0.000016 0.000002 0.000016 0.000420 0.000004 0.000009 0.000014 0.000001 0.000003 0.000001 0.000175 0.000064 0.000034 0.000003 0.000048 0.000003 0.000003 0.000006 0.000011 0.000002 0.000004 0.000000 0.000000 0.000055 0.000011 0.000002 0.000257 0.000338 0.000593 0.000380 0.000727 0.000488 0.000081 0.000202 0.000166 0.000227 0.000073 0.000112 0.000030 0.000093 0.000203 0.000163 0.000272 0.000035 0.000108 0.000171 0.000022 0.000638 0.000095 0.000077 0.000025 0.000014 0.000028 0.007027 0.002021 0.000061 0.000012 0.000055 0.000063 0.000172 0.000045 0.000014 0.000314 0.000181 0.000072 0.000058 0.000070 0.000037 0.000020 0.000251 0.000009 0.000278 0.000503 0.000189 0.000112 0.000029 0.000010 0.000006 0.000095 0.000200 0.000645 0.000115 0.002134 0.000000 0.000024 0.065289 0.197025 0.111010 0.004673 0.190285 0.590384 0.000000 0.167531 0.133369 0.000508 0.000403 0.000233 0.000700 0.000082 0.000845 0.000108 0.000084 0.000234 0.000470 0.000231 0.000331 0.000450 0.000216 0.000547 0.037352 0.010898 0.011276 0.080787 0.004045 0.016522 0.018618 0.003626 0.000006 0.009168 0.063562 0.010294 0.039641 0.042879 0.004811 0.009326
0.000064 0.000004 0.000003 0.000109 0.000008 0.002253 0.050791 0.001470 0.060940 0.002157 0.000031 0.000014 0.000025 0.000000 0.000004 0.000002 0.000004 0.000002 0.000000 0.000000 0.000234 0.001840 0.001375 0.000461 0.000328 0.000247 0.000150 0.000000 0.000001 0.000000 0.000000 0.000000 0.000000 0.000000 0.000000 0.000000 0.000000 0.000001 0.000003 0.000003 0.000001 0.000000 0.000001 0.000000 0.000000 0.000001 0.000001 0.000001 0.000000 0.000002 0.000002 0.000163 0.000000 0.000231 0.000054 0.000000 0.000123 0.000001 0.000219 0.001353 0.017488 0.000370 0.000000 0.000000 0.000002 0.000001 0.000000 0.000001 0.000001 0.000000 0.000000 0.000000 0.000000 0.000000 0.000000 0.000001 0.000000 0.000004 0.000000 0.000000 0.000001 0.000000 0.000000 0.000001 0.000000 0.000000 0.000000 0.000001 0.000006 0.000031 0.000000 0.000001 0.000000 0.000000 0.000000 0.000007 0.000011 0.000003 0.000006 0.000000 0.000002 0.000060 0.000000 0.000001 0.000001 0.000001 0.000000 0.000000 0.000000 0.000002 0.000000 0.000000 0.000071 0.000027 0.000035 0.000030 0.000047 0.000022 0.000006 0.000013 0.000027 0.000009 0.000020 0.000034 0.000012 0.000002 0.000035 0.000011 0.000016 0.000006 0.000010 0.000006 0.000009 0.010644 0.000008 0.000004 0.000006 0.000003 0.000078 0.018093 0.008280 0.000007 0.000001 0.000004 0.000055 0.000008 0.000004 0.000103 0.000058 0.000011 0.000003 0.000002 0.000008 0.001403 0.000003 0.009551 0.000016 0.000024 0.000189 0.000761 0.000028 0.000004 0.000004 0.000000 0.000009 0.000000 0.000000 0.000000 0.000000 0.000022 0.000000 0.107984 0.076873 0.117911 0.000628 0.062601 0.064989 0.167531 0.000000 0.001530 0.000014 0.000005 0.000023 0.000001 0.000000 0.000025 0.000000 0.000000 0.000000 0.000016 0.000000 0.000009 0.000002 0.000000 0.000009 0.000534 0.000150 0.000232 0.001350 0.000065 0.000248 0.000123 0.000258 0.000000 0.000101 0.001059 0.000063 0.000509 0.000545 0.000040 0.000044
0.000001 0.000003 0.000026 0.000004 0.000026 0.000004 0.000032 0.000158 0.000015 0.001441 0.000343 0.000137 0.000167 0.000000 0.000001 0.000001 0.000000 0.000000 0.000000 0.000000 0.040313 0.008865 0.004497 0.011741 0.006891 0.003125 0.005193 0.000000 0.000000 0.000003 0.000001 0.000001 0.000001 0.000001 0.000002 0.000004 0.000002 0.000003 0.000024 0.000078 0.000075 0.000006 0.000083 0.000001 0.000001 0.000002 0.000006 0.000008 0.000001 0.000012 0.000046 0.000524 0.000003 0.010394 0.000000 0.000007 0.000018 0.000004 0.000012 0.001788 0.001969 0.000058 0.000000 0.000000 0.000000 0.000000 0.000000 0.000000 0.000001 0.000000 0.000000 0.000000 0.000000 0.000000 0.000000 0.000000 0.000000 0.000000 0.000000 0.000000 0.000000 0.000000 0.000000 0.000000 0.000000 0.000000 0.000000 0.000000 0.000000 0.000001 0.000000 0.000000 0.000000 0.000000 0.000000 0.000000 0.000000 0.000000 0.000000 0.000000 0.000001 0.000000 0.000000 0.000000 0.000000 0.000000 0.000000 0.000000 0.000000 0.000000 0.000000 0.000000 0.000001 0.000001 0.000002 0.000001 0.000014 0.000003 0.000001 0.000002 0.000004 0.000002 0.000001 0.000003 0.000000 0.000000 0.000001 0.000000 0.000003 0.000000 0.000002 0.000001 0.000000 0.000001 0.000002 0.000000 0.000000 0.000000 0.000000 0.000019 0.001571 0.000001 0.000000 0.000000 0.000000 0.000000 0.000000 0.000000 0.000003 0.000002 0.000000 0.000000 0.000001 0.000000 0.000000 0.000000 0.000000 0.000003 0.000378 0.000000 0.000000 0.000000 0.000001 0.000000 0.000000 0.000000 0.000000 0.000000 0.000001 0.000000 0.000000 0.004735 0.079311 0.002273 0.000029 0.003935 0.028340 0.133369 0.001530 0.000000 0.000001 0.000002 0.000000 0.000002 0.000000 0.000003 0.000000 0.000000 0.000000 0.000000 0.000002 0.000002 0.000000 0.000001 0.000004 0.000012 0.000044 0.000014 0.001675 0.000006 0.000011 0.000187 0.000019 0.000000 0.000057 0.003443 0.000047 0.000501 0.000025 0.000029 0.000081
0.103936 0.012815 0.030593 0.122655 0.105725 0.000682 0.000143 0.000799 0.012124 0.002045 0.003699 0.000769 0.004694 0.000499 0.023342 0.165535 0.234193 0.087592 0.009357 0.002349 0.000089 0.000164 0.000405 0.000715 0.000216 0.000214 0.000044 0.003730 0.002466 0.000606 0.000152 0.000074 0.000076 0.000158 0.000161 0.000153 0.000127 0.000562 0.002102 0.001413 0.001048 0.000189 0.000045 0.000032 0.000030 0.000057 0.000099 0.000050 0.000035 0.000189 0.000640 0.001580 0.072334 0.030446 0.141326 0.149779 0.883412 0.051622 0.003252 0.001170 0.032137 0.000455 0.000265 0.000296 0.000377 0.000600 0.000359 0.000534 0.000395 0.000124 0.000217 0.000204 0.000273 0.000013 0.000066 0.000159 0.000237 0.000691 0.000061 0.000129 0.000449 0.000146 0.000216 0.000608 0.000165 0.000141 0.000166 0.000188 0.000233 0.001514 0.000442 0.000162 0.000293 0.000175 0.000053 0.000499 0.000649 0.000445 0.000586 0.000083 0.000149 0.000109 0.000129 0.000204 0.000479 0.000224 0.000085 0.000271 0.000438 0.000473 0.000273 0.000086 0.000022 0.000023 0.000021 0.000034 0.000232 0.000029 0.000012 0.000015 0.000039 0.000033 0.000039 0.000013 0.000005 0.000008 0.000012 0.000011 0.000126 0.000022 0.000132 0.000018 0.000024 0.000019 0.000155 0.000041 0.000042 0.000031 0.000150 0.000215 0.000003 0.000045 0.000020 0.000007 0.000008 0.000053 0.000012 0.000034 0.000504 0.000161 0.000026 0.000021 0.000224 0.000089 0.000040 0.000005 0.000009 0.000158 0.000009 0.000005 0.000028 0.000017 0.003875 0.004567 0.061528 0.030897 0.059799 0.018571 0.026051 0.000440 0.000024 0.000020 0.000025 0.000133 0.000026 0.000851 0.000108 0.000508 0.000014 0.000001 0.000000 0.019322 0.570072 0.008759 0.014985 0.393187 0.000389 0.009889 0.055965 0.016562 0.012393 0.235062 0.389014 0.014103 0.004988 0.127026 0.000602 0.023103 0.000300 0.004660 0.028659 0.000223 0.000091 0.000000 0.003557 0.000379 0.000123 0.004181 0.018833 0.000418 0.000530
0.251949 0.077171 0.153011 0.012934 0.137079 0.002654 0.001596 0.006171 0.000293 0.009669 0.034180 0.025847 0.071992 0.001029 0.004566 0.013800 0.012598 0.003076 0.000483 0.000289 0.000079 0.000202 0.000704 0.000599 0.000030 0.000004 0.000022 0.059398 0.094644 0.023207 0.006146 0.002694 0.002846 0.006303 0.005989 0.005864 0.004369 0.017124 0.040294 0.008154 0.013698 0.004900 0.001158 0.000738 0.000558 0.001055 0.001691 0.001027 0.000665 0.002697 0.005779 0.001983 0.042470 0.041199 0.030749 0.029324 0.206404 0.030722 0.000674 0.000648 0.007963 0.001303 0.000673 0.001148 0.000854 0.003528 0.000354 0.000357 0.001524 0.055977 0.105244 0.004442 0.018739 0.004159 0.027065 0.001396 0.002331 0.016802 0.013785 0.019876 0.059780 0.048254 0.012147 0.003769 0.009690 0.022702 0.037275 0.005085 0.009283 0.000739 0.000315 0.001154 0.007796 0.004432 0.011159 0.002524 0.006039 0.016916 0.013254 0.009977 0.003642 0.000404 0.000535 0.001840 0.007330 0.006657 0.009914 0.002028 0.003812 0.002676 0.000512 0.000844 0.000030 0.000027 0.000157 0.000045 0.000277 0.000096 0.000789 0.000391 0.000810 0.003529 0.000421 0.000230 0.000126 0.000276 0.000089 0.000125 0.001079 0.000273 0.002292 0.001723 0.000303 0.000358 0.007932 0.005110 0.000610 0.000544 0.004021 0.000107 0.000027 0.000681 0.000372 0.000718 0.000094 0.000507 0.000877 0.000224 0.007245 0.001860 0.000393 0.001077 0.003391 0.000499 0.000821 0.000019 0.000165 0.000876 0.000039 0.000047 0.000257 0.000165 0.001878 0.002445 0.015790 0.009819 0.024386 0.010422 0.012110 0.000203 0.000098 0.000038 0.000029 0.000448 0.000079 0.000816 0.000266 0.000403 0.000005 0.000002 0.019322 0.000000 0.014135 0.056687 0.022613 0.048163 0.010650 0.009089 0.029280 0.030227 0.034938 0.046840 0.115108 0.123112 0.159153 0.000801 0.015870 0.000457 0.001930 0.001630 0.005191 0.003120 0.000253 0.000001 0.003343 0.003895 0.001797 0.003304 0.005484 0.007886 0.016480
0.112272 0.015034 0.019449 0.043142 0.031813 0.004719 0.000432 0.000604 0.006286 0.000902 0.000866 0.000261 0.001511 0.000434 0.039675 0.232833 0.287565 0.042879 0.003617 0.001559 0.000033 0.000105 0.000312 0.000236 0.000037 0.000023 0.000017 0.000858 0.000834 0.000226 0.000067 0.000038 0.000034 0.000055 0.000059 0.000059 0.000047 0.000184 0.000515 0.000307 0.000240 0.000073 0.000020 0.000017 0.000013 0.000025 0.000044 0.000023 0.000018 0.000059 0.000167 0.000388 0.009389 0.003258 0.012145 0.022066 0.126807 0.009589 0.000816 0.000363 0.005829 0.000234 0.000582 0.000816 0.000894 0.001885 0.000556 0.000703 0.001093 0.003513 0.004109 0.001477 0.002028 0.000176 0.002056 0.000514 0.000819 0.003426 0.000700 0.001530 0.003893 0.003457 0.001854 0.001461 0.001864 0.002350 0.003567 0.001878 0.002416 0.000340 0.000668 0.000550 0.001627 0.001543 0.000972 0.001161 0.002714 0.002758 0.031061 0.001910 0.000839 0.000174 0.000391 0.001043 0.002516 0.002001 0.001535 0.000765 0.001431 0.001692 0.000546 0.000444 0.000016 0.000015 0.000069 0.000033 0.000234 0.000056 0.001387 0.000795 0.000348 0.002704 0.000132 0.000073 0.000080 0.000436 0.000030 0.000050 0.000473 0.000276 0.000601 0.000953 0.000116 0.000110 0.024528 0.000865 0.000143 0.000216 0.001309 0.000046 0.000010 0.000217 0.000143 0.000201 0.000028 0.000222 0.000170 0.000114 0.061283 0.000785 0.000129 0.000240 0.001087 0.000298 0.000287 0.000013 0.000048 0.000537 0.000015 0.000017 0.000077 0.000048 0.003691 0.002143 0.043137 0.009047 0.018237 0.008038 0.008840 0.000091 0.000013 0.000026 0.000020 0.000212 0.000012 0.000313 0.000083 0.000233 0.000023 0.000000 0.570072 0.014135 0.000000 0.011011 0.011009 0.186406 0.000783 0.002178 0.082022 0.013238 0.115189 0.344059 0.120972 0.048984 0.012518 0.039931 0.000786 0.169503 0.000227 0.001385 0.014118 0.000187 0.000027 0.000008 0.016317 0.000343 0.005324 0.008234 0.006830 0.001560 0.000839
0.013524 0.168504 0.027067 0.006897 0.459374 0.000802 0.001289 0.003491 0.000224 0.005198 0.033669 0.010574 0.022236 0.012788 0.113862 0.280204 0.165704 0.019759 0.007137 0.003767 0.000350 0.000662 0.001363 0.000910 0.000081 0.000020 0.000036 0.008092 0.027676 0.016019 0.002861 0.001293 0.000990 0.001516 0.001616 0.001449 0.001058 0.002840 0.007813 0.002411 0.006780 0.002560 0.000551 0.000433 0.000325 0.000602 0.000965 0.000630 0.000369 0.001209 0.002640 0.000342 0.001921 0.007016 0.001449 0.034966 0.330080 0.004317 0.000230 0.000703 0.008983 0.000310 0.015517 0.018757 0.017948 0.029375 0.009256 0.003734 0.009022 0.003250 0.004496 0.003778 0.009239 0.000402 0.000933 0.007432 0.014811 0.015499 0.001404 0.002493 0.010258 0.001575 0.003180 0.030258 0.000702 0.001739 0.001176 0.000282 0.000381 0.003940 0.005475 0.002299 0.004510 0.000522 0.000928 0.000135 0.011322 0.006845 0.008506 0.000526 0.002448 0.000030 0.003285 0.004322 0.009018 0.000270 0.001420 0.001057 0.000208 0.008207 0.006344 0.001140 0.000107 0.000119 0.000336 0.000233 0.001447 0.000376 0.000066 0.000094 0.000229 0.000254 0.000461 0.000113 0.000020 0.000046 0.000137 0.000157 0.002233 0.000072 0.001718 0.000150 0.000133 0.000191 0.000987 0.000228 0.000310 0.000028 0.000185 0.000397 0.000052 0.000553 0.000022 0.000052 0.000114 0.000768 0.000054 0.000011 0.005060 0.003482 0.000393 0.000058 0.003650 0.000023 0.000041 0.000007 0.000010 0.002795 0.000094 0.000077 0.000292 0.000167 0.035456 0.019667 0.162556 0.030098 0.105982 0.073401 0.148248 0.000531 0.001713 0.000082 0.000052 0.000420 0.000111 0.000615 0.000243 0.000700 0.000001 0.000002 0.008759 0.056687 0.011011 0.000000 0.012369 0.025620 0.061538 0.001382 0.069788 0.369149 0.099584 0.264332 0.022656 0.027640 0.124314 0.000498 0.008735 0.000394 0.003009 0.001085 0.003671 0.003092 0.000126 0.000003 0.003635 0.005120 0.001706 0.004229 0.002366 0.002732 0.011061
0.100244 0.024574 0.042139 0.006937 0.022220 0.000812 0.000397 0.000748 0.000057 0.000769 0.002816 0.001846 0.005800 0.000186 0.006053 0.019046 0.013322 0.004637 0.000745 0.000186 0.000007 0.000025 0.000112 0.000117 0.000003 0.000000 0.000001 0.007761 0.009004 0.001845 0.000621 0.000263 0.000257 0.000572 0.000586 0.000592 0.000470 0.001868 0.004443 0.000730 0.001160 0.000434 0.000120 0.000067 0.000048 0.000086 0.000147 0.000085 0.000059 0.000229 0.000532 0.000366 0.011486 0.008946 0.009452 0.009756 0.056183 0.007801 0.000163 0.000154 0.001640 0.000120 0.000253 0.000296 0.000291 0.000577 0.000173 0.000102 0.000259 0.001603 0.003722 0.000196 0.000665 0.000191 0.001133 0.000182 0.000298 0.000793 0.000257 0.000398 0.001260 0.005922 0.000287 0.000842 0.004106 0.001356 0.009026 0.003740 0.005311 0.000369 0.000181 0.000122 0.000340 0.002800 0.001352 0.002396 0.000587 0.000666 0.000941 0.004501 0.000327 0.000385 0.000086 0.000174 0.000546 0.004826 0.002977 0.001836 0.003131 0.000472 0.000132 0.000077 0.000003 0.000005 0.000020 0.000006 0.000044 0.000014 0.000052 0.000030 0.000045 0.000421 0.000034 0.000019 0.000013 0.000023 0.000011 0.000017 0.000096 0.000013 0.000114 0.000266 0.000018 0.000141 0.000525 0.001643 0.000029 0.000408 0.002684 0.000041 0.000003 0.000041 0.000269 0.000168 0.000012 0.000052 0.000270 0.000214 0.000436 0.000166 0.000029 0.000511 0.000215 0.000538 0.000579 0.000019 0.000098 0.000111 0.000005 0.000003 0.000023 0.000014 0.001187 0.001145 0.009200 0.003687 0.009096 0.004084 0.003646 0.000037 0.000016 0.000003 0.000003 0.000043 0.000004 0.000095 0.000026 0.000082 0.000000 0.000000 0.014985 0.022613 0.011009 0.012369 0.000000 0.028385 0.001009 0.003818 0.015977 0.012596 0.006731 0.035660 0.057616 0.029638 0.015776 0.000180 0.001483 0.000126 0.000269 0.000447 0.001231 0.000372 0.000026 0.000006 0.000579 0.000583 0.000271 0.000583 0.001155 0.001159 0.001670
0.371881 0.090462 0.180537 0.071259 0.125971 0.009586 0.001929 0.005527 0.005979 0.005856 0.016157 0.009614 0.028814 0.000709 0.021624 0.062139 0.084424 0.033197 0.002939 0.001751 0.000054 0.000321 0.000819 0.000797 0.000253 0.000074 0.000047 0.017585 0.026689 0.006671 0.002374 0.001243 0.001141 0.002469 0.002450 0.002599 0.001961 0.007171 0.012245 0.002525 0.004431 0.001680 0.000507 0.000332 0.000240 0.000444 0.000657 0.000399 0.000276 0.001258 0.002170 0.001723 0.029035 0.016569 0.026617 0.034876 0.282324 0.023344 0.000888 0.000720 0.013191 0.000742 0.000784 0.001007 0.000946 0.002162 0.000652 0.000609 0.000928 0.006100 0.011892 0.000843 0.002357 0.000557 0.003848 0.000676 0.001003 0.002760 0.000832 0.001213 0.004197 0.015566 0.001089 0.002607 0.009753 0.003521 0.020661 0.008878 0.012798 0.002475 0.000795 0.000475 0.001158 0.007008 0.003717 0.007905 0.001613 0.002025 0.005292 0.009706 0.000965 0.001318 0.000340 0.000655 0.001954 0.012117 0.006538 0.005152 0.009487 0.001369 0.000540 0.000272 0.000033 0.000060 0.000085 0.000051 0.000281 0.000062 0.000461 0.000229 0.000139 0.001550 0.000125 0.000073 0.000048 0.000139 0.000045 0.000060 0.000394 0.000052 0.000458 0.000952 0.000060 0.000373 0.004255 0.003874 0.000113 0.001021 0.006544 0.000329 0.000015 0.000138 0.000687 0.000464 0.000036 0.000184 0.000698 0.000694 0.020152 0.000568 0.000103 0.001203 0.000760 0.001685 0.001583 0.000072 0.000266 0.000392 0.000027 0.000018 0.000080 0.000044 0.005025 0.006096 0.028361 0.012253 0.028698 0.018867 0.017019 0.000243 0.000026 0.000153 0.000174 0.000738 0.000062 0.001325 0.000707 0.000845 0.000025 0.000003 0.393187 0.048163 0.186406 0.025620 0.028385 0.000000 0.001919 0.004655 0.033309 0.025971 0.015724 0.259891 0.168337 0.071359 0.048089 0.034041 0.005159 0.025364 0.000902 0.001937 0.028798 0.000883 0.000114 0.000005 0.002650 0.001655 0.000943 0.005256 0.009725 0.005300 0.006781
0.001773 0.005897 0.001626 0.000280 0.031046 0.000081 0.000103 0.000228 0.000014 0.000659 0.005503 0.000826 0.001404 0.000858 0.002077 0.010435 0.008948 0.000146 0.000056 0.000074 0.000013 0.000050 0.000210 0.000131 0.000007 0.000002 0.000004 0.005477 0.006111 0.003436 0.000248 0.000056 0.000043 0.000099 0.000094 0.000112 0.000081 0.000264 0.001118 0.001906 0.001773 0.000511 0.000078 0.000019 0.000021 0.000033 0.000053 0.000037 0.000023 0.000086 0.000300 0.000075 0.000304 0.001350 0.000235 0.005135 0.031772 0.000601 0.000031 0.000148 0.001029 0.000044 0.000636 0.001036 0.000940 0.002055 0.000310 0.000228 0.000856 0.000579 0.000851 0.000437 0.001141 0.000088 0.000165 0.000381 0.000801 0.001827 0.000316 0.000525 0.002032 0.000236 0.000691 0.000929 0.000083 0.000327 0.000183 0.000032 0.000051 0.000126 0.000097 0.000127 0.000572 0.000039 0.000116 0.000011 0.001336 0.001076 0.001129 0.000065 0.000306 0.000003 0.000116 0.000250 0.000866 0.000030 0.000128 0.000037 0.000020 0.000856 0.000361 0.000134 0.000006 0.000010 0.000029 0.000022 0.000100 0.000031 0.000014 0.000010 0.000047 0.000035 0.000047 0.000012 0.000003 0.000007 0.000009 0.000015 0.000194 0.000014 0.000181 0.000014 0.000025 0.000020 0.000174 0.000032 0.000043 0.000004 0.000024 0.000016 0.000004 0.000071 0.000003 0.000007 0.000010 0.000072 0.000007 0.000001 0.000601 0.000323 0.000043 0.000007 0.000362 0.000002 0.000005 0.000000 0.000002 0.000222 0.000006 0.000007 0.000029 0.000020 0.000798 0.000574 0.011790 0.006034 0.015013 0.002470 0.012105 0.000068 0.000383 0.000014 0.000004 0.000166 0.000053 0.000274 0.000031 0.000108 0.000000 0.000000 0.000389 0.010650 0.000783 0.061538 0.001009 0.001919 0.000000 0.000591 0.008297 0.018455 0.014408 0.007596 0.001773 0.002134 0.023142 0.000086 0.002262 0.000107 0.000481 0.000229 0.000517 0.001529 0.000074 0.000000 0.000854 0.001150 0.000422 0.000488 0.000283 0.000341 0.002108
0.005408 0.001946 0.007532 0.001878 0.006213 0.000053 0.000026 0.000196 0.000019 0.000248 0.000758 0.000629 0.002333 0.000019 0.000115 0.000731 0.000781 0.000170 0.000108 0.000026 0.000003 0.000002 0.000023 0.000027 0.000005 0.000000 0.000000 0.028265 0.004786 0.000578 0.000167 0.000073 0.000072 0.000160 0.000170 0.000199 0.000163 0.000641 0.002520 0.003109 0.000755 0.000146 0.000037 0.000021 0.000012 0.000028 0.000050 0.000030 0.000024 0.000100 0.000383 0.000654 0.025461 0.035512 0.037675 0.024660 0.121124 0.006024 0.000193 0.000412 0.003625 0.000122 0.000007 0.000009 0.000009 0.000022 0.000006 0.000002 0.000006 0.000121 0.000250 0.000007 0.000066 0.000012 0.000093 0.000006 0.000013 0.000025 0.000016 0.000033 0.000065 0.000271 0.000011 0.000030 0.000171 0.000066 0.000352 0.000136 0.000196 0.000143 0.000005 0.000004 0.000012 0.000092 0.000058 0.000130 0.000020 0.000021 0.000057 0.000156 0.000009 0.000024 0.000002 0.000004 0.000021 0.000172 0.000103 0.000110 0.000173 0.000015 0.000004 0.000003 0.000000 0.000000 0.000001 0.000000 0.000002 0.000001 0.000003 0.000002 0.000004 0.000021 0.000001 0.000001 0.000002 0.000002 0.000001 0.000001 0.000003 0.000002 0.000004 0.000015 0.000001 0.000004 0.000028 0.000053 0.000000 0.000014 0.000097 0.000028 0.000000 0.000001 0.000010 0.000006 0.000000 0.000002 0.000011 0.000009 0.000020 0.000004 0.000001 0.000020 0.000006 0.000022 0.000021 0.000001 0.000004 0.000003 0.000000 0.000000 0.000001 0.000000 0.000120 0.000316 0.011138 0.047988 0.040469 0.002108 0.002789 0.000024 0.000000 0.000001 0.000001 0.000027 0.000150 0.000332 0.000007 0.000084 0.000000 0.000000 0.009889 0.009089 0.002178 0.001382 0.003818 0.004655 0.000591 0.000000 0.001246 0.001251 0.001278 0.001518 0.013564 0.003631 0.003175 0.000332 0.000397 0.000037 0.000069 0.000064 0.000201 0.000294 0.000225 0.000000 0.000086 0.000125 0.000050 0.000050 0.000315 0.000193 0.000350
0.107410 0.028170 0.028635 0.005100 0.045316 0.001061 0.000815 0.001310 0.000131 0.002148 0.006973 0.002158 0.006091 0.000801 0.019263 0.070057 0.064820 0.011073 0.001151 0.000461 0.000046 0.000201 0.000756 0.000505 0.000030 0.000001 0.000010 0.006869 0.012741 0.004182 0.000747 0.000286 0.000285 0.000618 0.000555 0.000559 0.000398 0.001576 0.003619 0.001653 0.003516 0.001179 0.000180 0.000088 0.000082 0.000156 0.000208 0.000115 0.000087 0.000354 0.000820 0.000212 0.004466 0.003030 0.003690 0.007426 0.038681 0.004764 0.000156 0.000247 0.001992 0.000151 0.001614 0.002502 0.002201 0.005790 0.000868 0.000708 0.002738 0.012159 0.023980 0.002826 0.006464 0.000982 0.005767 0.001337 0.002430 0.009774 0.004152 0.007374 0.020033 0.013320 0.005463 0.003347 0.004470 0.008589 0.014552 0.003134 0.004719 0.000295 0.000581 0.000885 0.004316 0.002570 0.003542 0.001286 0.006000 0.008078 0.006375 0.005109 0.002156 0.000172 0.000622 0.001645 0.005609 0.003715 0.004754 0.000985 0.001843 0.003630 0.000643 0.000752 0.000032 0.000036 0.000147 0.000066 0.000423 0.000124 0.000310 0.000181 0.000355 0.001320 0.000286 0.000106 0.000045 0.000124 0.000067 0.000096 0.001004 0.000126 0.001327 0.000584 0.000150 0.000225 0.003258 0.002291 0.000309 0.000331 0.002304 0.000036 0.000025 0.000408 0.000228 0.000272 0.000067 0.000422 0.000376 0.000132 0.004287 0.001795 0.000283 0.000556 0.002428 0.000308 0.000465 0.000014 0.000091 0.001166 0.000037 0.000039 0.000181 0.000114 0.002508 0.001284 0.015363 0.003874 0.011475 0.005540 0.010220 0.000063 0.000086 0.000039 0.000013 0.000296 0.000064 0.000372 0.000106 0.000234 0.000000 0.000000 0.055965 0.029280 0.082022 0.069788 0.015977 0.033309 0.008297 0.001246 0.000000 0.049206 0.040565 0.112042 0.045602 0.047267 0.046493 0.000352 0.004874 0.001047 0.001395 0.000825 0.002576 0.001844 0.000075 0.000002 0.002595 0.002888 0.001125 0.002492 0.001751 0.002043 0.005835
0.019241 0.077065 0.008882 0.004642 0.156579 0.000558 0.000789 0.001140 0.000311 0.003199 0.013372 0.002207 0.003965 0.018801 0.126397 0.272552 0.137753 0.062406 0.017570 0.008564 0.000308 0.000765 0.001276 0.000773 0.000060 0.000024 0.000028 0.006859 0.015653 0.005541 0.000647 0.000237 0.000198 0.000432 0.000403 0.000461 0.000315 0.001239 0.002615 0.002207 0.004935 0.001710 0.000212 0.000081 0.000084 0.000156 0.000196 0.000111 0.000078 0.000361 0.000785 0.000164 0.001268 0.002100 0.001707 0.010958 0.103805 0.002648 0.000175 0.000493 0.004101 0.000191 0.008186 0.008316 0.009327 0.012818 0.005694 0.002460 0.005112 0.001905 0.003743 0.001482 0.001893 0.000194 0.000990 0.003251 0.005541 0.008275 0.000634 0.001291 0.004119 0.002138 0.001480 0.014276 0.000779 0.001323 0.002223 0.000491 0.000710 0.001361 0.004837 0.001463 0.002674 0.000518 0.000788 0.000218 0.006907 0.003636 0.005222 0.000789 0.001449 0.000041 0.001964 0.002198 0.005190 0.000533 0.001043 0.000738 0.000317 0.004997 0.003572 0.000668 0.000105 0.000099 0.000221 0.000173 0.001130 0.000239 0.000065 0.000048 0.000145 0.000250 0.000279 0.000065 0.000012 0.000029 0.000082 0.000102 0.001367 0.000045 0.001055 0.000113 0.000082 0.000138 0.000771 0.000382 0.000208 0.000053 0.000357 0.000121 0.000033 0.000367 0.000040 0.000060 0.000070 0.000468 0.000068 0.000022 0.003210 0.002194 0.000275 0.000088 0.002204 0.000054 0.000067 0.000007 0.000016 0.001723 0.000075 0.000054 0.000193 0.000121 0.041054 0.023485 0.143094 0.014413 0.056212 0.063962 0.061125 0.000684 0.002074 0.000069 0.000036 0.000446 0.000075 0.000561 0.000178 0.000470 0.000016 0.000000 0.016562 0.030227 0.013238 0.369149 0.012596 0.025971 0.018455 0.001251 0.049206 0.000000 0.039639 0.231501 0.023546 0.021544 0.054347 0.000574 0.007556 0.000360 0.002488 0.001135 0.003886 0.003391 0.000119 0.000003 0.003450 0.005332 0.001423 0.003351 0.001830 0.002093 0.008860
0.101413 0.027981 0.030696 0.003484 0.062198 0.001124 0.001192 0.001778 0.000172 0.002238 0.006915 0.002809 0.010280 0.001417 0.021914 0.092848 0.114034 0.004303 0.000456 0.000389 0.000104 0.000439 0.001009 0.000557 0.000043 0.000010 0.000029 0.005884 0.012320 0.005016 0.001120 0.000497 0.000439 0.000725 0.000699 0.000642 0.000475 0.001618 0.003981 0.001533 0.003089 0.001075 0.000243 0.000163 0.000122 0.000211 0.000341 0.000199 0.000116 0.000472 0.001060 0.000216 0.003629 0.003062 0.003151 0.008518 0.040637 0.004101 0.000186 0.000221 0.001976 0.000139 0.001923 0.003378 0.002936 0.008323 0.000946 0.001115 0.004161 0.011590 0.023304 0.007642 0.011178 0.001389 0.006887 0.002191 0.003819 0.022596 0.004381 0.008834 0.036212 0.014665 0.014130 0.004238 0.004021 0.010154 0.013756 0.002217 0.003415 0.000292 0.000742 0.002065 0.010227 0.002072 0.004425 0.000736 0.013516 0.020605 0.024554 0.003963 0.005378 0.000112 0.001233 0.004279 0.012891 0.002224 0.004621 0.000528 0.001134 0.007403 0.000878 0.001904 0.000061 0.000066 0.000276 0.000120 0.000792 0.000231 0.000375 0.000255 0.000887 0.001743 0.000777 0.000278 0.000073 0.000167 0.000136 0.000201 0.002320 0.000322 0.003376 0.000645 0.000418 0.000308 0.010771 0.002127 0.000887 0.000244 0.001564 0.000039 0.000057 0.001117 0.000167 0.000292 0.000163 0.001032 0.000353 0.000087 0.020070 0.004084 0.000744 0.000439 0.005954 0.000175 0.000306 0.000014 0.000071 0.002332 0.000069 0.000095 0.000494 0.000314 0.002504 0.001274 0.014038 0.004084 0.013352 0.004444 0.015261 0.000066 0.000148 0.000063 0.000035 0.000288 0.000053 0.000325 0.000092 0.000231 0.000000 0.000002 0.012393 0.034938 0.115189 0.099584 0.006731 0.015724 0.014408 0.001278 0.040565 0.039639 0.000000 0.107808 0.030740 0.046045 0.061058 0.000357 0.003982 0.005162 0.001386 0.000482 0.001499 0.001487 0.000117 0.000000 0.003483 0.002446 0.002606 0.005007 0.001351 0.001770 0.005222
0.557854 0.314155 0.115752 0.047293 0.330104 0.005231 0.005370 0.004193 0.004851 0.006138 0.016669 0.004897 0.015328 0.033274 0.476151 1.248189 2.190915 0.318321 0.042546 0.038884 0.003103 0.006434 0.012213 0.012010 0.000280 0.000142 0.000376 0.002595 0.008931 0.003724 0.001046 0.000636 0.000593 0.001115 0.001006 0.000882 0.000606 0.002253 0.003160 0.000707 0.002163 0.001051 0.000264 0.000237 0.000203 0.000357 0.000475 0.000268 0.000155 0.000617 0.000817 0.000271 0.007100 0.003544 0.007175 0.015466 0.118750 0.010425 0.000306 0.000261 0.004125 0.000192 0.032382 0.043027 0.050069 0.085636 0.055266 0.244874 0.066783 0.019787 0.044206 0.014976 0.014188 0.002128 0.011385 0.015731 0.018992 0.075578 0.005578 0.008884 0.036666 0.037301 0.016275 0.040244 0.018091 0.016548 0.047401 0.015558 0.023013 0.003152 0.019941 0.009185 0.021924 0.013267 0.010492 0.008578 0.072999 0.031690 0.075670 0.019952 0.016963 0.001483 0.008303 0.012743 0.039279 0.020664 0.016302 0.006635 0.011413 0.124054 0.023765 0.004960 0.001969 0.001972 0.002259 0.004331 0.033113 0.003742 0.001422 0.001179 0.002322 0.005864 0.002218 0.000637 0.000245 0.000623 0.000806 0.000954 0.011090 0.001103 0.008931 0.002306 0.001081 0.001444 0.026515 0.009374 0.002110 0.001835 0.011457 0.000317 0.000274 0.003087 0.001152 0.001194 0.000587 0.003949 0.001594 0.000880 0.026719 0.016722 0.001994 0.002466 0.017648 0.002142 0.002578 0.000085 0.000419 0.022851 0.000972 0.000347 0.001406 0.000798 0.062363 0.029460 0.152990 0.008902 0.034268 0.082959 0.039196 0.000347 0.000409 0.000207 0.000098 0.000301 0.000041 0.000354 0.000182 0.000331 0.000009 0.000002 0.235062 0.046840 0.344059 0.264332 0.035660 0.259891 0.007596 0.001518 0.112042 0.231501 0.107808 0.000000 0.154449 0.150797 0.095189 0.008346 0.004434 0.004557 0.002127 0.000896 0.007998 0.001215 0.000045 0.000001 0.003375 0.003430 0.001712 0.053489 0.004985 0.004328 0.008183
0.489776 0.156937 0.304246 0.086309 0.213123 0.003886 0.001858 0.004792 0.001260 0.004994 0.017951 0.009966 0.050002 0.000597 0.018874 0.070285 0.073118 0.022314 0.002910 0.000857 0.000079 0.000172 0.000384 0.000309 0.000114 0.000062 0.000019 0.019017 0.027894 0.006390 0.002386 0.001186 0.001381 0.002803 0.002631 0.002427 0.001870 0.009121 0.020026 0.005142 0.006727 0.001900 0.000561 0.000493 0.000448 0.000806 0.001174 0.000644 0.000399 0.002106 0.004838 0.002014 0.133740 0.061134 0.119029 0.143409 0.815203 0.074071 0.001260 0.000991 0.019222 0.000618 0.000546 0.000716 0.000640 0.001568 0.000434 0.000387 0.000713 0.003703 0.008446 0.000929 0.002475 0.000454 0.002183 0.000533 0.000834 0.002574 0.000810 0.001385 0.004380 0.014214 0.001263 0.002610 0.019790 0.005064 0.027266 0.019624 0.028015 0.003833 0.000554 0.000435 0.001249 0.013784 0.003310 0.012968 0.001647 0.002268 0.003445 0.021972 0.001306 0.002176 0.000289 0.000660 0.001881 0.026899 0.011240 0.009950 0.016421 0.001630 0.000378 0.000278 0.000021 0.000013 0.000058 0.000030 0.000210 0.000039 0.000137 0.000129 0.000153 0.000952 0.000113 0.000074 0.000051 0.000065 0.000044 0.000058 0.000317 0.000042 0.000408 0.000764 0.000081 0.000631 0.001432 0.006260 0.000116 0.002070 0.013771 0.000465 0.000009 0.000127 0.001332 0.000626 0.000040 0.000178 0.001186 0.001074 0.001450 0.000499 0.000104 0.002396 0.000748 0.002771 0.002932 0.000077 0.000465 0.000368 0.000022 0.000013 0.000072 0.000044 0.005964 0.008418 0.048841 0.029795 0.067689 0.028163 0.033697 0.000493 0.000021 0.000020 0.000029 0.000199 0.000025 0.000589 0.000135 0.000450 0.000002 0.000000 0.389014 0.115108 0.120972 0.022656 0.057616 0.168337 0.001773 0.013564 0.045602 0.023546 0.030740 0.154449 0.000000 0.174142 0.064448 0.022433 0.004278 0.002163 0.000706 0.001553 0.009007 0.000653 0.000121 0.000001 0.001712 0.001022 0.000592 0.002898 0.007216 0.006049 0.004436
0.967149 0.269733 0.316796 0.014367 0.196458 0.008877 0.004871 0.012495 0.000389 0.014537 0.048030 0.043248 0.179591 0.000750 0.021307 0.045037 0.042357 0.008455 0.000803 0.000486 0.000054 0.000153 0.000279 0.000283 0.000027 0.000007 0.000010 0.016585 0.046842 0.014811 0.006933 0.004778 0.005458 0.010497 0.009680 0.007422 0.005254 0.024314 0.030506 0.005239 0.010350 0.003900 0.001593 0.001851 0.001763 0.003231 0.004193 0.002267 0.001412 0.006565 0.008500 0.001221 0.028297 0.016661 0.016906 0.017610 0.088279 0.025551 0.000519 0.000401 0.004531 0.001124 0.001359 0.002078 0.001438 0.005835 0.000841 0.000617 0.002243 0.131250 0.270978 0.004619 0.024032 0.010046 0.071908 0.003061 0.004175 0.016815 0.018988 0.020563 0.054599 0.209712 0.008483 0.010425 0.041540 0.038838 0.187703 0.025563 0.047377 0.001525 0.001172 0.002136 0.009466 0.023588 0.044986 0.010918 0.005270 0.014014 0.018721 0.047399 0.004407 0.001481 0.001005 0.002577 0.012302 0.034870 0.043662 0.006337 0.016499 0.003600 0.000858 0.001253 0.000040 0.000042 0.000234 0.000059 0.000409 0.000125 0.001581 0.000899 0.000763 0.014455 0.000486 0.000303 0.000345 0.000640 0.000183 0.000260 0.001348 0.000292 0.002153 0.006838 0.000331 0.001531 0.017141 0.026543 0.000546 0.002792 0.019312 0.000226 0.000043 0.000618 0.001802 0.003160 0.000175 0.000680 0.003878 0.001162 0.010902 0.002094 0.000429 0.005161 0.003278 0.002370 0.004404 0.000094 0.000765 0.001048 0.000062 0.000051 0.000295 0.000165 0.002459 0.001733 0.009323 0.003639 0.009365 0.006686 0.006449 0.000053 0.000034 0.000028 0.000021 0.000147 0.000033 0.000401 0.000161 0.000216 0.000000 0.000001 0.014103 0.123112 0.048984 0.027640 0.029638 0.071359 0.002134 0.003631 0.047267 0.021544 0.046045 0.150797 0.174142 0.000000 0.210167 0.000433 0.007927 0.001356 0.000670 0.001107 0.004602 0.000652 0.000103 0.000002 0.001500 0.001131 0.000999 0.003457 0.007716 0.019716 0.011752
0.465646 0.150456 0.202729 0.004198 0.280090 0.005384 0.004095 0.011740 0.000363 0.016508 0.097495 0.048246 0.145232 0.003287 0.013681 0.030130 0.038290 0.001885 0.000224 0.000421 0.000157 0.000561 0.001293 0.001233 0.000072 0.000011 0.000042 0.027691 0.106949 0.049573 0.012096 0.005975 0.006191 0.012119 0.010480 0.009061 0.006445 0.025110 0.035534 0.006233 0.018686 0.009132 0.002417 0.001808 0.001397 0.002576 0.003584 0.002031 0.001307 0.005208 0.007933 0.001130 0.014445 0.009744 0.009343 0.012798 0.066723 0.018522 0.000711 0.000642 0.005517 0.000924 0.003377 0.007087 0.004500 0.020801 0.001784 0.001819 0.008851 0.227496 0.420100 0.014738 0.073940 0.013078 0.069493 0.005877 0.009765 0.057511 0.067014 0.092710 0.235236 0.080030 0.041749 0.013789 0.016357 0.094721 0.048170 0.006024 0.010191 0.000902 0.001118 0.003948 0.026861 0.006892 0.021264 0.001925 0.019790 0.050412 0.040400 0.012054 0.011128 0.000304 0.002115 0.006193 0.027685 0.006554 0.016677 0.001537 0.003572 0.011115 0.002530 0.002936 0.000112 0.000127 0.000564 0.000203 0.001280 0.000413 0.001294 0.001148 0.002542 0.007089 0.001541 0.000719 0.000243 0.000647 0.000296 0.000395 0.004064 0.000989 0.007534 0.002594 0.001112 0.000727 0.021534 0.006836 0.001836 0.000602 0.004246 0.000157 0.000102 0.001997 0.000418 0.001067 0.000326 0.001589 0.001129 0.000214 0.023591 0.007154 0.001162 0.001250 0.011318 0.000391 0.000872 0.000032 0.000187 0.003532 0.000142 0.000161 0.000871 0.000511 0.002391 0.001364 0.007946 0.003292 0.009555 0.005517 0.015216 0.000041 0.000116 0.000074 0.000048 0.000447 0.000088 0.000712 0.000350 0.000547 0.000009 0.000004 0.004988 0.159153 0.012518 0.124314 0.015776 0.048089 0.023142 0.003175 0.046493 0.054347 0.061058 0.095189 0.064448 0.210167 0.000000 0.000619 0.022038 0.000661 0.003109 0.002501 0.010076 0.004033 0.000195 0.000005 0.005483 0.006025 0.002802 0.008399 0.006977 0.014645 0.037850
0.005154 0.000261 0.000914 0.011542 0.004509 0.078734 0.010940 0.042382 0.130528 0.087163 0.004167 0.000748 0.004217 0.000045 0.000356 0.001274 0.004251 0.000603 0.000198 0.000056 0.000964 0.014539 0.116283 0.135004 0.050087 0.017880 0.002411 0.000547 0.000544 0.000165 0.000073 0.000043 0.000036 0.000058 0.000073 0.000057 0.000044 0.000166 0.000634 0.007534 0.004779 0.000650 0.000105 0.000067 0.000086 0.000164 0.000187 0.000098 0.000069 0.000481 0.001646 0.086055 0.002628 0.021884 0.020814 0.002290 0.060331 0.002040 0.083113 0.076153 0.603197 0.021633 0.000021 0.000028 0.000081 0.000038 0.000053 0.000156 0.000053 0.000009 0.000030 0.000028 0.000051 0.000003 0.000004 0.000022 0.000014 0.000122 0.000008 0.000025 0.000088 0.000015 0.000030 0.000033 0.000017 0.000067 0.000030 0.000042 0.000086 0.000229 0.000011 0.000022 0.000039 0.000021 0.000005 0.000055 0.000273 0.000160 0.000153 0.000011 0.000121 0.000060 0.000009 0.000021 0.000030 0.000051 0.000010 0.000008 0.000014 0.000102 0.000023 0.000004 0.000211 0.000178 0.000289 0.000359 0.001203 0.000227 0.000126 0.000144 0.000316 0.000234 0.000213 0.000072 0.000019 0.000072 0.000110 0.000114 0.000508 0.000087 0.000476 0.000188 0.000101 0.000293 0.000458 0.000179 0.000195 0.000182 0.000409 0.001118 0.000111 0.000210 0.000256 0.000048 0.000071 0.000308 0.000064 0.000699 0.001004 0.000284 0.000196 0.000126 0.000181 0.000262 0.000251 0.000344 0.000246 0.000409 0.000185 0.000096 0.000228 0.000119 0.000074 0.000085 0.000341 0.000320 0.000784 0.000153 0.000565 0.000027 0.000000 0.003289 0.003072 0.068715 0.002179 0.103242 0.022945 0.037352 0.000534 0.000012 0.127026 0.000801 0.039931 0.000498 0.000180 0.034041 0.000086 0.000332 0.000352 0.000574 0.000357 0.008346 0.022433 0.000433 0.000619 0.000000 0.017807 0.458099 0.014908 0.094277 0.305894 0.001740 0.006371 0.000160 0.092086 0.022426 0.014705 0.137458 0.340900 0.011926 0.004601
0.002449 0.003065 0.009595 0.000233 0.012989 0.455594 0.043841 0.116010 0.014256 0.125453 0.041748 0.029125 0.078661 0.000122 0.000263 0.000583 0.000464 0.000034 0.000012 0.000030 0.000616 0.004345 0.017258 0.015570 0.001379 0.000410 0.000203 0.005393 0.014074 0.006538 0.001690 0.001060 0.000744 0.001289 0.001572 0.001340 0.000974 0.002902 0.007733 0.123606 0.143932 0.034747 0.005163 0.002392 0.003173 0.005960 0.007213 0.003805 0.002722 0.015108 0.034297 0.024952 0.003404 0.025162 0.001153 0.000809 0.008816 0.001752 0.015057 0.013826 0.128156 0.017944 0.000047 0.000081 0.000076 0.000189 0.000027 0.000091 0.000143 0.000450 0.004774 0.000267 0.000711 0.000092 0.000281 0.000090 0.000108 0.000697 0.000156 0.000238 0.001458 0.001627 0.000289 0.000292 0.000824 0.004732 0.006537 0.000871 0.005058 0.000113 0.000037 0.000089 0.000233 0.000540 0.000755 0.000324 0.001401 0.001618 0.002072 0.000953 0.001458 0.000341 0.000051 0.000137 0.000266 0.001213 0.001095 0.000050 0.000244 0.000770 0.000086 0.000042 0.000484 0.000543 0.002709 0.000600 0.001297 0.001325 0.026864 0.053075 0.073311 0.098832 0.003433 0.006762 0.004654 0.022421 0.001159 0.001798 0.011421 0.011393 0.037912 0.053190 0.005460 0.004752 0.076927 0.037502 0.004314 0.004057 0.016090 0.000771 0.000222 0.006631 0.004347 0.011149 0.000874 0.004694 0.009445 0.002780 0.017726 0.003722 0.001605 0.014043 0.002874 0.000939 0.006928 0.001128 0.002600 0.001841 0.000372 0.000306 0.001670 0.001031 0.000047 0.000036 0.000434 0.000234 0.000757 0.000304 0.000853 0.000004 0.000005 0.001848 0.001747 0.013419 0.001601 0.028192 0.009713 0.010898 0.000150 0.000044 0.000602 0.015870 0.000786 0.008735 0.001483 0.005159 0.002262 0.000397 0.004874 0.007556 0.003982 0.004434 0.004278 0.007927 0.022038 0.017807 0.000000 0.015166 0.027526 0.021575 0.045229 0.024739 0.004071 0.000050 0.026776 0.026650 0.029164 0.043861 0.142247 0.141074 0.213004
0.008287 0.000392 0.000451 0.006229 0.000696 0.103801 0.010594 0.015203 0.053136 0.032980 0.001122 0.000342 0.001765 0.000020 0.000115 0.000343 0.000706 0.000084 0.000026 0.000010 0.000908 0.019566 0.148799 0.192275 0.048373 0.013307 0.002331 0.000215 0.000210 0.000091 0.000040 0.000028 0.000022 0.000030 0.000041 0.000035 0.000017 0.000065 0.000225 0.002174 0.001815 0.000321 0.000061 0.000033 0.000038 0.000072 0.000098 0.000053 0.000033 0.000172 0.000570 0.012586 0.000268 0.004287 0.001566 0.000325 0.007773 0.000326 0.009586 0.009450 0.118671 0.004768 0.000011 0.000021 0.000023 0.000049 0.000009 0.000048 0.000057 0.000122 0.000435 0.000066 0.000093 0.000009 0.000066 0.000026 0.000020 0.000231 0.000021 0.000039 0.000231 0.000169 0.000051 0.000066 0.000148 0.000651 0.000613 0.000263 0.001162 0.000053 0.000013 0.000029 0.000062 0.000142 0.000069 0.000141 0.000653 0.000417 0.008048 0.000147 0.000376 0.000153 0.000017 0.000038 0.000068 0.000372 0.000139 0.000019 0.000059 0.000275 0.000017 0.000014 0.000300 0.000270 0.000629 0.000438 0.001693 0.000512 0.004274 0.002259 0.002038 0.003161 0.000749 0.000377 0.000183 0.001383 0.000226 0.000316 0.001587 0.000586 0.002443 0.003975 0.000479 0.000960 0.006245 0.003845 0.000790 0.001487 0.003831 0.000369 0.000148 0.000922 0.001650 0.000955 0.000199 0.000936 0.001353 0.001221 0.037569 0.000852 0.000587 0.002388 0.000604 0.000401 0.001593 0.000349 0.000739 0.000771 0.000265 0.000169 0.000579 0.000353 0.000038 0.000053 0.000284 0.000029 0.000262 0.000104 0.000259 0.000015 0.000000 0.002745 0.001305 0.048837 0.000569 0.026552 0.010672 0.011276 0.000232 0.000014 0.023103 0.000457 0.169503 0.000394 0.000126 0.025364 0.000107 0.000037 0.001047 0.000360 0.005162 0.004557 0.002163 0.001356 0.000661 0.458099 0.015166 0.000000 0.016315 0.052553 0.110513 0.002807 0.001516 0.000063 0.099687 0.018863 0.044579 0.171458 0.080909 0.031304 0.009265
0.000174 0.000567 0.001100 0.000158 0.001990 0.008499 0.097810 0.009898 0.003959 0.255526 0.008341 0.002309 0.003884 0.000094 0.000490 0.000720 0.000491 0.000063 0.000039 0.000024 0.008227 0.116802 0.526417 0.328786 0.020543 0.013697 0.008060 0.000672 0.001578 0.000616 0.000147 0.000119 0.000082 0.000123 0.000167 0.000143 0.000097 0.000223 0.000691 0.002871 0.005996 0.002518 0.000475 0.000173 0.000154 0.000272 0.000360 0.000245 0.000136 0.000510 0.001242 0.002595 0.000223 0.038534 0.000217 0.000484 0.007861 0.000292 0.000980 0.031137 0.335539 0.002376 0.000092 0.000152 0.000273 0.000251 0.000062 0.000206 0.000361 0.000019 0.000067 0.000138 0.000133 0.000005 0.000013 0.000134 0.000086 0.000772 0.000008 0.000029 0.000213 0.000038 0.000074 0.000190 0.000015 0.000096 0.000084 0.000020 0.000093 0.000350 0.000062 0.000122 0.000165 0.000012 0.000024 0.000007 0.002218 0.000851 0.000406 0.000021 0.000641 0.000008 0.000055 0.000106 0.000176 0.000023 0.000022 0.000012 0.000006 0.000783 0.000069 0.000032 0.004876 0.004604 0.007295 0.005587 0.009687 0.005840 0.000307 0.000264 0.000562 0.000432 0.000912 0.000235 0.000046 0.000131 0.002706 0.002125 0.003715 0.000111 0.001113 0.000493 0.000158 0.005705 0.000511 0.000418 0.000317 0.000157 0.000287 0.003745 0.001418 0.000708 0.000164 0.000210 0.000828 0.002446 0.000460 0.000082 0.003598 0.002315 0.001095 0.000316 0.000914 0.000025 0.000130 0.000295 0.000062 0.003178 0.002310 0.001979 0.002589 0.000417 0.000068 0.000025 0.000138 0.000058 0.000368 0.000098 0.000638 0.000011 0.000003 0.054616 0.026391 0.207817 0.016587 0.134952 0.093633 0.080787 0.001350 0.001675 0.000300 0.001930 0.000227 0.003009 0.000269 0.000902 0.000481 0.000069 0.001395 0.002488 0.001386 0.002127 0.000706 0.000670 0.003109 0.014908 0.027526 0.016315 0.000000 0.008230 0.018566 0.067357 0.000642 0.000069 0.048200 0.282213 0.053905 0.229382 0.016648 0.013915 0.058028
0.001406 0.000618 0.001049 0.001120 0.001235 0.139202 0.012376 0.031743 0.014928 0.020043 0.002988 0.002099 0.006375 0.000014 0.000039 0.000086 0.000073 0.000009 0.000001 0.000003 0.000184 0.004118 0.020773 0.022249 0.008733 0.002735 0.000572 0.000554 0.001289 0.000513 0.000165 0.000095 0.000073 0.000126 0.000137 0.000119 0.000087 0.000285 0.000678 0.017050 0.015481 0.002581 0.000393 0.000223 0.000320 0.000580 0.000654 0.000335 0.000258 0.001566 0.003989 0.010415 0.000791 0.006382 0.000430 0.000202 0.003028 0.000217 0.006882 0.006055 0.050627 0.004329 0.000006 0.000009 0.000010 0.000021 0.000004 0.000010 0.000018 0.000024 0.000287 0.000017 0.000057 0.000007 0.000017 0.000011 0.000014 0.000064 0.000005 0.000009 0.000058 0.000174 0.000011 0.000060 0.000287 0.000200 0.000976 0.000557 0.002329 0.000044 0.000007 0.000010 0.000022 0.000296 0.000099 0.000311 0.000165 0.000103 0.000154 0.000304 0.000108 0.000357 0.000005 0.000014 0.000023 0.000803 0.000245 0.000030 0.000125 0.000074 0.000010 0.000005 0.000105 0.000094 0.000265 0.000124 0.000392 0.000159 0.000715 0.000977 0.000468 0.002114 0.000136 0.000230 0.000181 0.000556 0.000119 0.000165 0.000435 0.000102 0.000494 0.004337 0.000086 0.001539 0.001616 0.007482 0.000160 0.002799 0.008647 0.000443 0.000045 0.000192 0.003197 0.001057 0.000076 0.000374 0.002076 0.002800 0.001387 0.000246 0.000173 0.005524 0.000277 0.000986 0.004296 0.001065 0.002012 0.000289 0.000077 0.000048 0.000157 0.000089 0.000004 0.000008 0.000066 0.000035 0.000118 0.000049 0.000172 0.000000 0.000000 0.000890 0.000614 0.008573 0.000330 0.010548 0.004148 0.004045 0.000065 0.000006 0.004660 0.001630 0.001385 0.001085 0.000447 0.001937 0.000229 0.000064 0.000825 0.001135 0.000482 0.000896 0.001553 0.001107 0.002501 0.094277 0.021575 0.052553 0.008230 0.000000 0.044715 0.003932 0.001285 0.000102 0.022442 0.011897 0.003794 0.044460 0.090193 0.029900 0.014360
0.009486 0.002730 0.005125 0.008447 0.007456 0.544373 0.051998 0.159953 0.078318 0.102440 0.015813 0.010476 0.026813 0.000113 0.000452 0.001206 0.001184 0.000428 0.000071 0.000061 0.000998 0.016298 0.053881 0.064448 0.030077 0.007880 0.002775 0.001514 0.004145 0.001986 0.000633 0.000404 0.000326 0.000574 0.000605 0.000503 0.000378 0.001207 0.002152 0.028695 0.037338 0.008316 0.001461 0.000974 0.001394 0.002470 0.002709 0.001420 0.000973 0.005848 0.010355 0.025648 0.001937 0.009202 0.003508 0.000872 0.017347 0.001146 0.013449 0.016899 0.159989 0.010780 0.000041 0.000073 0.000097 0.000130 0.000059 0.000149 0.000122 0.000159 0.001063 0.000076 0.000222 0.000025 0.000072 0.000059 0.000068 0.000276 0.000023 0.000033 0.000255 0.000592 0.000058 0.000207 0.000749 0.000664 0.002779 0.001532 0.006052 0.000279 0.000030 0.000045 0.000073 0.000824 0.000300 0.001085 0.000519 0.000344 0.001210 0.000783 0.000397 0.001150 0.000025 0.000052 0.000107 0.002368 0.000657 0.000123 0.000417 0.000272 0.000054 0.000016 0.000503 0.000397 0.001039 0.000495 0.001560 0.000632 0.002558 0.003759 0.001923 0.008488 0.000632 0.000806 0.000613 0.002135 0.000451 0.000622 0.001728 0.000426 0.002067 0.013680 0.000387 0.004771 0.005697 0.020500 0.000554 0.007712 0.023051 0.002386 0.000232 0.000664 0.009088 0.003472 0.000287 0.001232 0.005277 0.010493 0.005277 0.000869 0.000590 0.013603 0.000848 0.003755 0.012416 0.003996 0.006252 0.000925 0.000330 0.000219 0.000597 0.000321 0.000125 0.000157 0.000532 0.000249 0.000630 0.000449 0.000660 0.000013 0.000005 0.004164 0.003698 0.025977 0.000926 0.035558 0.019453 0.016522 0.000248 0.000011 0.028659 0.005191 0.014118 0.003671 0.001231 0.028798 0.000517 0.000201 0.002576 0.003886 0.001499 0.007998 0.009007 0.004602 0.010076 0.305894 0.045229 0.110513 0.018566 0.044715 0.000000 0.007529 0.001928 0.000130 0.035543 0.025161 0.009337 0.138700 0.192858 0.067896 0.046300
0.000131 0.000267 0.000624 0.000037 0.001386 0.002903 0.010219 0.003225 0.000565 0.051703 0.006902 0.001255 0.001948 0.000033 0.000124 0.000393 0.000250 0.000013 0.000008 0.000010 0.000755 0.007543 0.059940 0.051262 0.000600 0.000060 0.000108 0.002379 0.002781 0.000987 0.000122 0.000052 0.000037 0.000078 0.000080 0.000079 0.000054 0.000165 0.000619 0.010911 0.009376 0.003676 0.000597 0.000067 0.000070 0.000134 0.000177 0.000101 0.000067 0.000353 0.001076 0.001021 0.000155 0.021288 0.000183 0.000396 0.003655 0.000242 0.000626 0.016622 0.111712 0.000694 0.000020 0.000041 0.000054 0.000075 0.000016 0.000040 0.000097 0.000012 0.000034 0.000058 0.000082 0.000002 0.000007 0.000037 0.000029 0.000250 0.000006 0.000017 0.000124 0.000015 0.000037 0.000063 0.000005 0.000065 0.000025 0.000004 0.000015 0.000075 0.000018 0.000037 0.000056 0.000002 0.000007 0.000001 0.000807 0.000346 0.000198 0.000005 0.000259 0.000001 0.000018 0.000037 0.000063 0.000004 0.000010 0.000004 0.000001 0.000277 0.000026 0.000012 0.000692 0.000843 0.002082 0.001054 0.001984 0.001735 0.000143 0.000206 0.001286 0.000452 0.000425 0.000227 0.000034 0.000077 0.000605 0.000581 0.001897 0.000181 0.001469 0.000156 0.000212 0.000769 0.000707 0.000089 0.000247 0.000025 0.000034 0.000609 0.000100 0.000527 0.000025 0.000067 0.000151 0.000994 0.000115 0.000011 0.001602 0.000957 0.000389 0.000057 0.000420 0.000003 0.000017 0.000039 0.000011 0.001277 0.000266 0.000255 0.000464 0.000158 0.000025 0.000012 0.000180 0.000150 0.000468 0.000098 0.000440 0.000000 0.000000 0.002351 0.002156 0.039909 0.008000 0.037802 0.009967 0.018618 0.000123 0.000187 0.000223 0.003120 0.000187 0.003092 0.000372 0.000883 0.001529 0.000294 0.001844 0.003391 0.001487 0.001215 0.000653 0.000652 0.004033 0.001740 0.024739 0.002807 0.067357 0.003932 0.007529 0.000000 0.000807 0.000072 0.023070 0.038082 0.021546 0.021442 0.005483 0.005161 0.046137
0.000031 0.000032 0.000139 0.000003 0.000215 0.007171 0.000945 0.006456 0.002392 0.003778 0.000457 0.000380 0.001461 0.000003 0.000001 0.000024 0.000005 0.000001 0.000000 0.000000 0.000017 0.000051 0.000512 0.000445 0.000106 0.000074 0.000013 0.001403 0.000206 0.000076 0.000028 0.000013 0.000010 0.000020 0.000023 0.000027 0.000015 0.000054 0.000248 0.033795 0.004353 0.000427 0.000061 0.000030 0.000042 0.000084 0.000115 0.000061 0.000047 0.000287 0.001283 0.015499 0.000703 0.017071 0.000290 0.000207 0.001898 0.000072 0.010507 0.005878 0.052584 0.001963 0.000000 0.000001 0.000000 0.000001 0.000000 0.000000 0.000000 0.000001 0.000014 0.000001 0.000004 0.000001 0.000002 0.000001 0.000000 0.000001 0.000000 0.000001 0.000002 0.000008 0.000000 0.000002 0.000007 0.000009 0.000040 0.000021 0.000065 0.000008 0.000000 0.000000 0.000001 0.000010 0.000005 0.000011 0.000005 0.000002 0.000004 0.000012 0.000002 0.000011 0.000000 0.000001 0.000001 0.000028 0.000014 0.000001 0.000004 0.000002 0.000001 0.000000 0.000003 0.000003 0.000012 0.000004 0.000008 0.000009 0.000034 0.000058 0.000042 0.000107 0.000005 0.000017 0.000015 0.000049 0.000006 0.000008 0.000015 0.000008 0.000022 0.000169 0.000004 0.000069 0.000066 0.000253 0.000004 0.000093 0.000298 0.000059 0.000001 0.000005 0.000108 0.000042 0.000003 0.000012 0.000069 0.000117 0.000039 0.000007 0.000004 0.000173 0.000008 0.000050 0.000172 0.000058 0.000103 0.000012 0.000001 0.000001 0.000004 0.000003 0.000000 0.000005 0.000032 0.000000 0.000272 0.000006 0.000043 0.000000 0.000000 0.000078 0.000206 0.008326 0.004517 0.046243 0.002577 0.003626 0.000258 0.000019 0.000091 0.000253 0.000027 0.000126 0.000026 0.000114 0.000074 0.000225 0.000075 0.000119 0.000117 0.000045 0.000121 0.000103 0.000195 0.006371 0.004071 0.001516 0.000642 0.001285 0.001928 0.000807 0.000000 0.000000 0.000577 0.000967 0.000548 0.000901 0.017037 0.002525 0.001616
0.000001 0.000001 0.000001 0.000000 0.000001 0.000343 0.000017 0.000103 0.000021 0.000045 0.000005 0.000001 0.000003 0.000000 0.000000 0.000000 0.000005 0.000000 0.000000 0.000000 0.000000 0.000002 0.000058 0.000052 0.000009 0.000000 0.000000 0.000014 0.000000 0.000000 0.000000 0.000000 0.000000 0.000000 0.000000 0.000000 0.000000 0.000001 0.000006 0.000010 0.000021 0.000003 0.000000 0.000000 0.000000 0.000000 0.000000 0.000000 0.000000 0.000002 0.000003 0.000018 0.000000 0.000000 0.000000 0.000000 0.000003 0.000002 0.000000 0.000082 0.000067 0.000023 0.000000 0.000000 0.000000 0.000000 0.000000 0.000000 0.000000 0.000000 0.000000 0.000000 0.000000 0.000000 0.000000 0.000000 0.000000 0.000000 0.000000 0.000000 0.000000 0.000000 0.000000 0.000000 0.000000 0.000000 0.000000 0.000001 0.000002 0.000000 0.000000 0.000000 0.000000 0.000000 0.000000 0.000001 0.000000 0.000000 0.000000 0.000000 0.000000 0.000001 0.000000 0.000000 0.000000 0.000001 0.000000 0.000000 0.000000 0.000000 0.000000 0.000000 0.000000 0.000000 0.000000 0.000000 0.000000 0.000001 0.000000 0.000000 0.000000 0.000000 0.000000 0.000000 0.000000 0.000000 0.000000 0.000000 0.000001 0.000000 0.000001 0.000000 0.000000 0.000002 0.000002 0.000002 0.000000 0.000002 0.000011 0.000002 0.000000 0.000000 0.000004 0.000000 0.000000 0.000000 0.000000 0.000009 0.000001 0.000000 0.000000 0.000003 0.000000 0.000003 0.000005 0.000005 0.000004 0.000000 0.000000 0.000000 0.000000 0.000000 0.000000 0.000000 0.000000 0.000000 0.000000 0.000000 0.000001 0.000000 0.000000 0.000003 0.000000 0.000116 0.000000 0.000104 0.000006 0.000006 0.000000 0.000000 0.000000 0.000001 0.000008 0.000003 0.000006 0.000005 0.000000 0.000000 0.000002 0.000003 0.000000 0.000001 0.000001 0.000002 0.000005 0.000160 0.000050 0.000063 0.000069 0.000102 0.000130 0.000072 0.000000 0.000000 0.000029 0.000062 0.000016 0.000090 0.000345 0.000045 0.000012
0.001742 0.000884 0.001328 0.001323 0.002176 0.124046 0.014421 0.015975 0.011286 0.040500 0.005676 0.001729 0.005049 0.000061 0.000236 0.000549 0.000432 0.000021 0.000002 0.000016 0.000748 0.012967 0.071214 0.079576 0.019817 0.005565 0.001240 0.001167 0.003052 0.001088 0.000220 0.000113 0.000089 0.000156 0.000158 0.000140 0.000106 0.000347 0.000922 0.008406 0.013177 0.003650 0.000536 0.000181 0.000222 0.000418 0.000461 0.000255 0.000174 0.001007 0.002380 0.004111 0.000360 0.005247 0.000691 0.000231 0.003119 0.000263 0.003726 0.007203 0.055189 0.002667 0.000046 0.000063 0.000094 0.000156 0.000026 0.000101 0.000175 0.000092 0.000914 0.000189 0.000261 0.000022 0.000057 0.000077 0.000072 0.000673 0.000040 0.000066 0.000566 0.000314 0.000150 0.000190 0.000234 0.001067 0.001448 0.000304 0.001628 0.000047 0.000043 0.000086 0.000187 0.000182 0.000166 0.000116 0.001891 0.001086 0.002062 0.000269 0.001031 0.000136 0.000049 0.000108 0.000217 0.000415 0.000277 0.000022 0.000075 0.000802 0.000055 0.000040 0.000563 0.000655 0.002307 0.000819 0.001961 0.001649 0.004746 0.006606 0.008638 0.012887 0.001671 0.001087 0.000514 0.002904 0.000690 0.001042 0.005589 0.001642 0.008071 0.009028 0.001285 0.001768 0.013388 0.008941 0.001726 0.001604 0.004897 0.000373 0.000181 0.002235 0.001631 0.001969 0.000431 0.002863 0.002597 0.000956 0.011103 0.002502 0.001401 0.004155 0.001630 0.000298 0.002023 0.000302 0.000730 0.002178 0.000325 0.000295 0.001178 0.000765 0.000052 0.000026 0.000190 0.000093 0.000306 0.000105 0.000393 0.000000 0.000005 0.002300 0.001154 0.023296 0.001258 0.014637 0.007797 0.009168 0.000101 0.000057 0.003557 0.003343 0.016317 0.003635 0.000579 0.002650 0.000854 0.000086 0.002595 0.003450 0.003483 0.003375 0.001712 0.001500 0.005483 0.092086 0.026776 0.099687 0.048200 0.022442 0.035543 0.023070 0.000577 0.000029 0.000000 0.044085 0.022666 0.089482 0.041934 0.033054 0.040584
0.000320 0.000760 0.000946 0.000310 0.002322 0.018266 0.059471 0.006641 0.004687 0.132818 0.008094 0.001249 0.002590 0.000132 0.000664 0.001200 0.000872 0.000079 0.000034 0.000029 0.037843 0.119895 0.502415 0.328772 0.060621 0.043292 0.016288 0.001332 0.003040 0.001101 0.000159 0.000068 0.000066 0.000124 0.000124 0.000117 0.000074 0.000262 0.000732 0.006005 0.009367 0.002891 0.000397 0.000107 0.000113 0.000208 0.000235 0.000134 0.000084 0.000448 0.001044 0.002147 0.000218 0.018805 0.000373 0.000366 0.005140 0.000202 0.001424 0.016702 0.190943 0.001925 0.000105 0.000170 0.000281 0.000320 0.000080 0.000277 0.000465 0.000028 0.000152 0.000215 0.000230 0.000008 0.000024 0.000157 0.000116 0.001102 0.000014 0.000040 0.000378 0.000072 0.000134 0.000265 0.000047 0.000204 0.000227 0.000049 0.000252 0.000168 0.000079 0.000154 0.000261 0.000030 0.000040 0.000020 0.003470 0.001333 0.000647 0.000045 0.001063 0.000021 0.000077 0.000158 0.000278 0.000059 0.000053 0.000015 0.000012 0.001189 0.000102 0.000059 0.003832 0.003434 0.006568 0.004296 0.007941 0.005590 0.000622 0.000700 0.000943 0.001395 0.001035 0.000225 0.000079 0.000370 0.002100 0.002224 0.005446 0.000183 0.001886 0.001271 0.000273 0.003797 0.001324 0.001208 0.000689 0.000286 0.000727 0.001752 0.001165 0.001201 0.000302 0.000367 0.000749 0.003895 0.000630 0.000157 0.004190 0.003285 0.001941 0.000627 0.001353 0.000047 0.000298 0.000243 0.000135 0.004212 0.001918 0.001410 0.002099 0.000721 0.000077 0.000057 0.000250 0.000144 0.000418 0.000113 0.000628 0.000003 0.000003 0.050828 0.029954 0.214006 0.009695 0.100871 0.099381 0.063562 0.001059 0.003443 0.000379 0.003895 0.000343 0.005120 0.000583 0.001655 0.001150 0.000125 0.002888 0.005332 0.002446 0.003430 0.001022 0.001131 0.006025 0.022426 0.026650 0.018863 0.282213 0.011897 0.025161 0.038082 0.000967 0.000062 0.044085 0.000000 0.026938 0.232693 0.020193 0.014981 0.036281
0.000682 0.000698 0.000914 0.000063 0.001101 0.110140 0.010508 0.013397 0.002354 0.037736 0.003073 0.001271 0.004681 0.000064 0.000253 0.000509 0.000404 0.000024 0.000024 0.000027 0.000689 0.008780 0.061661 0.077728 0.006265 0.000344 0.000282 0.000585 0.001217 0.000539 0.000147 0.000088 0.000065 0.000100 0.000118 0.000105 0.000080 0.000199 0.000633 0.006349 0.008839 0.002477 0.000431 0.000157 0.000167 0.000305 0.000377 0.000212 0.000135 0.000700 0.001689 0.002955 0.000251 0.007455 0.000249 0.000187 0.001862 0.000192 0.001954 0.007530 0.051674 0.001792 0.000035 0.000055 0.000072 0.000128 0.000025 0.000084 0.000170 0.000097 0.001073 0.000213 0.000289 0.000027 0.000068 0.000077 0.000065 0.000684 0.000058 0.000110 0.000813 0.000342 0.000210 0.000184 0.000199 0.001314 0.001442 0.000179 0.001128 0.000045 0.000044 0.000094 0.000222 0.000112 0.000181 0.000063 0.001802 0.001312 0.001835 0.000185 0.001097 0.000075 0.000053 0.000140 0.000225 0.000248 0.000236 0.000020 0.000048 0.000748 0.000048 0.000044 0.000368 0.000517 0.001918 0.000570 0.001235 0.001381 0.005208 0.005904 0.008824 0.011803 0.001897 0.001162 0.000537 0.003203 0.000578 0.000891 0.005796 0.002009 0.010197 0.009321 0.001671 0.001346 0.013211 0.007679 0.002238 0.000999 0.003095 0.000327 0.000150 0.002697 0.000937 0.002058 0.000412 0.002616 0.002195 0.000472 0.007231 0.002521 0.001351 0.002625 0.001707 0.000136 0.001082 0.000136 0.000377 0.001831 0.000245 0.000245 0.001203 0.000819 0.000040 0.000026 0.000106 0.000077 0.000211 0.000052 0.000257 0.000002 0.000001 0.001377 0.000737 0.016174 0.001546 0.012902 0.004609 0.010294 0.000063 0.000047 0.000123 0.001797 0.005324 0.001706 0.000271 0.000943 0.000422 0.000050 0.001125 0.001423 0.002606 0.001712 0.000592 0.000999 0.002802 0.014705 0.029164 0.044579 0.053905 0.003794 0.009337 0.021546 0.000548 0.000016 0.022666 0.026938 0.000000 0.044644 0.018667 0.032075 0.037245
0.007420 0.004972 0.003377 0.005112 0.005331 0.588624 0.236853 0.070459 0.046292 0.350013 0.014298 0.004546 0.014079 0.001064 0.004301 0.008958 0.010435 0.000171 0.000103 0.000289 0.108141 0.439278 1.293766 1.720714 0.379149 0.098430 0.071116 0.000433 0.001880 0.001079 0.000373 0.000305 0.000234 0.000345 0.000408 0.000308 0.000206 0.000571 0.000937 0.003576 0.008079 0.003477 0.000798 0.000490 0.000516 0.000875 0.001025 0.000551 0.000338 0.001607 0.002187 0.006848 0.000387 0.007999 0.001078 0.000308 0.006064 0.000378 0.005471 0.011812 0.139877 0.005052 0.000838 0.001263 0.002041 0.002605 0.002015 0.008782 0.003397 0.000485 0.003424 0.001599 0.001509 0.000151 0.000279 0.000940 0.000622 0.007630 0.000318 0.000697 0.004031 0.001224 0.001252 0.001516 0.001192 0.004507 0.005445 0.001959 0.009016 0.000380 0.000415 0.000864 0.001758 0.001103 0.000709 0.000973 0.016209 0.009086 0.008016 0.001227 0.010456 0.001132 0.000440 0.000970 0.001937 0.002911 0.001155 0.000164 0.000472 0.010097 0.001020 0.000339 0.038714 0.024272 0.028449 0.057013 0.582397 0.039760 0.008548 0.012853 0.018114 0.027827 0.010893 0.003520 0.001601 0.006718 0.008694 0.009533 0.061049 0.005949 0.041861 0.026987 0.006376 0.016894 0.048023 0.036506 0.012755 0.009940 0.028829 0.003769 0.005214 0.021311 0.010369 0.007231 0.004406 0.029410 0.010871 0.007754 0.084744 0.049603 0.014261 0.020243 0.027747 0.002843 0.013285 0.002599 0.004820 0.172057 0.019127 0.004727 0.010691 0.005623 0.000233 0.000141 0.000207 0.000062 0.000240 0.000160 0.000506 0.000010 0.000001 0.062925 0.024941 0.194092 0.002875 0.055767 0.114823 0.039641 0.000509 0.000501 0.004181 0.003304 0.008234 0.004229 0.000583 0.005256 0.000488 0.000050 0.002492 0.003351 0.005007 0.053489 0.002898 0.003457 0.008399 0.137458 0.043861 0.171458 0.229382 0.044460 0.138700 0.021442 0.000901 0.000090 0.089482 0.232693 0.044644 0.000000 0.112469 0.108717 0.076114
0.004473 0.004033 0.011788 0.001252 0.010932 0.764655 0.111429 0.363142 0.093922 0.219324 0.033864 0.020213 0.090097 0.000090 0.000249 0.000565 0.001419 0.000362 0.000109 0.000056 0.000937 0.010387 0.044657 0.049765 0.012421 0.003795 0.001092 0.003058 0.006223 0.003147 0.001925 0.001539 0.001226 0.001790 0.002162 0.001641 0.001091 0.003804 0.009554 0.060918 0.067665 0.013826 0.002257 0.001791 0.002257 0.003993 0.004891 0.002585 0.001787 0.010616 0.026276 0.148040 0.005439 0.061466 0.007229 0.001272 0.027492 0.001687 0.086669 0.056639 0.634725 0.055309 0.000017 0.000030 0.000034 0.000082 0.000031 0.000079 0.000063 0.000121 0.000773 0.000058 0.000253 0.000022 0.000056 0.000039 0.000048 0.000187 0.000019 0.000037 0.000212 0.000596 0.000044 0.000266 0.001669 0.000851 0.003481 0.003845 0.014579 0.000490 0.000016 0.000035 0.000065 0.001934 0.000383 0.002032 0.000382 0.000287 0.000559 0.001789 0.000375 0.002215 0.000014 0.000043 0.000077 0.005453 0.001255 0.000241 0.000834 0.000288 0.000047 0.000017 0.000288 0.000216 0.000780 0.000292 0.000970 0.000426 0.001516 0.002961 0.002070 0.005506 0.000565 0.000960 0.000558 0.001405 0.000433 0.000589 0.001350 0.000401 0.001896 0.011678 0.000457 0.009961 0.006902 0.032033 0.000609 0.019620 0.067070 0.003834 0.000145 0.000686 0.021737 0.003896 0.000311 0.001138 0.009331 0.018004 0.005000 0.000827 0.000605 0.037754 0.001430 0.006941 0.033518 0.007359 0.014390 0.001191 0.000242 0.000131 0.000544 0.000322 0.000027 0.000040 0.000317 0.000290 0.000775 0.000257 0.000702 0.000000 0.000009 0.004308 0.005183 0.041956 0.002261 0.105080 0.033414 0.042879 0.000545 0.000025 0.018833 0.005484 0.006830 0.002366 0.001155 0.009725 0.000283 0.000315 0.001751 0.001830 0.001351 0.004985 0.007216 0.007716 0.006977 0.340900 0.142247 0.080909 0.016648 0.090193 0.192858 0.005483 0.017037 0.000345 0.041934 0.020193 0.018667 0.112469 0.000000 0.237059 0.076453
0.008228 0.009701 0.023091 0.000383 0.021549 1.349563 0.147305 0.280066 0.011858 0.194518 0.066533 0.056358 0.252863 0.000095 0.000170 0.000198 0.000232 0.000026 0.000006 0.000020 0.000417 0.009021 0.026586 0.029502 0.005128 0.000717 0.000430 0.002265 0.008536 0.005357 0.003737 0.003568 0.002970 0.004573 0.005239 0.003500 0.002411 0.008309 0.012260 0.044452 0.080796 0.022351 0.005325 0.005374 0.006850 0.012098 0.013366 0.006791 0.004335 0.024695 0.032887 0.025824 0.003094 0.016234 0.001139 0.000757 0.006567 0.001754 0.015656 0.010186 0.072131 0.018434 0.000040 0.000071 0.000059 0.000208 0.000027 0.000076 0.000125 0.000958 0.016720 0.000208 0.000719 0.000236 0.000729 0.000173 0.000182 0.000682 0.000088 0.000132 0.001182 0.006698 0.000180 0.000648 0.003692 0.007579 0.029216 0.003705 0.025693 0.000236 0.000047 0.000139 0.000262 0.002519 0.003132 0.001283 0.001020 0.001246 0.003135 0.004147 0.001395 0.001402 0.000051 0.000128 0.000371 0.006017 0.004402 0.000170 0.001053 0.000657 0.000098 0.000057 0.000640 0.000535 0.004256 0.000521 0.001305 0.001259 0.042801 0.107008 0.029313 0.208231 0.002537 0.011239 0.013561 0.055078 0.003159 0.005020 0.010743 0.006501 0.018554 0.238156 0.002587 0.021419 0.070103 0.214720 0.003524 0.019676 0.071637 0.001476 0.000566 0.005406 0.018403 0.049751 0.002222 0.010359 0.047253 0.009822 0.023853 0.003457 0.003172 0.074355 0.003337 0.002747 0.032631 0.002512 0.008281 0.002035 0.000756 0.000477 0.002509 0.001349 0.000022 0.000032 0.000211 0.000122 0.000423 0.000245 0.000422 0.000001 0.000008 0.001379 0.000849 0.006689 0.000467 0.011175 0.005631 0.004811 0.000040 0.000029 0.000418 0.007886 0.001560 0.002732 0.001159 0.005300 0.000341 0.000193 0.002043 0.002093 0.001770 0.004328 0.006049 0.019716 0.014645 0.011926 0.141074 0.031304 0.013915 0.029900 0.067896 0.005161 0.002525 0.000045 0.033054 0.014981 0.032075 0.108717 0.237059 0.000000 0.206706
0.003824 0.006119 0.016128 0.000223 0.018365 0.753731 0.077291 0.146595 0.004299 0.255514 0.089174 0.049727 0.145525 0.000265 0.000633 0.000953 0.000737 0.000041 0.000014 0.000051 0.001270 0.007232 0.027393 0.043343 0.001507 0.000127 0.000195 0.003798 0.017686 0.010333 0.003550 0.002450 0.001765 0.002776 0.003178 0.002493 0.001847 0.004992 0.009591 0.056694 0.141970 0.060756 0.012466 0.005043 0.006303 0.011193 0.012175 0.006372 0.004506 0.023419 0.033318 0.011299 0.002348 0.013220 0.001238 0.000760 0.006702 0.001676 0.007619 0.011023 0.071296 0.011200 0.000135 0.000241 0.000233 0.000599 0.000093 0.000272 0.000595 0.000806 0.008247 0.000765 0.001561 0.000141 0.000465 0.000290 0.000285 0.002503 0.000304 0.000455 0.003186 0.002018 0.000686 0.000709 0.000774 0.009427 0.007018 0.000627 0.004606 0.000202 0.000135 0.000291 0.000728 0.000445 0.000852 0.000193 0.005180 0.004415 0.004856 0.000789 0.004416 0.000228 0.000177 0.000416 0.000834 0.000925 0.000931 0.000060 0.000180 0.002567 0.000235 0.000134 0.001386 0.001745 0.009884 0.001909 0.005345 0.005894 0.056419 0.140775 0.173443 0.284724 0.009497 0.016286 0.007369 0.048467 0.003329 0.005581 0.033161 0.029663 0.084691 0.073181 0.011419 0.007322 0.179681 0.039731 0.009435 0.003512 0.012443 0.001155 0.000574 0.014679 0.003375 0.014990 0.002252 0.013478 0.012042 0.001398 0.038372 0.011114 0.005126 0.012008 0.007116 0.000415 0.004603 0.000513 0.001527 0.007533 0.001100 0.000957 0.004560 0.002825 0.000081 0.000057 0.000360 0.000187 0.000606 0.000325 0.000948 0.000002 0.000007 0.001890 0.001417 0.009859 0.001440 0.011557 0.006286 0.009326 0.000044 0.000081 0.000530 0.016480 0.000839 0.011061 0.001670 0.006781 0.002108 0.000350 0.005835 0.008860 0.005222 0.008183 0.004436 0.011752 0.037850 0.004601 0.213004 0.009265 0.058028 0.014360 0.046300 0.046137 0.001616 0.000012 0.040584 0.036281 0.037245 0.076114 0.076453 0.206706 0.000000
